3005 2985 2958 2929 2903 2882 2868 2861 2863 2875 2886 2883 2864 2829 2793 2764 2745 2733 2727 2721 2718 2715 2711 2706 2698 2691 2683 2672 2660 2649 2644 2645 2646 2643 2635 2625 2618 2606 2586 2550 2498 2456 2426 2401 2377 2346 2316 2293 2278 2274 2266 2250 2227 2201 2182 2168 2153 2140 2123 2107 2092 2080 2073 2067 2063 2059 2055 2055 2058 2063 2068 2074 2079 2085 2093 2102 2111 2118 2125 2133 2139 2146 2158 2172 2190 2208 2227 2248 2261 2269 2274 2275 2272 2265 2256 2245 2234 2221 2206 2189 2170 2154 2140 2124 2114 2107 2103 2097 2086 2076 2063 2050 2036 2021 2009 2000 1991 1979 1959 1936 1914 1891 1872 1855 1838 1826 1818 1815 1815 1814 1813 1810 1807 1805 1804 1803 1802 1801 1800 1800 1799 1802 1806 1811 1815 1818 1820 1822 1822 1819 1815 1813 1817 1825 1833 1839 1841 1846 1859 1873 1883 1889 1893 1902 1913 1928 1942 1951 1958 1968 1981 1993 1997 1996 1996 1997 1997 1996 1994 1996 2003 2015 2025 2027 2026 2025 2023 2015 2002 1985 1970 1958 1944 1932 1920 1909 1895 1876 1858 1840 1821 1800 1777 1758 1743 1725 1708 1694 1688 1687 1688 1688 1688 1689 1689 1689 1689 1689 1688 1687 1687 1686 1686 1686 1686 1688 1694 1701 1713 1731 1753 1778 1793 1807 1830 1861 1900 1935 1959 1981 2000 2024 2047 2073 2105 2133 2155 2174 2187 2201 2218 2236 2253 2264 2270 2273
2999 2976 2942 2907 2877 2858 2846 2845 2853 2866 2878 2876 2855 2820 2786 2760 2743 2731 2722 2713 2707 2701 2694 2687 2678 2669 2660 2648 2635 2624 2620 2620 2620 2618 2612 2604 2595 2582 2563 2530 2480 2438 2406 2381 2356 2323 2291 2263 2243 2236 2229 2217 2197 2174 2156 2143 2129 2117 2102 2089 2079 2071 2067 2064 2062 2061 2060 2062 2069 2078 2087 2096 2101 2107 2115 2123 2130 2138 2146 2158 2168 2177 2190 2204 2224 2246 2268 2287 2300 2308 2313 2313 2309 2302 2292 2281 2267 2250 2232 2215 2197 2180 2163 2147 2136 2131 2129 2129 2126 2120 2109 2092 2074 2058 2048 2045 2038 2023 1997 1972 1950 1926 1904 1881 1857 1840 1828 1821 1818 1816 1814 1810 1807 1805 1804 1803 1802 1799 1797 1795 1793 1793 1795 1799 1802 1806 1809 1810 1809 1806 1803 1801 1803 1808 1814 1817 1817 1821 1836 1852 1865 1870 1871 1876 1886 1901 1918 1926 1930 1937 1948 1961 1969 1973 1975 1974 1971 1966 1962 1962 1969 1980 1988 1990 1987 1985 1984 1979 1970 1957 1946 1935 1921 1908 1894 1881 1868 1851 1835 1816 1795 1776 1756 1740 1726 1712 1701 1692 1688 1688 1689 1689 1688 1689 1689 1688 1689 1689 1688 1687 1686 1686 1686 1686 1686 1689 1695 1702 1715 1733 1755 1781 1798 1815 1842 1877 1917 1950 1976 2002 2024 2048 2070 2092 2122 2150 2174 2194 2207 2223 2241 2260 2277 2286 2291 2293
2981 2953 2913 2872 2843 2827 2818 2819 2827 2841 2857 2864 2850 2821 2789 2764 2746 2730 2716 2702 2691 2680 2670 2661 2649 2639 2627 2613 2601 2593 2589 2588 2585 2583 2580 2576 2567 2552 2534 2504 2459 2416 2380 2352 2327 2295 2263 2234 2209 2199 2192 2181 2165 2144 2129 2119 2109 2099 2088 2079 2073 2068 2065 2065 2065 2067 2071 2079 2090 2104 2116 2126 2131 2137 2145 2151 2156 2163 2173 2187 2203 2218 2232 2242 2258 2283 2307 2325 2337 2347 2355 2356 2351 2343 2334 2322 2308 2288 2265 2245 2226 2209 2192 2178 2166 2159 2159 2165 2171 2170 2159 2142 2120 2102 2096 2098 2094 2076 2046 2020 1998 1973 1949 1921 1892 1871 1856 1842 1832 1826 1821 1816 1813 1811 1808 1807 1804 1800 1796 1792 1789 1788 1787 1789 1793 1796 1798 1799 1797 1794 1791 1789 1789 1791 1793 1794 1792 1797 1811 1830 1844 1849 1848 1849 1856 1872 1890 1899 1900 1903 1913 1926 1938 1945 1949 1946 1940 1935 1932 1932 1938 1946 1952 1952 1946 1942 1940 1936 1931 1923 1915 1905 1892 1878 1863 1849 1836 1821 1805 1787 1769 1753 1737 1723 1712 1702 1696 1691 1689 1689 1690 1689 1688 1689 1689 1688 1689 1689 1687 1686 1686 1687 1687 1686 1687 1691 1698 1707 1722 1741 1763 1788 1807 1828 1859 1894 1932 1964 1995 2031 2059 2081 2099 2115 2139 2164 2188 2211 2229 2248 2267 2286 2302 2310 2314 2314
2959 2928 2885 2841 2813 2799 2792 2792 2798 2810 2830 2846 2846 2826 2797 2771 2749 2728 2710 2691 2676 2661 2645 2632 2619 2607 2594 2581 2571 2564 2561 2560 2556 2554 2552 2548 2538 2521 2503 2477 2436 2393 2353 2321 2297 2267 2238 2210 2185 2171 2162 2152 2138 2120 2108 2101 2095 2089 2082 2077 2072 2069 2068 2070 2074 2080 2089 2102 2117 2133 2146 2155 2161 2167 2176 2181 2184 2190 2199 2216 2238 2259 2275 2282 2293 2316 2340 2358 2371 2383 2393 2395 2389 2382 2374 2362 2349 2327 2297 2272 2252 2234 2218 2205 2195 2188 2190 2201 2213 2217 2209 2193 2171 2154 2150 2154 2148 2129 2098 2072 2050 2025 1999 1968 1934 1910 1891 1871 1855 1844 1838 1832 1826 1821 1816 1811 1807 1802 1796 1792 1789 1787 1785 1784 1785 1787 1788 1787 1786 1784 1782 1780 1779 1780 1780 1778 1776 1781 1793 1809 1822 1829 1828 1827 1831 1845 1865 1874 1875 1877 1886 1900 1913 1921 1924 1920 1913 1908 1907 1908 1913 1919 1922 1919 1911 1905 1900 1896 1892 1889 1883 1875 1862 1849 1835 1820 1807 1793 1778 1762 1747 1734 1723 1712 1703 1697 1694 1692 1690 1690 1690 1690 1689 1689 1689 1689 1689 1688 1686 1686 1687 1688 1688 1687 1689 1694 1703 1715 1731 1752 1773 1797 1819 1844 1878 1911 1946 1979 2017 2062 2094 2114 2127 2137 2153 2173 2197 2222 2244 2266 2286 2304 2320 2328 2331 2330
2942 2910 2868 2827 2799 2785 2776 2773 2775 2784 2804 2826 2836 2826 2800 2771 2745 2720 2700 2679 2661 2642 2619 2602 2586 2574 2562 2550 2543 2538 2535 2534 2533 2531 2528 2519 2505 2485 2468 2445 2408 2364 2322 2291 2268 2240 2214 2188 2165 2151 2141 2130 2118 2103 2094 2090 2086 2083 2080 2077 2073 2071 2074 2081 2090 2100 2115 2131 2147 2163 2174 2183 2189 2197 2208 2214 2217 2221 2229 2248 2275 2301 2320 2328 2337 2356 2379 2401 2417 2429 2440 2439 2431 2424 2418 2404 2392 2369 2330 2296 2274 2255 2239 2228 2222 2222 2228 2242 2257 2266 2264 2253 2234 2220 2217 2217 2205 2184 2157 2129 2106 2080 2054 2020 1980 1950 1926 1904 1885 1871 1864 1858 1849 1838 1827 1819 1813 1807 1801 1797 1796 1794 1789 1784 1781 1779 1778 1777 1777 1776 1774 1774 1775 1775 1774 1771 1769 1772 1779 1789 1799 1805 1806 1805 1807 1818 1837 1848 1851 1855 1866 1882 1892 1896 1898 1894 1887 1883 1883 1885 1887 1889 1890 1886 1878 1870 1864 1857 1853 1851 1848 1843 1831 1820 1807 1795 1783 1769 1755 1741 1729 1720 1712 1703 1697 1694 1694 1693 1691 1691 1691 1691 1690 1690 1689 1689 1689 1688 1687 1687 1688 1689 1689 1689 1693 1700 1712 1726 1744 1764 1784 1810 1836 1866 1902 1933 1969 2004 2045 2092 2126 2146 2157 2162 2172 2186 2207 2232 2255 2278 2298 2317 2334 2341 2342 2341
2926 2896 2859 2824 2797 2781 2768 2761 2757 2761 2777 2799 2815 2812 2790 2761 2732 2705 2684 2664 2644 2620 2593 2571 2554 2541 2531 2523 2517 2512 2508 2508 2508 2508 2502 2487 2468 2446 2429 2408 2372 2331 2291 2262 2241 2214 2191 2169 2149 2136 2125 2114 2103 2092 2086 2084 2082 2083 2083 2082 2080 2082 2087 2099 2113 2129 2147 2165 2181 2195 2203 2211 2219 2229 2242 2250 2252 2256 2263 2282 2312 2341 2363 2375 2387 2403 2426 2453 2474 2489 2498 2495 2483 2477 2469 2450 2436 2413 2367 2324 2295 2276 2261 2251 2250 2258 2270 2287 2307 2321 2325 2319 2306 2293 2288 2279 2258 2237 2213 2186 2161 2133 2109 2076 2032 1994 1963 1939 1920 1904 1896 1888 1875 1860 1844 1832 1826 1820 1814 1810 1810 1809 1802 1792 1782 1776 1774 1772 1773 1773 1771 1770 1771 1772 1771 1769 1767 1767 1770 1773 1778 1783 1786 1786 1787 1794 1810 1822 1828 1835 1849 1865 1872 1870 1870 1868 1862 1859 1859 1860 1860 1857 1855 1852 1844 1837 1830 1820 1814 1812 1812 1809 1800 1792 1782 1773 1762 1749 1737 1726 1716 1710 1704 1698 1694 1693 1694 1693 1692 1691 1691 1692 1691 1690 1689 1689 1688 1688 1688 1688 1689 1690 1689 1691 1698 1711 1727 1744 1763 1783 1805 1831 1861 1895 1929 1962 2001 2040 2081 2124 2155 2176 2188 2192 2199 2209 2226 2248 2268 2288 2308 2328 2345 2352 2353 2352
2903 2876 2848 2820 2796 2777 2760 2748 2740 2738 2749 2767 2784 2785 2769 2744 2717 2692 2673 2651 2629 2601 2571 2549 2532 2519 2509 2501 2496 2490 2484 2483 2484 2483 2474 2456 2435 2413 2393 2371 2339 2303 2268 2240 2218 2194 2174 2156 2139 2126 2114 2104 2095 2087 2082 2081 2082 2085 2088 2091 2095 2102 2108 2119 2136 2157 2180 2199 2212 2223 2230 2238 2247 2259 2273 2280 2282 2285 2292 2313 2342 2370 2394 2412 2430 2447 2469 2498 2524 2544 2555 2552 2540 2531 2518 2492 2475 2451 2407 2357 2315 2293 2284 2275 2274 2284 2301 2326 2353 2373 2380 2378 2367 2351 2338 2323 2296 2275 2254 2229 2204 2176 2153 2124 2081 2037 1997 1969 1951 1932 1921 1910 1895 1878 1862 1850 1844 1838 1833 1827 1826 1825 1818 1804 1789 1779 1774 1773 1775 1775 1772 1767 1765 1766 1767 1766 1765 1765 1767 1767 1768 1772 1775 1775 1775 1779 1792 1802 1810 1820 1835 1850 1853 1847 1847 1847 1845 1843 1843 1841 1838 1833 1829 1826 1820 1813 1803 1792 1784 1781 1781 1780 1775 1770 1764 1756 1746 1734 1724 1716 1709 1704 1700 1697 1694 1694 1694 1693 1692 1691 1691 1692 1691 1690 1689 1688 1688 1688 1688 1689 1690 1689 1687 1690 1702 1721 1744 1765 1786 1809 1831 1859 1889 1922 1956 1989 2033 2075 2114 2150 2177 2199 2213 2220 2228 2237 2252 2269 2283 2298 2316 2335 2353 2360 2361 2363
2869 2849 2828 2806 2785 2766 2747 2731 2719 2714 2719 2729 2742 2746 2736 2719 2697 2676 2657 2634 2608 2577 2549 2529 2513 2498 2487 2478 2473 2465 2456 2451 2450 2446 2435 2418 2398 2374 2350 2327 2300 2273 2244 2217 2195 2173 2156 2142 2127 2116 2105 2096 2090 2086 2084 2085 2089 2094 2101 2110 2121 2134 2140 2148 2167 2193 2219 2237 2247 2256 2262 2271 2281 2294 2306 2313 2314 2315 2324 2346 2371 2396 2423 2448 2474 2497 2521 2551 2582 2608 2622 2619 2605 2590 2569 2535 2511 2487 2450 2396 2340 2316 2313 2307 2304 2313 2337 2373 2411 2433 2440 2441 2428 2404 2382 2360 2333 2310 2290 2269 2245 2216 2194 2170 2130 2083 2036 2003 1983 1962 1946 1930 1914 1901 1889 1881 1875 1871 1864 1857 1854 1852 1845 1830 1812 1798 1791 1788 1789 1788 1782 1771 1763 1763 1765 1764 1763 1763 1765 1765 1765 1767 1768 1767 1766 1768 1777 1784 1792 1803 1817 1829 1829 1823 1824 1827 1827 1827 1825 1821 1815 1808 1804 1801 1795 1787 1777 1765 1757 1755 1754 1753 1750 1749 1747 1740 1731 1721 1713 1707 1702 1699 1697 1696 1695 1693 1693 1692 1691 1690 1690 1691 1691 1690 1688 1688 1687 1687 1688 1690 1690 1689 1687 1692 1710 1738 1768 1793 1818 1844 1869 1896 1924 1955 1986 2022 2069 2112 2147 2178 2201 2222 2239 2250 2262 2275 2288 2300 2308 2318 2333 2351 2367 2374 2377 2381
2842 2826 2810 2790 2772 2753 2734 2718 2705 2699 2699 2702 2709 2713 2707 2695 2677 2658 2640 2616 2587 2555 2530 2513 2499 2484 2471 2462 2454 2444 2432 2424 2419 2413 2402 2385 2364 2337 2311 2289 2266 2244 2219 2195 2175 2157 2142 2129 2116 2106 2097 2091 2090 2091 2092 2095 2100 2107 2117 2132 2148 2162 2168 2177 2199 2227 2252 2269 2278 2286 2292 2300 2311 2323 2335 2341 2340 2341 2349 2370 2393 2418 2449 2479 2511 2539 2565 2599 2638 2671 2685 2678 2659 2634 2604 2564 2533 2506 2473 2423 2364 2340 2338 2334 2330 2339 2370 2416 2461 2483 2488 2488 2475 2446 2416 2388 2361 2339 2317 2296 2272 2242 2220 2197 2162 2119 2071 2036 2013 1990 1970 1951 1934 1925 1919 1914 1910 1905 1898 1890 1885 1884 1879 1866 1848 1833 1824 1817 1813 1808 1798 1782 1769 1766 1767 1764 1759 1755 1756 1758 1759 1760 1761 1760 1760 1763 1769 1774 1781 1792 1805 1813 1811 1806 1808 1812 1814 1814 1811 1805 1798 1790 1785 1781 1776 1769 1758 1748 1741 1738 1737 1736 1735 1735 1734 1729 1722 1714 1708 1704 1701 1699 1697 1697 1695 1693 1692 1692 1690 1690 1690 1690 1690 1690 1689 1687 1687 1686 1687 1689 1690 1688 1687 1697 1722 1757 1792 1819 1847 1876 1904 1932 1956 1982 2013 2051 2098 2140 2171 2198 2218 2240 2258 2273 2290 2304 2316 2325 2331 2339 2353 2369 2383 2390 2394 2399
2818 2803 2788 2768 2750 2734 2717 2703 2692 2686 2684 2683 2685 2686 2681 2670 2653 2634 2615 2591 2562 2531 2507 2492 2479 2465 2453 2441 2431 2419 2405 2394 2384 2376 2365 2349 2324 2293 2267 2249 2229 2209 2186 2167 2152 2138 2127 2116 2105 2097 2092 2092 2096 2104 2110 2115 2122 2129 2143 2162 2178 2189 2197 2214 2241 2269 2290 2304 2314 2322 2327 2335 2344 2356 2367 2372 2370 2370 2376 2395 2417 2445 2482 2517 2551 2580 2611 2655 2702 2739 2748 2733 2703 2666 2627 2585 2549 2515 2483 2441 2391 2368 2365 2364 2363 2377 2418 2471 2516 2534 2535 2534 2521 2491 2455 2423 2396 2374 2351 2326 2300 2269 2244 2219 2186 2150 2108 2074 2048 2023 2002 1982 1966 1959 1958 1957 1954 1948 1941 1934 1929 1928 1927 1918 1903 1889 1876 1862 1851 1840 1825 1808 1792 1784 1780 1773 1761 1750 1746 1747 1749 1751 1752 1753 1755 1758 1762 1766 1772 1782 1793 1799 1796 1791 1793 1798 1799 1798 1794 1789 1781 1773 1766 1761 1757 1750 1741 1733 1728 1725 1724 1723 1722 1723 1722 1718 1713 1708 1705 1702 1700 1699 1697 1696 1695 1693 1692 1692 1691 1690 1690 1690 1690 1690 1689 1688 1687 1687 1687 1689 1691 1690 1693 1709 1742 1783 1821 1848 1875 1907 1939 1969 1989 2011 2042 2081 2126 2164 2192 2218 2238 2260 2280 2298 2316 2331 2342 2350 2356 2367 2382 2397 2409 2414 2418 2424
2798 2784 2768 2747 2729 2714 2700 2690 2682 2676 2672 2669 2668 2665 2658 2646 2627 2606 2586 2562 2535 2508 2487 2473 2459 2447 2434 2421 2410 2397 2381 2366 2351 2341 2330 2312 2284 2252 2229 2214 2197 2178 2157 2142 2133 2123 2115 2106 2100 2096 2097 2103 2113 2125 2136 2145 2153 2161 2176 2193 2206 2215 2229 2256 2288 2312 2328 2340 2351 2358 2363 2368 2374 2383 2392 2397 2395 2394 2397 2412 2432 2463 2504 2545 2585 2618 2656 2709 2759 2789 2789 2764 2725 2678 2634 2592 2556 2517 2482 2446 2410 2392 2387 2389 2395 2420 2472 2528 2567 2577 2573 2568 2554 2526 2489 2456 2428 2407 2383 2354 2325 2292 2262 2233 2201 2171 2137 2104 2076 2051 2031 2013 1999 1994 1995 1999 2000 1994 1988 1982 1977 1976 1976 1970 1959 1946 1931 1911 1894 1879 1860 1842 1826 1813 1805 1794 1776 1758 1748 1745 1745 1746 1746 1747 1750 1753 1757 1760 1765 1773 1782 1787 1785 1781 1782 1784 1783 1781 1778 1774 1768 1760 1752 1747 1742 1737 1730 1725 1721 1719 1717 1717 1715 1715 1714 1712 1709 1706 1704 1702 1701 1700 1698 1696 1694 1692 1692 1692 1691 1690 1690 1690 1691 1691 1690 1689 1689 1688 1688 1690 1692 1695 1705 1732 1772 1814 1850 1875 1901 1935 1970 2002 2020 2040 2072 2108 2147 2180 2205 2231 2254 2278 2299 2318 2337 2353 2365 2376 2385 2399 2416 2431 2440 2443 2445 2451
2778 2764 2748 2728 2710 2697 2685 2677 2669 2663 2658 2653 2649 2643 2633 2618 2597 2575 2554 2530 2506 2484 2468 2456 2441 2427 2414 2400 2389 2376 2358 2339 2318 2305 2292 2271 2244 2215 2197 2184 2168 2153 2137 2126 2119 2112 2107 2102 2102 2106 2115 2127 2140 2154 2167 2179 2191 2202 2213 2224 2233 2247 2271 2306 2337 2357 2370 2381 2391 2396 2398 2401 2402 2407 2413 2417 2417 2415 2415 2425 2441 2470 2514 2562 2613 2655 2703 2761 2803 2816 2802 2771 2731 2679 2633 2593 2560 2522 2483 2447 2419 2407 2406 2413 2428 2466 2530 2587 2614 2615 2606 2595 2578 2551 2518 2487 2458 2437 2413 2383 2352 2317 2283 2248 2215 2186 2156 2125 2097 2072 2053 2039 2030 2027 2029 2039 2047 2045 2039 2033 2027 2025 2023 2018 2008 1994 1978 1958 1939 1920 1900 1882 1866 1852 1840 1826 1807 1786 1769 1760 1754 1751 1747 1744 1746 1750 1753 1755 1758 1764 1771 1775 1774 1771 1771 1771 1768 1766 1764 1761 1756 1750 1743 1737 1732 1727 1721 1719 1717 1715 1713 1713 1711 1711 1711 1709 1707 1706 1704 1703 1701 1700 1698 1696 1693 1692 1692 1692 1692 1691 1690 1690 1691 1691 1691 1691 1691 1691 1692 1692 1693 1701 1724 1764 1808 1847 1881 1902 1927 1964 2002 2035 2053 2071 2103 2135 2166 2190 2213 2240 2266 2293 2318 2337 2358 2377 2394 2409 2422 2437 2453 2466 2473 2473 2474 2479
2755 2740 2724 2705 2689 2677 2666 2658 2651 2643 2636 2630 2625 2617 2604 2587 2566 2543 2522 2499 2478 2461 2448 2437 2421 2404 2388 2373 2363 2350 2330 2307 2282 2265 2251 2228 2205 2183 2169 2158 2144 2133 2123 2115 2109 2106 2104 2105 2113 2126 2143 2160 2175 2190 2204 2220 2237 2248 2256 2260 2268 2289 2324 2363 2390 2406 2418 2426 2433 2436 2435 2434 2432 2432 2434 2439 2442 2441 2438 2442 2453 2477 2520 2574 2636 2689 2745 2804 2832 2827 2801 2767 2727 2675 2628 2592 2565 2531 2489 2451 2426 2421 2426 2440 2468 2522 2595 2646 2659 2652 2638 2620 2598 2570 2543 2515 2484 2462 2439 2410 2379 2342 2306 2269 2232 2201 2168 2138 2111 2088 2071 2062 2061 2064 2069 2085 2099 2101 2095 2086 2079 2075 2071 2067 2056 2037 2019 2002 1987 1971 1949 1931 1916 1899 1886 1872 1855 1835 1814 1797 1782 1773 1764 1752 1749 1751 1752 1752 1753 1756 1760 1763 1764 1763 1760 1758 1756 1754 1752 1749 1746 1741 1736 1730 1725 1720 1716 1714 1713 1711 1710 1709 1708 1709 1709 1709 1707 1706 1704 1703 1701 1700 1698 1695 1693 1692 1692 1692 1692 1691 1691 1691 1691 1692 1692 1693 1694 1695 1698 1697 1700 1716 1751 1800 1846 1881 1911 1928 1953 1990 2030 2064 2083 2103 2135 2163 2186 2205 2224 2252 2282 2313 2340 2362 2385 2407 2429 2449 2463 2477 2491 2502 2507 2507 2507 2511
2734 2716 2698 2680 2666 2656 2646 2639 2631 2621 2614 2607 2602 2594 2581 2564 2542 2520 2498 2476 2460 2446 2434 2422 2403 2383 2364 2347 2337 2324 2303 2276 2248 2229 2214 2194 2177 2161 2149 2139 2127 2119 2113 2107 2103 2103 2105 2113 2130 2150 2173 2193 2208 2225 2242 2260 2278 2287 2293 2296 2306 2332 2370 2410 2436 2447 2456 2462 2466 2467 2465 2461 2456 2453 2455 2461 2467 2468 2463 2461 2464 2483 2526 2582 2649 2709 2769 2827 2846 2831 2801 2767 2725 2671 2624 2590 2568 2537 2496 2459 2437 2434 2443 2462 2508 2581 2654 2692 2692 2679 2662 2636 2608 2579 2556 2532 2501 2477 2454 2426 2396 2359 2324 2288 2250 2213 2175 2143 2117 2095 2082 2079 2089 2100 2110 2129 2146 2149 2141 2129 2118 2112 2109 2108 2097 2072 2047 2032 2030 2024 2001 1981 1963 1943 1929 1917 1904 1886 1865 1844 1823 1808 1792 1772 1761 1757 1754 1751 1749 1751 1754 1756 1756 1754 1751 1749 1748 1746 1743 1740 1738 1735 1731 1727 1722 1718 1715 1713 1712 1711 1710 1709 1708 1709 1709 1709 1707 1706 1704 1702 1701 1700 1698 1695 1693 1692 1692 1692 1692 1691 1691 1690 1691 1691 1692 1694 1697 1699 1702 1705 1717 1742 1781 1830 1874 1906 1933 1948 1971 2006 2045 2081 2104 2126 2158 2186 2207 2223 2240 2266 2299 2335 2366 2389 2413 2438 2463 2484 2497 2510 2522 2531 2536 2537 2538 2541
2710 2686 2664 2645 2633 2625 2617 2610 2602 2592 2584 2577 2573 2566 2553 2539 2520 2498 2476 2456 2442 2429 2415 2400 2379 2357 2334 2313 2302 2289 2267 2239 2211 2191 2177 2163 2152 2141 2132 2123 2115 2109 2105 2102 2102 2106 2114 2128 2151 2178 2204 2224 2240 2259 2280 2301 2317 2324 2330 2340 2356 2383 2419 2457 2482 2491 2495 2496 2498 2498 2495 2490 2484 2483 2486 2494 2503 2507 2502 2495 2492 2507 2548 2601 2663 2721 2779 2831 2846 2831 2807 2774 2728 2671 2624 2594 2572 2543 2507 2477 2461 2459 2468 2494 2559 2648 2711 2731 2721 2705 2687 2654 2622 2591 2568 2545 2516 2490 2463 2436 2408 2373 2342 2308 2269 2228 2184 2149 2124 2104 2095 2100 2124 2147 2165 2185 2199 2200 2190 2177 2163 2157 2157 2161 2150 2118 2084 2069 2081 2087 2063 2039 2019 1994 1978 1969 1957 1941 1922 1900 1876 1857 1835 1806 1787 1776 1766 1759 1753 1752 1754 1755 1754 1750 1748 1748 1747 1744 1740 1736 1732 1729 1727 1723 1720 1717 1715 1712 1711 1710 1709 1708 1708 1708 1708 1708 1706 1704 1702 1702 1701 1700 1698 1695 1694 1693 1693 1692 1691 1691 1690 1690 1690 1692 1693 1696 1700 1703 1707 1717 1740 1773 1811 1852 1892 1924 1951 1967 1988 2020 2057 2095 2121 2146 2179 2208 2231 2248 2264 2289 2321 2360 2395 2420 2446 2472 2498 2516 2526 2537 2548 2557 2563 2565 2568 2571
2691 2661 2634 2612 2600 2594 2587 2582 2574 2565 2556 2550 2546 2541 2531 2519 2501 2481 2461 2442 2428 2413 2395 2378 2356 2331 2306 2281 2268 2255 2234 2208 2183 2166 2155 2145 2138 2129 2121 2114 2109 2106 2105 2105 2108 2115 2125 2143 2169 2197 2224 2244 2260 2282 2306 2330 2347 2354 2364 2381 2405 2433 2468 2503 2524 2530 2527 2523 2521 2518 2515 2511 2508 2510 2516 2526 2536 2543 2540 2534 2532 2545 2580 2624 2676 2729 2776 2815 2826 2817 2799 2769 2722 2667 2625 2596 2575 2547 2516 2494 2485 2482 2492 2527 2607 2704 2754 2758 2743 2726 2707 2674 2640 2606 2579 2554 2525 2498 2469 2441 2415 2383 2353 2319 2279 2236 2190 2154 2129 2112 2109 2124 2157 2190 2215 2237 2247 2242 2230 2218 2206 2203 2207 2215 2204 2169 2131 2113 2126 2134 2110 2087 2068 2042 2025 2014 2002 1985 1967 1946 1921 1901 1875 1840 1816 1803 1790 1779 1767 1761 1761 1760 1758 1754 1754 1755 1754 1751 1745 1738 1732 1727 1723 1721 1719 1718 1716 1713 1711 1710 1710 1709 1709 1708 1708 1707 1706 1703 1702 1702 1702 1700 1697 1695 1694 1694 1693 1692 1691 1691 1690 1690 1690 1692 1694 1697 1703 1706 1711 1727 1759 1798 1832 1863 1897 1931 1961 1981 2003 2032 2066 2103 2131 2159 2192 2221 2248 2269 2287 2312 2343 2382 2418 2445 2472 2499 2523 2538 2547 2557 2567 2576 2582 2585 2587 2589
2671 2637 2605 2579 2564 2557 2551 2548 2543 2534 2526 2519 2515 2511 2504 2494 2478 2459 2441 2423 2408 2391 2369 2350 2328 2302 2273 2246 2231 2219 2200 2179 2160 2148 2140 2133 2126 2119 2113 2110 2109 2110 2113 2118 2124 2133 2144 2161 2187 2214 2240 2259 2275 2298 2324 2352 2372 2383 2398 2421 2451 2485 2520 2552 2569 2568 2560 2550 2544 2538 2534 2534 2536 2541 2551 2562 2573 2582 2584 2584 2587 2599 2623 2655 2695 2737 2769 2787 2792 2787 2774 2747 2705 2659 2624 2598 2578 2552 2526 2512 2511 2511 2526 2570 2657 2750 2788 2781 2764 2745 2727 2697 2664 2629 2595 2566 2536 2508 2478 2449 2423 2391 2360 2323 2279 2238 2196 2163 2138 2124 2130 2156 2196 2234 2264 2289 2297 2288 2274 2267 2261 2264 2272 2280 2269 2237 2200 2177 2176 2174 2151 2135 2120 2097 2079 2064 2047 2027 2006 1983 1958 1940 1913 1874 1851 1840 1828 1813 1794 1782 1776 1773 1771 1770 1771 1772 1770 1766 1758 1748 1738 1728 1722 1719 1718 1718 1716 1713 1712 1711 1711 1710 1709 1708 1707 1707 1706 1703 1702 1702 1702 1700 1697 1696 1695 1695 1694 1692 1691 1691 1691 1690 1690 1693 1696 1700 1705 1709 1716 1735 1769 1811 1842 1868 1898 1933 1969 1994 2019 2048 2079 2114 2144 2172 2203 2229 2257 2282 2306 2332 2361 2397 2431 2460 2490 2517 2539 2553 2562 2572 2583 2592 2596 2597 2597 2598
2655 2618 2582 2552 2534 2525 2518 2515 2511 2505 2498 2491 2486 2482 2477 2468 2453 2437 2422 2404 2387 2366 2341 2320 2299 2273 2244 2216 2201 2189 2174 2159 2147 2139 2134 2128 2122 2117 2115 2115 2119 2123 2129 2138 2146 2157 2169 2186 2209 2231 2253 2271 2286 2306 2332 2360 2386 2403 2424 2450 2482 2519 2554 2581 2594 2591 2582 2571 2561 2553 2551 2555 2562 2571 2584 2596 2608 2622 2630 2636 2646 2659 2673 2692 2719 2745 2757 2756 2755 2753 2743 2721 2687 2654 2627 2603 2584 2561 2539 2530 2537 2543 2566 2620 2701 2775 2799 2787 2771 2752 2735 2711 2684 2650 2613 2579 2546 2518 2487 2457 2430 2398 2363 2321 2274 2235 2200 2170 2147 2137 2149 2183 2227 2269 2305 2332 2340 2329 2316 2315 2317 2326 2337 2341 2328 2299 2266 2239 2221 2207 2190 2181 2172 2154 2135 2113 2089 2062 2035 2011 1988 1972 1947 1910 1889 1881 1870 1853 1829 1810 1799 1794 1794 1796 1797 1797 1792 1787 1779 1766 1752 1737 1727 1721 1719 1719 1716 1713 1712 1711 1711 1710 1709 1707 1707 1707 1706 1704 1703 1703 1702 1700 1697 1696 1696 1695 1693 1692 1692 1692 1691 1691 1692 1696 1699 1702 1707 1712 1720 1738 1771 1811 1842 1868 1897 1933 1973 2003 2031 2062 2093 2126 2156 2185 2212 2235 2262 2289 2316 2345 2372 2403 2436 2466 2497 2524 2544 2558 2567 2577 2588 2595 2597 2597 2596 2596
2640 2601 2565 2534 2512 2499 2489 2485 2482 2477 2472 2465 2459 2454 2449 2440 2428 2416 2403 2386 2365 2341 2314 2293 2269 2244 2218 2195 2180 2168 2157 2147 2139 2134 2129 2126 2124 2124 2125 2130 2138 2145 2152 2161 2172 2187 2202 2219 2238 2255 2270 2285 2297 2314 2334 2360 2388 2412 2439 2465 2495 2531 2561 2583 2595 2596 2592 2584 2574 2567 2566 2574 2585 2598 2612 2625 2642 2662 2676 2687 2700 2713 2723 2733 2744 2750 2745 2731 2725 2725 2717 2702 2679 2654 2633 2613 2595 2574 2557 2552 2564 2577 2610 2673 2739 2783 2789 2774 2760 2744 2727 2709 2690 2662 2629 2593 2555 2524 2493 2464 2437 2402 2365 2320 2269 2231 2201 2175 2155 2149 2162 2198 2246 2295 2336 2364 2372 2364 2355 2358 2367 2381 2391 2389 2372 2343 2312 2283 2258 2242 2233 2230 2224 2210 2191 2165 2132 2097 2064 2039 2017 2003 1982 1951 1931 1920 1908 1890 1863 1840 1826 1820 1823 1827 1827 1823 1816 1809 1801 1789 1774 1755 1738 1728 1723 1720 1717 1713 1711 1710 1710 1710 1709 1707 1707 1707 1706 1704 1703 1703 1702 1700 1697 1697 1696 1694 1693 1692 1692 1692 1692 1692 1695 1700 1703 1704 1708 1713 1723 1739 1767 1805 1836 1866 1898 1934 1974 2005 2036 2069 2101 2136 2167 2197 2223 2245 2269 2294 2319 2347 2373 2403 2435 2466 2497 2523 2542 2557 2565 2573 2581 2586 2586 2586 2586 2588
2618 2580 2545 2516 2492 2475 2461 2454 2451 2447 2443 2436 2429 2423 2417 2409 2399 2390 2380 2363 2340 2314 2288 2265 2241 2218 2197 2179 2166 2155 2146 2140 2135 2131 2127 2127 2131 2137 2144 2153 2164 2173 2181 2190 2202 2223 2243 2261 2278 2289 2298 2307 2315 2326 2338 2357 2385 2414 2443 2468 2494 2524 2548 2566 2581 2590 2595 2593 2587 2585 2588 2599 2614 2629 2643 2659 2680 2705 2721 2730 2740 2751 2758 2762 2759 2747 2729 2711 2703 2702 2697 2689 2675 2657 2640 2625 2608 2591 2579 2579 2594 2616 2661 2726 2772 2784 2772 2754 2743 2727 2710 2693 2681 2662 2636 2601 2560 2524 2494 2466 2439 2402 2363 2316 2266 2229 2201 2178 2162 2160 2173 2208 2261 2315 2360 2389 2399 2398 2393 2397 2409 2425 2431 2423 2401 2373 2344 2315 2293 2283 2281 2282 2275 2262 2243 2214 2176 2135 2098 2072 2052 2037 2020 1996 1975 1957 1942 1924 1899 1877 1862 1856 1859 1862 1860 1853 1843 1835 1827 1816 1800 1778 1757 1741 1731 1726 1720 1715 1711 1709 1709 1709 1709 1708 1707 1706 1705 1704 1703 1703 1701 1700 1698 1697 1695 1693 1692 1692 1692 1692 1692 1694 1699 1705 1707 1707 1711 1717 1727 1741 1764 1796 1829 1863 1899 1935 1972 2002 2034 2068 2103 2143 2176 2206 2230 2250 2271 2291 2311 2336 2361 2391 2423 2454 2484 2509 2527 2542 2550 2557 2563 2566 2567 2568 2572 2577
2594 2558 2527 2498 2475 2456 2440 2431 2425 2422 2418 2411 2403 2396 2390 2383 2375 2367 2357 2339 2316 2290 2266 2245 2221 2201 2184 2169 2158 2148 2142 2138 2134 2131 2130 2134 2141 2151 2163 2175 2188 2196 2204 2214 2231 2255 2279 2299 2314 2320 2323 2327 2330 2335 2340 2353 2379 2409 2438 2460 2479 2503 2522 2542 2562 2580 2592 2597 2599 2603 2612 2626 2643 2659 2675 2692 2715 2738 2750 2753 2757 2763 2766 2763 2750 2729 2706 2689 2681 2680 2679 2677 2670 2658 2645 2633 2619 2604 2598 2601 2619 2651 2703 2764 2793 2785 2762 2742 2730 2713 2691 2672 2661 2647 2628 2597 2555 2519 2489 2461 2434 2394 2353 2307 2260 2226 2198 2178 2165 2166 2182 2219 2273 2326 2371 2401 2417 2424 2423 2427 2436 2448 2449 2438 2416 2391 2366 2342 2324 2318 2319 2318 2307 2291 2271 2242 2206 2166 2128 2101 2080 2064 2049 2028 2005 1982 1963 1947 1930 1914 1903 1895 1894 1894 1891 1883 1872 1862 1852 1840 1823 1801 1779 1760 1746 1736 1727 1719 1714 1709 1708 1708 1708 1707 1706 1705 1704 1703 1703 1702 1701 1699 1698 1696 1695 1693 1692 1691 1692 1692 1692 1697 1703 1709 1710 1710 1715 1723 1733 1744 1763 1791 1820 1855 1892 1929 1966 1996 2028 2063 2101 2146 2183 2210 2230 2244 2261 2277 2294 2315 2338 2368 2400 2430 2459 2481 2498 2513 2523 2531 2539 2543 2547 2551 2559 2568
2558 2527 2499 2470 2448 2431 2415 2404 2396 2391 2387 2380 2372 2365 2360 2356 2349 2341 2329 2310 2289 2267 2246 2227 2206 2189 2174 2160 2150 2143 2140 2138 2136 2137 2140 2148 2157 2170 2184 2198 2212 2220 2229 2244 2265 2292 2318 2339 2353 2356 2354 2352 2351 2350 2349 2357 2378 2406 2434 2454 2469 2487 2506 2529 2555 2576 2593 2603 2613 2626 2642 2661 2682 2700 2717 2737 2757 2772 2774 2769 2764 2761 2755 2745 2726 2703 2682 2668 2662 2661 2663 2665 2662 2656 2648 2640 2627 2617 2617 2626 2649 2688 2741 2791 2809 2793 2764 2741 2725 2705 2679 2654 2639 2624 2608 2580 2542 2507 2477 2449 2420 2380 2338 2295 2255 2225 2200 2183 2173 2177 2199 2241 2293 2340 2381 2412 2434 2446 2448 2449 2453 2456 2453 2442 2425 2406 2387 2369 2356 2350 2348 2343 2328 2306 2285 2260 2232 2198 2163 2136 2113 2095 2078 2056 2031 2006 1985 1973 1964 1957 1948 1937 1929 1924 1920 1914 1903 1890 1876 1860 1842 1821 1800 1781 1764 1750 1736 1726 1718 1711 1707 1706 1707 1707 1705 1704 1702 1701 1701 1701 1699 1698 1697 1696 1695 1693 1692 1691 1691 1691 1693 1699 1707 1712 1713 1715 1722 1731 1741 1753 1769 1792 1815 1845 1879 1917 1956 1988 2021 2054 2093 2141 2181 2205 2217 2224 2237 2253 2270 2288 2308 2335 2366 2395 2422 2442 2458 2474 2486 2498 2511 2520 2528 2535 2546 2559
2525 2498 2470 2442 2421 2406 2392 2381 2370 2365 2360 2353 2345 2339 2335 2333 2328 2320 2308 2291 2272 2252 2232 2215 2197 2183 2170 2157 2148 2144 2142 2142 2144 2149 2157 2166 2176 2189 2205 2220 2233 2242 2255 2274 2297 2327 2355 2377 2390 2392 2386 2380 2373 2367 2361 2363 2379 2403 2428 2450 2467 2486 2505 2530 2556 2578 2595 2608 2623 2645 2668 2694 2719 2739 2757 2774 2788 2793 2787 2774 2758 2744 2730 2715 2697 2678 2665 2656 2653 2653 2654 2654 2652 2648 2642 2636 2627 2624 2634 2651 2679 2720 2769 2806 2815 2798 2771 2748 2730 2706 2676 2647 2626 2608 2589 2563 2527 2494 2464 2434 2403 2363 2323 2285 2253 2228 2204 2189 2181 2189 2218 2265 2313 2353 2389 2419 2443 2456 2459 2457 2454 2450 2443 2434 2422 2409 2396 2383 2374 2368 2362 2353 2335 2311 2291 2272 2251 2225 2194 2167 2143 2123 2104 2080 2054 2029 2010 2003 1999 1996 1986 1969 1954 1943 1939 1936 1925 1911 1894 1874 1855 1833 1812 1793 1775 1759 1744 1732 1723 1715 1710 1707 1706 1706 1704 1702 1701 1700 1700 1699 1698 1697 1696 1696 1695 1693 1692 1691 1692 1692 1693 1700 1707 1712 1715 1720 1729 1739 1748 1758 1774 1794 1812 1834 1863 1900 1941 1976 2008 2037 2073 2121 2160 2183 2191 2192 2203 2220 2239 2258 2276 2301 2331 2358 2383 2402 2418 2435 2449 2466 2483 2497 2510 2520 2532 2549
2494 2466 2438 2410 2390 2377 2364 2353 2344 2337 2332 2325 2318 2313 2309 2307 2304 2300 2291 2278 2262 2243 2224 2206 2189 2178 2169 2158 2151 2149 2149 2152 2159 2170 2181 2191 2201 2215 2230 2244 2258 2272 2290 2311 2335 2367 2399 2422 2433 2431 2424 2413 2401 2389 2378 2375 2385 2404 2428 2454 2480 2506 2526 2546 2567 2584 2601 2614 2631 2660 2692 2728 2757 2780 2799 2809 2815 2815 2807 2788 2760 2733 2713 2697 2681 2668 2661 2658 2659 2657 2653 2649 2645 2640 2634 2628 2624 2631 2655 2682 2712 2750 2789 2816 2815 2795 2772 2754 2734 2710 2679 2648 2627 2605 2581 2550 2514 2483 2451 2419 2387 2348 2312 2280 2255 2235 2215 2202 2198 2210 2244 2293 2337 2370 2401 2427 2447 2458 2459 2454 2446 2438 2429 2421 2413 2403 2394 2385 2379 2374 2366 2355 2338 2318 2303 2289 2273 2251 2223 2198 2175 2154 2133 2108 2084 2062 2047 2043 2039 2033 2016 1992 1970 1957 1952 1949 1939 1924 1905 1883 1863 1839 1815 1794 1775 1760 1747 1736 1729 1720 1713 1708 1705 1704 1703 1701 1699 1699 1699 1699 1698 1696 1695 1696 1695 1694 1693 1693 1693 1693 1693 1699 1706 1712 1718 1726 1737 1746 1753 1762 1778 1796 1810 1828 1851 1885 1927 1963 1993 2017 2046 2089 2127 2150 2158 2158 2167 2184 2206 2228 2249 2273 2300 2324 2347 2366 2383 2402 2419 2438 2458 2475 2491 2502 2516 2534
2462 2433 2404 2378 2360 2348 2336 2328 2319 2313 2308 2301 2295 2289 2285 2284 2284 2283 2279 2269 2255 2237 2218 2201 2186 2179 2172 2164 2159 2158 2161 2169 2181 2196 2210 2221 2230 2243 2256 2269 2285 2304 2327 2350 2374 2406 2438 2460 2467 2464 2456 2443 2427 2411 2397 2391 2399 2415 2440 2473 2507 2539 2558 2570 2582 2593 2607 2619 2637 2668 2706 2750 2786 2813 2834 2841 2840 2839 2831 2809 2774 2739 2715 2700 2687 2678 2675 2675 2676 2672 2662 2653 2646 2641 2636 2633 2635 2651 2683 2715 2742 2771 2797 2811 2804 2782 2765 2751 2732 2709 2682 2655 2634 2609 2579 2544 2506 2474 2441 2407 2374 2338 2307 2282 2260 2244 2230 2223 2226 2245 2281 2325 2361 2386 2410 2429 2443 2448 2446 2440 2431 2422 2413 2407 2399 2391 2383 2376 2371 2366 2358 2347 2333 2319 2309 2299 2286 2267 2244 2224 2203 2182 2159 2136 2114 2096 2084 2079 2070 2055 2032 2003 1980 1964 1958 1953 1941 1925 1906 1884 1862 1836 1809 1786 1768 1756 1746 1738 1731 1724 1717 1710 1705 1703 1702 1700 1699 1698 1699 1698 1697 1696 1695 1696 1696 1694 1694 1694 1694 1693 1693 1696 1703 1711 1720 1731 1743 1751 1757 1766 1782 1801 1816 1831 1849 1879 1920 1956 1984 2003 2025 2060 2094 2118 2129 2132 2143 2160 2184 2210 2233 2256 2279 2301 2324 2343 2361 2381 2399 2418 2437 2454 2472 2485 2499 2517
2426 2397 2371 2348 2333 2324 2314 2307 2300 2294 2289 2282 2276 2270 2265 2265 2268 2271 2270 2261 2247 2230 2213 2199 2188 2184 2180 2173 2169 2171 2179 2191 2207 2224 2238 2250 2259 2269 2281 2295 2314 2335 2360 2385 2411 2442 2469 2486 2489 2484 2475 2463 2447 2430 2415 2410 2418 2436 2465 2503 2539 2569 2583 2589 2594 2600 2611 2623 2641 2669 2708 2758 2800 2833 2858 2867 2868 2868 2859 2836 2800 2763 2737 2722 2712 2704 2702 2701 2701 2694 2680 2666 2658 2655 2654 2657 2666 2688 2720 2747 2766 2782 2793 2793 2780 2763 2749 2736 2717 2698 2679 2657 2637 2612 2579 2541 2501 2468 2433 2397 2364 2333 2307 2286 2267 2254 2247 2249 2264 2292 2326 2358 2382 2397 2412 2422 2428 2428 2426 2421 2413 2404 2397 2391 2385 2376 2368 2361 2356 2351 2342 2333 2323 2312 2304 2294 2285 2273 2258 2243 2225 2202 2179 2157 2139 2124 2110 2099 2083 2061 2035 2008 1987 1971 1960 1952 1937 1920 1899 1876 1853 1826 1798 1776 1760 1751 1744 1737 1731 1725 1717 1710 1704 1702 1701 1699 1698 1699 1699 1698 1696 1695 1695 1695 1695 1694 1695 1695 1695 1693 1692 1694 1701 1711 1722 1735 1747 1755 1762 1773 1791 1812 1829 1845 1861 1888 1925 1959 1985 2000 2017 2047 2078 2101 2114 2121 2136 2156 2181 2207 2228 2249 2271 2292 2315 2334 2351 2370 2386 2403 2419 2435 2453 2468 2483 2501
2386 2359 2338 2321 2310 2302 2294 2287 2282 2277 2272 2265 2258 2253 2249 2249 2253 2259 2259 2249 2236 2222 2210 2202 2197 2196 2193 2186 2183 2189 2202 2219 2237 2254 2268 2282 2290 2299 2310 2326 2349 2370 2394 2422 2449 2477 2496 2505 2505 2499 2490 2479 2465 2450 2437 2434 2445 2467 2500 2538 2571 2592 2600 2603 2604 2606 2614 2628 2647 2673 2711 2763 2811 2850 2882 2901 2910 2911 2900 2876 2843 2810 2783 2767 2755 2746 2740 2735 2732 2722 2707 2693 2685 2686 2692 2701 2714 2734 2757 2772 2779 2782 2778 2764 2750 2737 2724 2708 2689 2675 2662 2646 2630 2605 2573 2537 2497 2463 2428 2390 2359 2333 2312 2293 2277 2267 2268 2283 2311 2344 2372 2390 2400 2405 2409 2410 2409 2406 2403 2398 2391 2383 2377 2372 2366 2358 2350 2342 2337 2332 2323 2316 2307 2298 2289 2279 2273 2268 2261 2253 2237 2214 2191 2171 2157 2142 2123 2104 2081 2057 2033 2010 1993 1975 1959 1945 1926 1907 1885 1861 1839 1813 1787 1767 1753 1746 1740 1733 1727 1721 1714 1707 1703 1701 1700 1698 1698 1698 1698 1697 1695 1695 1695 1695 1695 1694 1695 1695 1695 1693 1692 1695 1702 1713 1726 1739 1752 1762 1773 1786 1806 1829 1850 1870 1887 1912 1947 1977 2001 2017 2034 2060 2086 2107 2122 2133 2150 2171 2195 2217 2234 2251 2272 2293 2316 2335 2351 2369 2383 2396 2410 2424 2442 2457 2473 2489
2355 2333 2317 2305 2296 2289 2280 2274 2270 2267 2262 2255 2249 2245 2241 2240 2241 2244 2242 2234 2225 2218 2214 2212 2211 2212 2209 2202 2200 2208 2224 2244 2263 2279 2293 2307 2315 2324 2335 2353 2379 2400 2422 2449 2475 2497 2509 2512 2511 2506 2498 2487 2476 2467 2459 2459 2471 2495 2528 2562 2588 2604 2610 2612 2612 2612 2619 2634 2656 2685 2722 2772 2821 2866 2907 2939 2957 2955 2940 2916 2887 2859 2832 2815 2801 2786 2775 2764 2758 2748 2733 2720 2717 2724 2734 2743 2754 2766 2775 2779 2775 2768 2754 2734 2722 2713 2701 2683 2662 2647 2636 2625 2612 2591 2563 2529 2491 2459 2425 2388 2357 2333 2316 2299 2284 2278 2289 2317 2352 2384 2402 2410 2413 2412 2410 2404 2396 2387 2380 2374 2366 2359 2354 2350 2346 2339 2331 2323 2318 2313 2306 2299 2290 2280 2271 2262 2258 2256 2252 2246 2233 2213 2193 2176 2163 2145 2120 2095 2069 2046 2027 2010 1994 1974 1952 1933 1911 1890 1867 1842 1822 1800 1778 1761 1748 1741 1734 1727 1720 1714 1708 1704 1701 1700 1699 1698 1698 1698 1697 1696 1695 1694 1695 1695 1695 1694 1695 1695 1694 1691 1690 1694 1703 1715 1727 1741 1755 1768 1783 1798 1819 1846 1871 1895 1917 1942 1976 2006 2031 2051 2069 2092 2113 2130 2144 2157 2175 2194 2213 2231 2245 2260 2278 2298 2320 2340 2359 2378 2392 2404 2416 2429 2445 2459 2474 2488
2328 2312 2301 2292 2284 2276 2267 2261 2259 2257 2253 2248 2244 2241 2239 2235 2230 2228 2225 2220 2218 2220 2225 2229 2231 2233 2229 2223 2220 2229 2247 2268 2288 2305 2319 2333 2342 2353 2367 2387 2413 2434 2455 2481 2503 2519 2526 2527 2527 2523 2514 2503 2494 2490 2488 2490 2501 2522 2551 2578 2597 2611 2619 2622 2622 2620 2627 2644 2671 2707 2747 2795 2843 2891 2942 2986 3011 3007 2987 2964 2936 2909 2882 2864 2846 2827 2809 2793 2786 2778 2764 2755 2758 2768 2778 2781 2782 2782 2780 2775 2764 2749 2730 2711 2700 2693 2681 2662 2639 2619 2606 2595 2586 2568 2545 2515 2481 2454 2425 2390 2360 2337 2322 2309 2296 2295 2315 2351 2386 2408 2418 2421 2421 2419 2412 2402 2388 2372 2359 2347 2337 2329 2323 2321 2319 2315 2309 2302 2297 2293 2288 2281 2270 2259 2251 2246 2243 2240 2236 2230 2218 2203 2189 2173 2157 2135 2107 2080 2056 2038 2025 2009 1991 1966 1938 1915 1893 1870 1845 1821 1804 1788 1772 1757 1743 1735 1728 1720 1713 1706 1702 1700 1699 1699 1699 1698 1697 1697 1696 1695 1694 1694 1694 1695 1695 1694 1694 1694 1693 1692 1693 1698 1709 1723 1736 1750 1765 1780 1798 1815 1837 1865 1894 1923 1948 1976 2011 2042 2071 2097 2118 2139 2154 2167 2180 2194 2208 2221 2234 2248 2259 2271 2286 2302 2322 2343 2367 2390 2407 2419 2432 2445 2460 2473 2485 2497
2313 2302 2293 2283 2275 2267 2257 2252 2250 2248 2246 2242 2240 2238 2235 2230 2223 2220 2218 2218 2221 2230 2240 2248 2250 2251 2248 2242 2240 2248 2265 2285 2305 2322 2338 2353 2365 2380 2397 2419 2445 2466 2484 2505 2523 2536 2543 2546 2548 2544 2534 2521 2514 2513 2514 2516 2525 2543 2568 2589 2605 2619 2627 2631 2631 2630 2637 2654 2685 2729 2772 2821 2869 2919 2975 3025 3055 3052 3034 3013 2985 2954 2925 2905 2885 2863 2841 2823 2817 2814 2805 2800 2802 2808 2810 2804 2795 2784 2772 2762 2749 2730 2711 2694 2685 2676 2663 2645 2620 2598 2580 2567 2559 2545 2526 2501 2472 2448 2424 2394 2367 2345 2333 2323 2314 2315 2336 2372 2401 2414 2418 2422 2423 2421 2414 2402 2385 2363 2343 2327 2313 2303 2295 2291 2291 2291 2289 2284 2280 2276 2270 2262 2251 2241 2235 2231 2227 2222 2216 2210 2202 2192 2181 2165 2144 2119 2091 2067 2047 2034 2024 2008 1985 1953 1920 1895 1872 1849 1824 1802 1789 1778 1767 1753 1738 1728 1720 1713 1706 1700 1697 1697 1697 1698 1699 1698 1697 1695 1695 1695 1694 1694 1694 1695 1695 1694 1693 1692 1692 1693 1698 1709 1724 1742 1756 1769 1782 1796 1815 1832 1855 1885 1915 1948 1977 2007 2042 2074 2107 2139 2165 2186 2198 2209 2222 2234 2245 2252 2257 2266 2273 2282 2294 2308 2326 2348 2374 2402 2422 2437 2451 2466 2481 2493 2503 2513
2303 2294 2285 2274 2265 2257 2249 2244 2241 2239 2238 2236 2235 2232 2229 2225 2222 2224 2228 2232 2239 2248 2259 2265 2266 2266 2264 2261 2260 2268 2282 2300 2319 2337 2354 2374 2391 2411 2431 2454 2481 2501 2516 2533 2548 2562 2572 2580 2584 2577 2563 2550 2543 2541 2541 2543 2549 2565 2588 2607 2622 2634 2641 2643 2643 2641 2647 2664 2697 2743 2791 2844 2895 2946 3002 3051 3083 3089 3082 3066 3035 2997 2963 2941 2922 2901 2879 2859 2855 2860 2859 2855 2850 2843 2832 2817 2801 2785 2769 2756 2740 2721 2702 2685 2674 2662 2647 2628 2606 2584 2565 2549 2539 2527 2511 2490 2464 2444 2423 2400 2379 2361 2352 2346 2340 2342 2356 2382 2404 2413 2416 2419 2419 2418 2411 2398 2378 2352 2329 2309 2293 2280 2268 2261 2260 2264 2267 2265 2262 2257 2249 2240 2230 2222 2218 2214 2209 2202 2198 2195 2191 2184 2172 2152 2128 2103 2079 2059 2042 2031 2021 2004 1975 1936 1898 1870 1848 1827 1804 1784 1775 1768 1759 1746 1730 1719 1712 1705 1700 1696 1695 1695 1696 1697 1697 1697 1696 1695 1694 1694 1694 1694 1695 1696 1696 1695 1693 1692 1694 1699 1710 1728 1750 1775 1790 1799 1808 1820 1837 1854 1877 1908 1940 1975 2007 2037 2071 2100 2133 2170 2201 2225 2238 2250 2263 2275 2284 2287 2287 2288 2290 2295 2305 2317 2334 2354 2380 2410 2433 2451 2468 2483 2499 2512 2522 2531
2297 2288 2277 2264 2256 2249 2243 2238 2234 2232 2232 2233 2233 2231 2229 2228 2233 2241 2250 2257 2263 2270 2277 2280 2280 2279 2278 2277 2278 2285 2298 2313 2332 2351 2372 2397 2419 2440 2462 2487 2516 2537 2554 2570 2587 2607 2624 2634 2634 2620 2599 2583 2575 2571 2567 2566 2572 2588 2612 2632 2646 2655 2657 2655 2652 2649 2655 2673 2706 2751 2800 2856 2911 2964 3018 3062 3098 3117 3124 3113 3080 3036 2996 2971 2954 2936 2914 2896 2893 2903 2910 2907 2891 2871 2851 2830 2812 2795 2779 2765 2748 2729 2709 2689 2675 2660 2641 2622 2603 2585 2565 2545 2532 2519 2504 2486 2463 2444 2427 2410 2396 2383 2377 2374 2371 2370 2374 2386 2398 2405 2408 2409 2407 2404 2397 2385 2365 2341 2318 2297 2280 2264 2248 2236 2232 2236 2242 2244 2244 2238 2228 2217 2208 2202 2199 2195 2189 2185 2184 2186 2184 2177 2159 2133 2107 2084 2064 2049 2034 2025 2015 1995 1961 1917 1876 1848 1826 1807 1788 1772 1766 1761 1752 1738 1722 1711 1705 1700 1697 1695 1694 1695 1695 1696 1696 1696 1695 1695 1694 1694 1694 1695 1697 1699 1698 1696 1694 1694 1699 1710 1731 1757 1786 1814 1830 1836 1840 1848 1863 1880 1903 1934 1966 2001 2033 2062 2092 2118 2151 2192 2228 2255 2273 2287 2301 2313 2322 2324 2320 2315 2312 2314 2321 2331 2346 2363 2385 2413 2438 2458 2477 2494 2512 2527 2538 2548
2290 2280 2269 2258 2250 2244 2238 2233 2229 2228 2231 2235 2238 2239 2240 2244 2254 2265 2273 2279 2283 2287 2291 2293 2292 2292 2290 2289 2290 2298 2311 2327 2346 2367 2391 2420 2443 2466 2486 2511 2542 2569 2593 2615 2639 2669 2693 2701 2690 2662 2633 2611 2602 2596 2589 2585 2593 2614 2640 2660 2670 2673 2670 2664 2658 2653 2660 2679 2711 2754 2800 2854 2910 2965 3021 3067 3107 3139 3155 3147 3114 3068 3025 2999 2983 2965 2944 2926 2921 2931 2944 2942 2919 2894 2873 2854 2835 2817 2803 2791 2771 2749 2727 2707 2690 2671 2649 2629 2611 2596 2578 2554 2535 2519 2505 2489 2469 2451 2436 2425 2417 2408 2403 2400 2397 2393 2391 2392 2395 2396 2395 2391 2386 2381 2373 2364 2350 2331 2312 2292 2273 2255 2234 2218 2209 2210 2216 2221 2224 2221 2212 2199 2187 2179 2176 2173 2171 2171 2174 2180 2179 2167 2142 2111 2082 2060 2042 2031 2019 2013 2004 1981 1945 1898 1859 1833 1811 1794 1778 1766 1761 1757 1748 1734 1718 1707 1701 1697 1696 1695 1694 1695 1696 1695 1695 1695 1695 1695 1695 1695 1696 1698 1701 1702 1701 1698 1695 1697 1707 1726 1757 1790 1822 1850 1863 1867 1870 1876 1889 1906 1929 1960 1990 2021 2051 2079 2107 2132 2168 2212 2251 2281 2301 2318 2331 2344 2356 2359 2353 2343 2338 2339 2343 2350 2360 2373 2391 2415 2437 2459 2480 2500 2521 2537 2550 2560
2279 2270 2262 2254 2249 2245 2241 2237 2234 2235 2240 2247 2254 2261 2268 2277 2288 2297 2302 2303 2303 2305 2305 2306 2306 2305 2302 2299 2301 2311 2327 2346 2366 2390 2418 2448 2470 2491 2510 2535 2569 2605 2641 2672 2707 2746 2775 2778 2751 2710 2671 2643 2630 2624 2614 2608 2619 2644 2672 2689 2692 2687 2679 2670 2659 2653 2660 2682 2716 2755 2793 2840 2894 2950 3009 3060 3108 3150 3171 3166 3136 3094 3051 3024 3005 2985 2964 2946 2936 2941 2955 2954 2931 2910 2895 2884 2867 2849 2839 2829 2806 2780 2755 2733 2714 2692 2667 2646 2628 2614 2595 2570 2547 2527 2512 2498 2480 2465 2453 2445 2441 2434 2430 2425 2421 2416 2410 2406 2401 2393 2384 2374 2364 2354 2343 2335 2327 2315 2302 2285 2266 2246 2224 2204 2190 2183 2185 2191 2198 2200 2194 2181 2164 2151 2146 2146 2149 2156 2165 2173 2168 2148 2116 2080 2051 2028 2010 2000 1991 1989 1981 1958 1922 1879 1844 1821 1800 1784 1771 1762 1758 1752 1744 1730 1715 1703 1697 1696 1696 1695 1694 1695 1696 1695 1694 1695 1695 1695 1695 1696 1699 1702 1705 1707 1706 1703 1701 1706 1723 1751 1790 1826 1857 1881 1891 1895 1900 1908 1922 1939 1962 1990 2017 2046 2073 2099 2124 2151 2191 2236 2276 2307 2329 2347 2361 2376 2391 2395 2388 2377 2371 2372 2373 2374 2379 2388 2401 2419 2436 2458 2481 2504 2525 2543 2559 2571
2271 2263 2257 2254 2254 2255 2255 2254 2254 2256 2261 2269 2280 2291 2303 2315 2327 2334 2334 2330 2326 2324 2321 2319 2317 2315 2310 2307 2310 2323 2343 2364 2386 2412 2442 2471 2491 2510 2529 2555 2595 2638 2683 2727 2770 2814 2842 2838 2803 2752 2705 2671 2655 2646 2636 2630 2642 2669 2696 2709 2706 2694 2681 2669 2657 2650 2658 2684 2720 2756 2787 2825 2872 2925 2986 3040 3094 3144 3169 3165 3140 3103 3064 3034 3009 2986 2964 2944 2930 2930 2942 2941 2925 2912 2906 2901 2889 2876 2873 2866 2842 2815 2789 2764 2742 2715 2689 2668 2648 2632 2612 2586 2562 2540 2523 2509 2493 2480 2470 2465 2461 2456 2451 2446 2439 2433 2427 2419 2409 2395 2381 2365 2350 2335 2320 2310 2303 2296 2288 2275 2259 2242 2221 2199 2179 2162 2157 2163 2175 2184 2184 2170 2148 2129 2121 2124 2134 2148 2161 2168 2157 2127 2087 2048 2018 1996 1978 1966 1958 1957 1951 1931 1899 1863 1834 1813 1794 1779 1769 1761 1757 1749 1739 1727 1712 1701 1696 1696 1697 1695 1695 1696 1697 1696 1695 1695 1695 1695 1695 1696 1700 1704 1707 1711 1712 1711 1712 1724 1747 1779 1818 1854 1881 1901 1909 1916 1924 1935 1952 1970 1992 2017 2040 2068 2095 2119 2143 2170 2210 2255 2293 2324 2346 2366 2383 2401 2418 2423 2417 2407 2403 2404 2401 2397 2396 2402 2413 2425 2439 2458 2482 2504 2526 2546 2565 2580
2266 2259 2257 2259 2265 2274 2281 2285 2287 2289 2294 2303 2314 2327 2343 2358 2371 2377 2374 2366 2358 2351 2343 2336 2330 2325 2319 2317 2322 2338 2361 2384 2409 2437 2467 2493 2512 2530 2551 2581 2627 2674 2724 2776 2825 2867 2888 2880 2847 2796 2744 2705 2686 2674 2664 2659 2669 2692 2713 2721 2712 2697 2680 2666 2653 2647 2656 2685 2723 2757 2783 2814 2852 2897 2954 3007 3064 3121 3152 3151 3132 3101 3065 3031 3000 2973 2949 2927 2913 2909 2915 2915 2906 2902 2901 2900 2894 2889 2894 2890 2868 2842 2817 2790 2762 2731 2705 2685 2663 2643 2620 2595 2573 2550 2533 2518 2504 2494 2487 2483 2480 2475 2471 2465 2458 2452 2444 2434 2420 2403 2386 2366 2345 2325 2305 2288 2277 2269 2264 2256 2244 2232 2215 2194 2167 2142 2129 2132 2147 2163 2169 2156 2131 2107 2096 2100 2115 2135 2149 2152 2135 2098 2052 2010 1982 1962 1943 1930 1920 1917 1912 1896 1873 1846 1822 1802 1785 1773 1765 1758 1752 1742 1732 1720 1708 1698 1694 1695 1696 1695 1695 1697 1697 1697 1696 1696 1696 1696 1695 1696 1700 1705 1710 1716 1719 1722 1730 1749 1778 1810 1844 1875 1899 1917 1927 1939 1950 1966 1988 2009 2029 2049 2070 2099 2126 2150 2173 2198 2234 2277 2313 2343 2366 2388 2410 2431 2448 2452 2445 2438 2436 2436 2430 2421 2416 2420 2429 2438 2450 2467 2488 2508 2529 2551 2574 2592
2263 2260 2261 2270 2283 2298 2310 2317 2320 2323 2326 2335 2346 2360 2376 2392 2404 2410 2408 2398 2387 2375 2362 2350 2338 2330 2325 2324 2332 2351 2375 2399 2427 2457 2487 2512 2529 2548 2571 2604 2653 2702 2753 2806 2854 2892 2907 2901 2877 2834 2784 2744 2721 2705 2695 2690 2695 2710 2723 2725 2714 2696 2678 2663 2651 2645 2653 2682 2720 2754 2779 2804 2833 2869 2919 2967 3022 3082 3120 3128 3116 3090 3056 3019 2984 2955 2932 2909 2896 2890 2889 2887 2884 2884 2884 2884 2883 2887 2896 2895 2875 2852 2827 2798 2767 2734 2708 2689 2666 2643 2620 2598 2579 2558 2541 2525 2512 2505 2500 2495 2491 2486 2482 2476 2470 2465 2457 2445 2431 2414 2395 2372 2348 2325 2299 2275 2255 2243 2237 2231 2224 2218 2207 2189 2161 2131 2111 2108 2121 2140 2149 2140 2116 2092 2078 2079 2095 2117 2130 2129 2107 2066 2020 1979 1953 1935 1916 1902 1890 1883 1878 1866 1850 1830 1810 1792 1777 1767 1760 1753 1745 1734 1724 1713 1703 1696 1693 1694 1695 1695 1696 1697 1697 1697 1696 1696 1696 1697 1697 1697 1702 1708 1715 1722 1728 1735 1748 1774 1806 1837 1866 1891 1912 1929 1942 1959 1976 1997 2023 2046 2066 2083 2102 2131 2159 2182 2204 2225 2255 2294 2329 2359 2384 2410 2437 2459 2473 2474 2467 2462 2460 2458 2450 2440 2434 2437 2446 2455 2466 2480 2496 2511 2530 2554 2580 2601
2263 2264 2271 2286 2306 2324 2337 2344 2346 2348 2352 2360 2371 2385 2401 2416 2429 2436 2435 2425 2412 2396 2378 2361 2344 2334 2329 2330 2340 2360 2385 2411 2441 2473 2503 2530 2547 2567 2591 2626 2674 2722 2770 2819 2860 2894 2911 2913 2900 2869 2827 2790 2765 2745 2731 2723 2721 2727 2732 2728 2715 2698 2681 2665 2654 2647 2652 2675 2710 2745 2771 2793 2816 2844 2883 2923 2974 3034 3081 3103 3099 3076 3044 3006 2969 2941 2921 2901 2889 2881 2877 2872 2866 2862 2860 2861 2864 2872 2881 2881 2864 2842 2816 2786 2756 2724 2700 2680 2656 2634 2612 2595 2580 2563 2546 2531 2519 2512 2508 2503 2499 2494 2489 2484 2479 2475 2468 2455 2440 2422 2402 2378 2352 2327 2297 2266 2239 2219 2210 2204 2201 2198 2192 2179 2155 2125 2100 2090 2095 2110 2118 2114 2097 2078 2062 2057 2068 2087 2099 2096 2071 2031 1989 1953 1930 1914 1895 1880 1867 1858 1851 1840 1828 1811 1795 1781 1768 1760 1752 1743 1735 1725 1715 1706 1698 1694 1693 1694 1695 1696 1697 1697 1697 1696 1696 1696 1697 1699 1700 1701 1706 1713 1723 1732 1739 1749 1765 1793 1828 1860 1886 1908 1927 1943 1959 1982 2006 2032 2061 2085 2105 2123 2141 2167 2192 2215 2236 2252 2276 2310 2345 2379 2407 2437 2467 2488 2497 2495 2488 2481 2478 2473 2464 2454 2450 2455 2465 2475 2484 2495 2506 2517 2533 2555 2582 2605
2270 2276 2288 2307 2329 2347 2358 2361 2363 2366 2371 2380 2390 2402 2417 2433 2448 2459 2460 2451 2436 2416 2393 2371 2352 2339 2334 2335 2346 2366 2391 2418 2450 2482 2513 2542 2562 2583 2608 2641 2685 2730 2775 2815 2846 2876 2898 2910 2908 2889 2859 2828 2803 2781 2764 2751 2741 2740 2738 2730 2716 2700 2685 2671 2659 2651 2652 2667 2696 2731 2759 2780 2802 2825 2856 2888 2933 2988 3041 3076 3080 3058 3026 2989 2956 2931 2915 2898 2887 2879 2872 2863 2849 2838 2832 2832 2837 2845 2850 2849 2836 2815 2789 2761 2733 2705 2682 2662 2639 2619 2602 2589 2578 2563 2548 2534 2522 2515 2511 2507 2503 2500 2495 2491 2487 2484 2477 2463 2447 2427 2405 2380 2353 2328 2296 2261 2229 2203 2188 2179 2174 2171 2166 2159 2143 2117 2091 2073 2069 2074 2079 2079 2070 2057 2040 2029 2033 2048 2057 2054 2032 1996 1960 1931 1912 1897 1879 1865 1852 1842 1833 1821 1808 1792 1779 1768 1758 1750 1741 1732 1725 1716 1708 1700 1695 1693 1694 1695 1696 1697 1698 1697 1696 1696 1696 1696 1698 1703 1704 1705 1711 1721 1732 1742 1750 1761 1776 1803 1838 1871 1899 1922 1941 1960 1978 2005 2035 2065 2096 2122 2145 2165 2182 2203 2225 2246 2267 2280 2299 2329 2364 2401 2434 2467 2498 2516 2521 2516 2507 2498 2491 2485 2476 2469 2468 2475 2486 2496 2504 2511 2518 2524 2537 2557 2583 2606
2282 2293 2307 2326 2345 2360 2368 2371 2374 2379 2386 2395 2404 2414 2428 2447 2467 2483 2487 2477 2458 2433 2407 2383 2361 2347 2340 2340 2349 2368 2395 2423 2454 2484 2514 2545 2568 2592 2617 2647 2687 2728 2767 2800 2824 2850 2874 2893 2900 2890 2868 2843 2820 2799 2780 2764 2751 2745 2740 2729 2714 2700 2688 2675 2665 2656 2655 2663 2684 2716 2745 2770 2792 2814 2842 2870 2908 2957 3008 3048 3056 3036 3003 2969 2941 2920 2905 2890 2880 2872 2862 2848 2828 2813 2805 2804 2808 2812 2813 2811 2801 2784 2762 2737 2712 2687 2665 2645 2625 2609 2595 2584 2573 2560 2546 2532 2521 2515 2511 2508 2506 2503 2501 2498 2497 2493 2484 2469 2451 2428 2403 2377 2352 2327 2294 2259 2224 2195 2175 2160 2149 2142 2136 2133 2124 2106 2081 2057 2044 2041 2042 2044 2040 2029 2012 1998 1997 2009 2017 2015 1996 1966 1937 1913 1897 1882 1866 1853 1841 1831 1820 1806 1793 1778 1766 1756 1747 1739 1731 1723 1717 1710 1702 1697 1694 1694 1695 1696 1697 1698 1698 1697 1696 1695 1695 1697 1700 1705 1708 1710 1717 1727 1738 1748 1756 1766 1778 1800 1834 1868 1900 1927 1950 1973 1995 2023 2055 2087 2122 2153 2179 2200 2215 2232 2250 2271 2292 2307 2324 2351 2384 2421 2458 2493 2523 2538 2542 2536 2525 2512 2503 2496 2489 2484 2485 2493 2504 2513 2519 2524 2528 2532 2542 2560 2585 2607
2301 2316 2332 2348 2362 2372 2379 2382 2386 2393 2402 2412 2420 2428 2444 2466 2493 2514 2520 2508 2484 2454 2425 2401 2376 2359 2349 2346 2353 2370 2397 2426 2455 2482 2511 2543 2569 2595 2620 2648 2683 2720 2755 2782 2801 2825 2848 2870 2881 2878 2863 2843 2825 2807 2789 2772 2757 2750 2742 2729 2713 2700 2690 2680 2670 2662 2659 2661 2676 2703 2731 2759 2784 2807 2836 2862 2895 2937 2983 3021 3032 3014 2982 2951 2929 2910 2894 2877 2867 2858 2844 2825 2803 2787 2780 2777 2778 2778 2776 2772 2765 2755 2739 2717 2694 2671 2650 2633 2616 2603 2592 2580 2569 2556 2542 2530 2520 2515 2513 2512 2513 2513 2514 2515 2513 2508 2495 2477 2455 2428 2399 2371 2346 2323 2291 2257 2224 2194 2171 2149 2129 2115 2104 2100 2096 2084 2063 2037 2018 2009 2006 2007 2003 1991 1974 1961 1960 1969 1976 1975 1959 1935 1912 1893 1879 1865 1850 1839 1829 1818 1806 1792 1779 1765 1754 1744 1734 1727 1720 1715 1710 1705 1699 1695 1694 1695 1697 1697 1697 1698 1698 1697 1696 1695 1696 1699 1703 1707 1710 1714 1722 1731 1742 1753 1763 1774 1782 1797 1825 1859 1894 1926 1955 1984 2009 2039 2069 2102 2142 2179 2211 2231 2243 2259 2276 2297 2320 2338 2357 2382 2410 2444 2482 2519 2545 2559 2564 2558 2545 2529 2518 2511 2507 2505 2507 2514 2524 2531 2536 2539 2541 2543 2550 2566 2588 2609
2322 2339 2354 2369 2380 2386 2389 2390 2393 2400 2410 2420 2427 2437 2454 2481 2514 2540 2548 2534 2505 2470 2441 2416 2391 2370 2356 2351 2355 2370 2398 2427 2455 2479 2506 2538 2565 2592 2618 2645 2677 2708 2737 2759 2776 2798 2819 2839 2853 2856 2848 2836 2823 2811 2795 2778 2764 2755 2744 2729 2714 2701 2692 2683 2673 2664 2660 2661 2671 2693 2720 2751 2780 2806 2835 2859 2889 2927 2969 3005 3016 3000 2969 2943 2924 2907 2888 2866 2853 2842 2827 2806 2783 2767 2760 2756 2754 2750 2747 2743 2738 2733 2723 2705 2682 2658 2639 2624 2611 2600 2589 2576 2564 2550 2538 2527 2519 2515 2514 2516 2521 2526 2531 2533 2531 2522 2505 2485 2460 2427 2395 2366 2341 2319 2288 2257 2229 2201 2177 2149 2121 2098 2080 2072 2068 2060 2045 2022 2001 1988 1981 1978 1971 1959 1944 1934 1933 1939 1944 1942 1930 1912 1894 1879 1866 1852 1839 1830 1821 1810 1797 1783 1771 1759 1747 1736 1725 1718 1713 1709 1706 1701 1698 1696 1696 1697 1698 1697 1697 1698 1698 1697 1696 1695 1697 1700 1705 1708 1711 1715 1723 1731 1744 1760 1776 1787 1790 1796 1817 1848 1886 1922 1956 1990 2018 2049 2078 2110 2152 2193 2228 2250 2262 2279 2297 2319 2344 2364 2386 2408 2432 2464 2501 2537 2560 2572 2576 2570 2556 2538 2526 2521 2519 2519 2523 2531 2541 2548 2552 2554 2554 2553 2558 2571 2591 2610
2346 2363 2380 2396 2407 2411 2412 2408 2407 2412 2420 2430 2438 2449 2470 2499 2535 2564 2574 2560 2527 2490 2460 2435 2407 2383 2364 2356 2358 2372 2399 2428 2455 2478 2503 2534 2560 2587 2613 2641 2673 2698 2720 2739 2755 2774 2792 2811 2828 2838 2841 2837 2830 2822 2809 2794 2779 2765 2749 2732 2717 2705 2696 2686 2677 2668 2662 2662 2669 2688 2713 2745 2776 2803 2830 2850 2877 2915 2958 2994 3007 2994 2968 2944 2926 2907 2885 2857 2839 2826 2809 2790 2768 2752 2743 2737 2732 2728 2724 2722 2719 2717 2710 2693 2670 2646 2628 2616 2606 2598 2586 2572 2559 2547 2537 2528 2522 2519 2520 2527 2537 2547 2555 2557 2550 2538 2519 2496 2467 2431 2397 2366 2340 2317 2288 2261 2236 2211 2187 2156 2122 2091 2064 2049 2041 2034 2023 2006 1987 1972 1960 1952 1942 1931 1920 1913 1911 1913 1912 1909 1901 1888 1875 1862 1851 1840 1828 1820 1811 1800 1787 1773 1763 1753 1742 1730 1719 1712 1708 1704 1702 1698 1697 1697 1697 1697 1698 1697 1697 1697 1697 1697 1696 1696 1698 1701 1705 1708 1711 1714 1721 1731 1748 1774 1798 1813 1813 1811 1821 1846 1883 1920 1954 1991 2023 2057 2086 2117 2160 2201 2237 2263 2278 2298 2320 2345 2371 2392 2414 2434 2455 2484 2520 2554 2575 2584 2586 2580 2566 2549 2538 2533 2531 2534 2540 2550 2560 2568 2573 2574 2571 2566 2567 2577 2594 2613
2366 2385 2404 2424 2437 2441 2438 2430 2424 2426 2433 2443 2453 2467 2488 2516 2550 2578 2589 2576 2544 2508 2478 2453 2424 2396 2373 2362 2361 2372 2396 2424 2452 2477 2501 2530 2554 2579 2608 2638 2670 2693 2711 2729 2745 2763 2780 2797 2815 2829 2839 2843 2841 2835 2825 2812 2796 2778 2756 2737 2722 2708 2698 2688 2678 2669 2663 2663 2672 2690 2715 2744 2775 2800 2822 2838 2865 2906 2952 2991 3006 2999 2980 2959 2939 2916 2887 2853 2830 2814 2796 2779 2760 2746 2737 2727 2720 2715 2711 2709 2706 2704 2697 2681 2659 2636 2619 2609 2601 2594 2582 2569 2557 2546 2537 2530 2526 2526 2532 2542 2556 2570 2579 2579 2568 2552 2530 2505 2475 2437 2403 2372 2344 2319 2291 2267 2245 2221 2197 2166 2130 2095 2062 2039 2024 2012 2004 1992 1979 1963 1947 1935 1923 1912 1903 1897 1895 1893 1888 1883 1876 1868 1858 1846 1837 1828 1818 1809 1799 1789 1777 1765 1756 1747 1736 1725 1714 1708 1705 1702 1699 1697 1697 1698 1698 1698 1697 1697 1696 1696 1696 1697 1697 1697 1698 1701 1704 1707 1710 1713 1719 1731 1757 1792 1825 1844 1845 1839 1838 1851 1881 1914 1949 1986 2022 2059 2090 2121 2161 2201 2238 2269 2290 2313 2340 2368 2396 2418 2440 2460 2479 2505 2537 2568 2587 2595 2597 2592 2580 2565 2553 2545 2542 2545 2553 2564 2574 2583 2589 2591 2588 2581 2579 2585 2598 2615
2384 2407 2430 2452 2467 2472 2468 2456 2447 2446 2453 2466 2480 2494 2511 2533 2561 2585 2595 2584 2558 2526 2497 2472 2443 2412 2386 2370 2364 2371 2390 2416 2447 2473 2496 2523 2546 2572 2603 2635 2668 2692 2710 2729 2745 2764 2781 2798 2816 2832 2846 2854 2856 2851 2843 2832 2814 2792 2766 2745 2729 2712 2699 2689 2680 2672 2665 2666 2678 2699 2723 2749 2777 2797 2814 2827 2853 2898 2948 2988 3007 3007 2997 2982 2959 2928 2892 2853 2826 2807 2788 2773 2757 2746 2737 2725 2715 2706 2700 2696 2691 2688 2680 2664 2645 2626 2610 2601 2594 2588 2579 2568 2559 2550 2540 2533 2532 2537 2548 2564 2579 2592 2600 2598 2585 2565 2540 2514 2483 2445 2412 2382 2353 2326 2297 2273 2251 2227 2203 2171 2137 2103 2068 2040 2016 1997 1986 1978 1970 1956 1937 1921 1908 1896 1887 1880 1877 1874 1867 1860 1853 1847 1840 1829 1821 1813 1804 1795 1786 1776 1766 1755 1747 1737 1727 1717 1709 1705 1703 1700 1698 1697 1698 1699 1699 1698 1698 1697 1697 1696 1696 1697 1697 1697 1698 1700 1702 1705 1709 1713 1719 1735 1770 1813 1851 1875 1881 1874 1864 1861 1878 1905 1940 1979 2017 2057 2092 2123 2160 2197 2236 2274 2301 2327 2356 2387 2417 2442 2467 2488 2506 2528 2554 2580 2599 2610 2615 2612 2603 2590 2576 2564 2557 2559 2567 2576 2584 2592 2600 2606 2604 2598 2594 2595 2604 2619
2402 2430 2457 2479 2495 2501 2499 2488 2479 2476 2484 2498 2514 2526 2538 2552 2572 2592 2600 2592 2574 2549 2521 2494 2463 2432 2402 2380 2369 2370 2383 2407 2439 2467 2490 2515 2537 2564 2596 2630 2664 2692 2715 2737 2755 2775 2794 2813 2832 2849 2864 2874 2876 2869 2861 2849 2829 2804 2776 2754 2737 2718 2705 2695 2689 2682 2674 2674 2687 2710 2733 2755 2777 2793 2807 2817 2844 2891 2942 2984 3005 3012 3011 2999 2973 2934 2892 2851 2823 2802 2784 2770 2758 2749 2741 2727 2714 2701 2691 2684 2676 2669 2659 2644 2629 2614 2602 2593 2587 2582 2577 2571 2564 2557 2547 2540 2542 2552 2568 2587 2602 2612 2616 2611 2596 2574 2547 2519 2490 2453 2423 2394 2366 2338 2306 2280 2257 2232 2207 2175 2141 2109 2073 2042 2012 1985 1970 1961 1955 1944 1924 1908 1895 1882 1871 1862 1858 1853 1846 1839 1831 1826 1820 1811 1804 1796 1787 1779 1770 1762 1753 1743 1735 1726 1716 1708 1704 1702 1702 1700 1698 1698 1699 1700 1699 1698 1699 1699 1698 1697 1696 1697 1697 1698 1698 1698 1700 1703 1708 1714 1723 1745 1786 1833 1873 1902 1914 1912 1896 1880 1881 1897 1929 1969 2010 2052 2092 2126 2161 2196 2237 2279 2310 2337 2366 2398 2431 2460 2489 2512 2530 2550 2570 2592 2613 2629 2640 2641 2635 2625 2609 2592 2580 2578 2583 2589 2594 2601 2610 2618 2620 2616 2612 2609 2614 2627
2421 2453 2479 2500 2514 2522 2525 2520 2513 2512 2518 2531 2543 2552 2560 2570 2585 2599 2607 2603 2593 2573 2546 2516 2482 2449 2417 2388 2372 2370 2378 2399 2431 2459 2481 2504 2525 2554 2586 2621 2658 2691 2721 2748 2769 2791 2813 2834 2857 2874 2888 2894 2891 2879 2869 2855 2833 2806 2778 2757 2742 2726 2715 2707 2704 2699 2691 2689 2698 2718 2737 2755 2774 2788 2802 2814 2840 2885 2933 2975 3001 3013 3015 3002 2973 2929 2885 2846 2818 2797 2781 2770 2761 2754 2745 2730 2714 2699 2687 2677 2666 2654 2642 2628 2617 2605 2595 2587 2582 2581 2579 2575 2570 2564 2557 2554 2559 2571 2587 2604 2618 2625 2624 2614 2596 2574 2548 2521 2494 2461 2433 2406 2378 2351 2318 2289 2265 2238 2213 2180 2144 2109 2071 2038 2005 1974 1954 1943 1938 1928 1911 1896 1883 1869 1858 1849 1843 1838 1830 1822 1814 1809 1803 1796 1789 1781 1772 1765 1758 1750 1741 1732 1724 1716 1708 1704 1702 1702 1701 1700 1699 1699 1700 1700 1699 1698 1699 1700 1699 1697 1697 1697 1698 1698 1697 1697 1698 1702 1708 1717 1731 1758 1803 1847 1886 1918 1937 1940 1927 1904 1891 1894 1918 1958 2000 2045 2091 2130 2167 2202 2242 2285 2316 2342 2369 2400 2435 2469 2501 2526 2545 2565 2583 2605 2629 2650 2666 2670 2666 2658 2643 2624 2607 2599 2600 2602 2604 2608 2617 2627 2632 2630 2627 2624 2626 2637
2442 2475 2500 2516 2529 2540 2550 2553 2553 2554 2558 2565 2571 2576 2584 2594 2606 2617 2625 2626 2621 2605 2576 2541 2502 2468 2434 2399 2378 2372 2376 2394 2422 2449 2471 2492 2513 2542 2574 2609 2648 2685 2720 2752 2776 2801 2824 2849 2877 2899 2914 2919 2911 2895 2879 2863 2838 2810 2783 2766 2755 2745 2738 2732 2730 2726 2718 2711 2713 2724 2738 2753 2771 2787 2804 2819 2844 2883 2925 2964 2991 3003 3002 2986 2954 2910 2869 2835 2809 2789 2776 2770 2763 2756 2744 2727 2711 2695 2682 2671 2657 2642 2628 2616 2608 2599 2591 2586 2584 2584 2585 2582 2578 2574 2571 2573 2581 2592 2605 2620 2633 2637 2630 2614 2593 2571 2547 2522 2496 2466 2440 2414 2389 2362 2330 2300 2274 2245 2220 2187 2145 2102 2060 2025 1993 1961 1938 1923 1915 1907 1893 1880 1866 1853 1843 1835 1829 1821 1813 1805 1797 1792 1787 1781 1773 1765 1758 1752 1746 1739 1730 1721 1714 1708 1704 1702 1701 1701 1701 1700 1699 1699 1700 1699 1698 1699 1700 1701 1700 1697 1697 1698 1698 1698 1697 1697 1698 1702 1709 1721 1742 1774 1818 1859 1896 1931 1953 1961 1955 1934 1912 1901 1913 1949 1991 2037 2086 2130 2172 2208 2247 2286 2315 2340 2365 2395 2431 2467 2502 2529 2549 2572 2592 2617 2643 2669 2690 2697 2694 2690 2679 2662 2644 2632 2627 2625 2624 2626 2632 2640 2645 2645 2643 2641 2643 2653
2457 2489 2510 2525 2539 2554 2569 2578 2583 2584 2585 2589 2593 2599 2608 2617 2627 2638 2646 2649 2647 2631 2600 2562 2520 2484 2448 2410 2385 2375 2377 2390 2414 2440 2463 2483 2504 2534 2565 2598 2637 2674 2712 2746 2774 2803 2826 2852 2885 2916 2941 2950 2943 2924 2902 2877 2849 2822 2797 2784 2781 2777 2773 2767 2765 2759 2746 2733 2727 2729 2737 2751 2769 2788 2809 2830 2858 2892 2928 2961 2984 2991 2980 2959 2927 2887 2852 2823 2800 2783 2774 2771 2766 2756 2741 2723 2706 2692 2679 2668 2652 2635 2619 2609 2603 2597 2590 2586 2586 2588 2590 2590 2587 2586 2587 2591 2597 2603 2613 2629 2644 2648 2637 2616 2591 2571 2548 2523 2497 2468 2443 2418 2394 2370 2339 2310 2283 2253 2227 2191 2145 2097 2050 2016 1985 1952 1926 1906 1896 1888 1878 1867 1854 1842 1833 1825 1818 1810 1802 1794 1787 1781 1775 1768 1761 1754 1749 1745 1740 1732 1723 1713 1708 1705 1703 1702 1702 1702 1701 1700 1700 1700 1700 1699 1699 1699 1700 1701 1699 1697 1696 1697 1697 1697 1698 1697 1697 1701 1709 1725 1752 1785 1825 1864 1902 1937 1959 1971 1973 1960 1937 1916 1916 1943 1981 2026 2076 2124 2170 2207 2242 2277 2306 2332 2357 2385 2422 2459 2494 2522 2544 2569 2593 2620 2649 2677 2702 2713 2715 2715 2711 2699 2681 2666 2657 2651 2648 2648 2652 2656 2658 2656 2656 2655 2658 2668
2467 2496 2516 2533 2551 2571 2589 2601 2607 2607 2606 2610 2618 2628 2639 2646 2654 2665 2675 2678 2675 2658 2624 2583 2539 2502 2465 2423 2395 2380 2378 2388 2407 2432 2456 2478 2500 2530 2561 2591 2626 2660 2695 2730 2760 2792 2815 2840 2875 2918 2961 2984 2985 2971 2942 2908 2877 2850 2827 2821 2823 2822 2818 2812 2805 2794 2775 2756 2744 2740 2744 2756 2774 2796 2820 2846 2877 2910 2940 2964 2977 2974 2953 2926 2897 2865 2837 2812 2793 2780 2774 2773 2767 2755 2738 2718 2701 2688 2677 2665 2648 2631 2616 2606 2603 2600 2596 2593 2593 2595 2598 2600 2601 2602 2605 2608 2610 2612 2621 2640 2659 2663 2651 2626 2598 2575 2553 2527 2498 2466 2441 2419 2395 2372 2345 2318 2290 2258 2229 2191 2145 2095 2046 2010 1979 1945 1917 1894 1881 1873 1864 1855 1843 1832 1823 1814 1807 1800 1792 1786 1779 1771 1764 1756 1750 1745 1742 1740 1736 1727 1717 1708 1704 1703 1702 1702 1702 1702 1702 1701 1700 1700 1700 1700 1700 1700 1701 1700 1699 1696 1696 1696 1696 1697 1698 1698 1696 1699 1709 1731 1761 1792 1831 1873 1912 1947 1968 1981 1990 1985 1966 1941 1930 1945 1975 2014 2060 2108 2155 2190 2222 2256 2286 2318 2345 2374 2411 2446 2480 2508 2532 2561 2587 2616 2645 2673 2700 2718 2728 2736 2739 2734 2719 2705 2695 2686 2680 2679 2681 2681 2677 2671 2670 2671 2675 2684
2470 2495 2515 2536 2559 2582 2603 2618 2625 2625 2623 2628 2640 2655 2665 2672 2680 2692 2702 2703 2698 2679 2642 2599 2553 2516 2479 2436 2404 2384 2379 2387 2404 2427 2451 2475 2499 2530 2561 2589 2618 2646 2677 2709 2740 2772 2794 2817 2854 2906 2964 3004 3020 3015 2986 2950 2919 2894 2873 2866 2867 2863 2857 2847 2835 2818 2794 2774 2759 2753 2754 2766 2787 2811 2838 2866 2900 2931 2953 2966 2967 2953 2926 2900 2875 2851 2828 2805 2788 2777 2772 2770 2762 2748 2729 2709 2695 2684 2673 2661 2646 2631 2620 2615 2615 2615 2612 2609 2607 2606 2606 2608 2611 2614 2617 2618 2618 2620 2633 2658 2679 2681 2666 2639 2608 2583 2558 2530 2498 2463 2438 2416 2393 2371 2346 2321 2294 2258 2225 2186 2141 2093 2043 2008 1978 1944 1914 1889 1874 1865 1856 1848 1837 1825 1814 1804 1797 1791 1785 1779 1773 1765 1756 1748 1742 1739 1738 1738 1733 1723 1713 1706 1704 1703 1703 1703 1703 1703 1702 1701 1701 1701 1701 1701 1700 1700 1701 1700 1698 1696 1695 1695 1695 1697 1698 1698 1695 1696 1708 1734 1765 1798 1838 1882 1924 1957 1976 1990 2004 2007 1995 1970 1952 1954 1972 2002 2040 2083 2128 2161 2191 2225 2260 2298 2329 2359 2395 2428 2461 2491 2517 2547 2575 2603 2633 2661 2690 2713 2731 2747 2758 2762 2755 2745 2738 2730 2724 2720 2718 2711 2698 2687 2683 2685 2691 2699
2472 2492 2511 2535 2561 2587 2613 2633 2644 2645 2643 2650 2663 2676 2687 2695 2706 2717 2726 2725 2718 2696 2657 2610 2562 2526 2492 2448 2411 2387 2379 2387 2404 2426 2449 2473 2498 2531 2563 2589 2614 2637 2665 2693 2720 2750 2772 2794 2832 2885 2951 3003 3034 3042 3024 2995 2969 2947 2927 2914 2904 2892 2880 2865 2848 2828 2804 2786 2773 2767 2769 2781 2807 2834 2860 2888 2920 2946 2960 2960 2948 2928 2903 2883 2866 2847 2826 2803 2785 2774 2768 2762 2751 2734 2716 2700 2688 2678 2667 2656 2645 2636 2631 2632 2637 2640 2638 2633 2628 2622 2618 2617 2618 2619 2621 2622 2625 2633 2655 2684 2702 2699 2679 2650 2616 2589 2561 2530 2497 2460 2435 2414 2390 2368 2343 2320 2292 2254 2217 2176 2132 2087 2041 2008 1980 1947 1917 1890 1872 1863 1854 1846 1833 1818 1804 1793 1787 1783 1777 1772 1767 1760 1753 1744 1738 1735 1734 1733 1728 1720 1710 1705 1703 1704 1704 1704 1703 1703 1702 1701 1700 1701 1701 1701 1700 1700 1700 1699 1698 1697 1696 1695 1695 1697 1699 1698 1694 1695 1708 1734 1768 1806 1851 1896 1935 1967 1987 2004 2022 2030 2021 1999 1977 1969 1973 1992 2021 2057 2096 2128 2158 2193 2230 2274 2309 2339 2373 2406 2441 2472 2500 2532 2559 2587 2618 2646 2677 2704 2727 2748 2767 2781 2785 2784 2783 2780 2775 2768 2759 2742 2722 2705 2698 2699 2705 2715
2475 2492 2511 2539 2565 2593 2624 2649 2664 2667 2667 2676 2686 2697 2706 2718 2733 2744 2751 2750 2740 2715 2672 2621 2570 2536 2504 2459 2417 2388 2378 2388 2408 2428 2448 2472 2499 2533 2565 2590 2612 2633 2658 2682 2705 2730 2752 2775 2812 2860 2922 2980 3022 3045 3044 3031 3013 2995 2973 2950 2928 2907 2890 2871 2853 2834 2815 2801 2793 2789 2792 2806 2834 2861 2882 2903 2927 2945 2949 2938 2919 2899 2881 2872 2864 2849 2830 2809 2791 2778 2769 2759 2744 2725 2709 2695 2687 2678 2667 2657 2650 2647 2650 2658 2668 2673 2672 2666 2657 2647 2637 2632 2629 2628 2631 2636 2645 2664 2692 2717 2727 2713 2688 2656 2620 2591 2560 2528 2494 2458 2434 2413 2388 2364 2338 2314 2285 2243 2203 2161 2118 2076 2034 2004 1979 1949 1919 1891 1871 1861 1851 1843 1828 1810 1794 1783 1778 1775 1769 1764 1760 1755 1750 1743 1736 1731 1729 1728 1723 1716 1708 1704 1703 1704 1704 1704 1703 1702 1702 1700 1700 1701 1701 1701 1700 1700 1700 1699 1698 1698 1697 1696 1696 1698 1699 1698 1695 1698 1711 1739 1776 1823 1876 1918 1951 1981 2003 2025 2047 2057 2051 2031 2007 1992 1985 1991 2009 2035 2066 2095 2127 2163 2202 2248 2285 2315 2348 2380 2417 2451 2481 2514 2542 2570 2601 2631 2664 2692 2716 2742 2767 2790 2804 2813 2820 2823 2822 2813 2797 2774 2748 2728 2718 2716 2723 2735
2477 2495 2517 2546 2575 2603 2634 2659 2674 2680 2684 2695 2704 2712 2722 2737 2755 2768 2777 2777 2767 2736 2688 2634 2582 2548 2515 2467 2422 2390 2380 2390 2410 2430 2449 2474 2502 2534 2565 2590 2613 2633 2655 2676 2694 2717 2739 2763 2796 2836 2890 2946 2992 3023 3039 3041 3031 3013 2989 2960 2933 2908 2889 2873 2857 2843 2830 2821 2816 2815 2822 2840 2867 2888 2898 2909 2921 2927 2922 2905 2885 2870 2861 2860 2859 2851 2837 2821 2805 2791 2779 2766 2748 2727 2710 2699 2693 2686 2675 2666 2662 2665 2675 2689 2700 2706 2705 2697 2684 2671 2657 2646 2641 2642 2649 2663 2683 2712 2739 2752 2745 2720 2689 2656 2621 2591 2558 2524 2490 2457 2434 2412 2386 2361 2334 2308 2273 2227 2186 2146 2105 2064 2023 1996 1973 1946 1918 1889 1868 1855 1843 1834 1819 1800 1785 1775 1771 1768 1763 1759 1755 1752 1748 1742 1735 1729 1725 1724 1721 1715 1708 1704 1704 1704 1704 1703 1702 1702 1702 1700 1700 1700 1701 1700 1700 1699 1699 1698 1698 1699 1698 1697 1697 1698 1699 1697 1695 1702 1717 1747 1792 1847 1905 1944 1969 1997 2020 2047 2072 2085 2081 2062 2038 2018 2005 2001 2007 2022 2046 2074 2107 2144 2182 2225 2262 2293 2325 2356 2394 2430 2463 2498 2529 2559 2589 2617 2649 2678 2703 2730 2756 2785 2807 2824 2838 2848 2850 2841 2823 2798 2771 2750 2736 2732 2739 2752
2486 2509 2534 2565 2594 2622 2650 2671 2685 2695 2704 2717 2725 2733 2746 2762 2782 2797 2809 2811 2797 2760 2704 2648 2597 2562 2525 2474 2427 2395 2385 2394 2412 2431 2452 2479 2506 2535 2563 2588 2614 2636 2656 2674 2690 2712 2735 2758 2786 2817 2860 2909 2953 2990 3017 3032 3030 3013 2987 2959 2934 2912 2897 2886 2876 2868 2859 2852 2848 2847 2857 2877 2897 2906 2903 2900 2898 2893 2880 2861 2847 2840 2836 2840 2846 2847 2844 2837 2827 2815 2802 2787 2767 2744 2726 2715 2710 2704 2694 2685 2682 2688 2701 2716 2728 2733 2733 2726 2714 2702 2689 2674 2667 2673 2686 2707 2736 2767 2786 2779 2754 2720 2686 2652 2616 2585 2551 2517 2485 2455 2433 2411 2383 2359 2331 2300 2259 2208 2168 2130 2091 2050 2007 1981 1961 1936 1909 1881 1859 1843 1830 1820 1806 1790 1777 1770 1766 1762 1757 1753 1749 1746 1743 1738 1732 1725 1721 1720 1719 1714 1708 1705 1704 1704 1703 1702 1702 1702 1702 1701 1700 1700 1700 1701 1700 1700 1700 1699 1699 1699 1699 1698 1698 1699 1700 1699 1700 1714 1733 1768 1820 1880 1938 1974 1994 2017 2041 2072 2101 2119 2118 2102 2077 2054 2036 2025 2021 2025 2040 2065 2096 2131 2165 2203 2238 2270 2301 2331 2368 2404 2439 2478 2514 2548 2576 2601 2632 2661 2687 2714 2740 2770 2797 2818 2837 2850 2856 2851 2837 2816 2796 2776 2761 2755 2762 2775
2499 2529 2558 2590 2619 2644 2667 2682 2695 2707 2720 2736 2746 2755 2769 2787 2809 2829 2842 2842 2820 2774 2711 2655 2608 2571 2532 2480 2433 2401 2391 2399 2414 2433 2455 2483 2508 2534 2561 2587 2614 2637 2657 2677 2694 2714 2737 2758 2781 2805 2839 2879 2920 2961 2997 3021 3024 3008 2984 2961 2942 2927 2919 2913 2908 2903 2895 2888 2883 2883 2893 2906 2911 2905 2891 2878 2867 2854 2840 2827 2821 2819 2819 2824 2833 2843 2852 2857 2857 2849 2836 2820 2799 2775 2756 2743 2738 2730 2719 2708 2702 2707 2719 2730 2739 2747 2752 2752 2747 2743 2736 2722 2715 2723 2735 2756 2782 2805 2808 2786 2751 2714 2682 2650 2610 2574 2539 2508 2481 2453 2432 2409 2380 2355 2326 2291 2245 2191 2150 2115 2077 2037 1995 1968 1949 1924 1898 1870 1848 1833 1820 1810 1798 1784 1774 1767 1762 1757 1752 1748 1744 1741 1738 1734 1728 1722 1718 1717 1717 1713 1708 1706 1705 1704 1702 1701 1701 1701 1702 1701 1701 1700 1701 1701 1700 1700 1700 1699 1699 1700 1699 1699 1699 1700 1701 1703 1712 1735 1763 1804 1857 1913 1966 1999 2018 2039 2062 2094 2124 2145 2150 2139 2115 2089 2069 2054 2043 2040 2047 2063 2090 2121 2152 2186 2220 2252 2284 2311 2344 2380 2416 2457 2498 2535 2564 2587 2616 2645 2673 2699 2723 2751 2776 2797 2817 2831 2840 2842 2838 2829 2819 2805 2790 2782 2786 2796
2520 2554 2587 2620 2648 2668 2684 2696 2710 2727 2744 2762 2773 2782 2796 2815 2840 2863 2875 2865 2832 2775 2707 2653 2609 2574 2534 2484 2441 2411 2400 2406 2419 2438 2460 2487 2510 2535 2563 2590 2616 2637 2660 2685 2704 2722 2741 2759 2778 2797 2825 2859 2899 2946 2990 3019 3028 3018 3000 2982 2969 2961 2958 2955 2951 2943 2933 2923 2918 2917 2922 2920 2907 2886 2865 2848 2834 2819 2809 2804 2804 2804 2804 2808 2820 2837 2858 2877 2885 2883 2873 2856 2834 2809 2791 2778 2770 2759 2745 2731 2720 2719 2725 2731 2737 2747 2762 2775 2784 2792 2793 2785 2778 2782 2788 2800 2810 2815 2802 2773 2739 2705 2679 2649 2603 2560 2523 2496 2475 2449 2428 2404 2375 2348 2315 2279 2232 2175 2134 2099 2063 2025 1985 1959 1938 1913 1886 1858 1837 1825 1815 1807 1796 1783 1774 1766 1759 1752 1746 1742 1738 1735 1732 1728 1723 1718 1715 1714 1713 1710 1707 1706 1705 1703 1701 1700 1700 1701 1702 1702 1701 1701 1701 1701 1700 1700 1700 1700 1699 1700 1700 1700 1701 1701 1704 1713 1732 1766 1806 1852 1898 1943 1988 2020 2041 2062 2085 2115 2143 2167 2180 2178 2160 2131 2105 2086 2074 2066 2062 2067 2083 2109 2137 2168 2203 2236 2267 2291 2320 2354 2390 2431 2473 2513 2545 2568 2596 2627 2656 2683 2706 2729 2752 2770 2788 2802 2813 2824 2833 2840 2842 2836 2824 2814 2813 2820
2545 2579 2612 2642 2666 2682 2697 2711 2731 2752 2774 2794 2806 2815 2827 2844 2868 2887 2892 2870 2826 2762 2694 2642 2601 2567 2530 2485 2446 2419 2409 2414 2426 2444 2466 2491 2512 2538 2567 2595 2620 2641 2667 2696 2717 2732 2746 2761 2776 2792 2817 2846 2886 2939 2987 3022 3039 3040 3033 3019 3007 3000 2997 2993 2984 2973 2959 2947 2941 2938 2934 2916 2888 2859 2835 2819 2805 2791 2786 2789 2793 2793 2792 2794 2807 2830 2859 2885 2900 2902 2896 2879 2857 2835 2819 2807 2797 2782 2765 2747 2729 2722 2721 2721 2725 2737 2760 2785 2807 2825 2834 2831 2826 2824 2821 2819 2811 2798 2777 2750 2724 2696 2676 2645 2595 2546 2508 2485 2468 2444 2423 2399 2369 2340 2304 2267 2221 2165 2122 2087 2051 2015 1978 1952 1929 1903 1876 1848 1830 1821 1814 1807 1796 1785 1776 1766 1756 1748 1740 1736 1732 1729 1726 1722 1719 1715 1712 1710 1709 1706 1705 1706 1705 1703 1701 1700 1700 1701 1702 1702 1702 1702 1702 1701 1700 1700 1700 1700 1700 1700 1700 1701 1703 1702 1707 1724 1754 1798 1846 1891 1928 1960 1998 2032 2058 2081 2103 2131 2157 2182 2203 2212 2202 2176 2147 2123 2108 2097 2085 2077 2081 2098 2122 2152 2186 2219 2251 2275 2301 2334 2368 2407 2446 2487 2524 2551 2579 2610 2640 2667 2689 2709 2728 2743 2759 2772 2786 2803 2822 2841 2854 2857 2853 2845 2844 2848
2568 2599 2626 2651 2668 2682 2704 2726 2753 2782 2808 2829 2842 2850 2859 2872 2888 2897 2889 2855 2805 2743 2677 2627 2586 2555 2522 2482 2448 2425 2418 2423 2435 2452 2472 2496 2518 2544 2573 2600 2627 2651 2680 2709 2729 2741 2752 2763 2776 2788 2808 2834 2873 2928 2980 3023 3054 3069 3072 3059 3041 3027 3019 3009 2995 2981 2966 2955 2948 2941 2927 2899 2866 2836 2813 2796 2781 2768 2766 2771 2778 2780 2781 2782 2796 2822 2853 2879 2895 2900 2895 2880 2860 2842 2831 2823 2814 2797 2776 2753 2731 2718 2712 2709 2711 2724 2748 2779 2809 2832 2843 2842 2836 2831 2823 2809 2790 2770 2750 2731 2714 2691 2671 2637 2583 2534 2498 2477 2461 2437 2418 2395 2365 2333 2294 2258 2214 2160 2117 2080 2042 2007 1971 1945 1922 1896 1869 1843 1827 1819 1813 1806 1796 1786 1777 1766 1755 1745 1736 1731 1727 1724 1721 1718 1715 1713 1710 1707 1706 1705 1704 1705 1704 1703 1701 1699 1699 1700 1702 1703 1703 1702 1702 1701 1701 1700 1700 1701 1701 1701 1701 1701 1703 1703 1711 1735 1774 1823 1871 1910 1940 1966 2001 2037 2068 2094 2116 2142 2168 2194 2220 2238 2240 2224 2194 2163 2143 2129 2112 2096 2088 2095 2112 2137 2167 2200 2234 2261 2289 2321 2352 2387 2421 2459 2502 2535 2566 2595 2623 2650 2671 2689 2707 2721 2736 2750 2766 2786 2807 2830 2851 2864 2871 2872 2875 2880
2592 2615 2634 2652 2663 2679 2709 2741 2778 2815 2845 2867 2877 2882 2885 2890 2894 2888 2867 2825 2775 2719 2659 2610 2568 2539 2510 2476 2447 2428 2425 2432 2445 2462 2481 2505 2529 2557 2584 2611 2642 2673 2704 2730 2745 2755 2762 2769 2779 2786 2800 2824 2861 2912 2966 3017 3061 3090 3101 3088 3063 3039 3021 3004 2983 2965 2951 2942 2934 2923 2902 2871 2841 2818 2798 2780 2763 2751 2747 2751 2758 2763 2766 2769 2783 2809 2837 2858 2870 2874 2870 2858 2841 2829 2824 2821 2815 2799 2777 2752 2729 2713 2704 2699 2702 2713 2733 2761 2790 2811 2818 2815 2808 2803 2794 2777 2755 2739 2728 2716 2703 2680 2657 2619 2566 2522 2492 2470 2452 2429 2411 2389 2359 2325 2284 2248 2208 2157 2115 2075 2035 1999 1964 1938 1914 1889 1865 1842 1827 1819 1811 1804 1794 1785 1776 1765 1753 1741 1731 1726 1722 1719 1717 1714 1712 1710 1707 1705 1705 1704 1704 1704 1704 1703 1701 1699 1699 1700 1702 1703 1703 1702 1702 1701 1701 1701 1701 1702 1702 1702 1702 1701 1704 1705 1717 1747 1791 1840 1880 1912 1940 1966 2003 2040 2073 2102 2125 2152 2179 2206 2236 2261 2275 2271 2246 2209 2181 2163 2144 2123 2105 2102 2110 2127 2151 2180 2215 2246 2277 2307 2335 2367 2395 2431 2477 2516 2548 2576 2602 2629 2649 2669 2687 2702 2719 2736 2754 2773 2790 2811 2834 2855 2874 2886 2898 2908
2613 2628 2639 2650 2659 2677 2713 2754 2800 2846 2878 2897 2903 2900 2895 2890 2882 2866 2838 2795 2750 2700 2645 2597 2553 2523 2498 2467 2443 2429 2428 2438 2453 2469 2489 2515 2542 2571 2596 2624 2661 2698 2731 2755 2768 2774 2776 2777 2781 2785 2796 2818 2850 2896 2945 2999 3050 3086 3101 3091 3066 3035 3009 2984 2956 2935 2920 2912 2903 2890 2870 2843 2820 2802 2785 2769 2754 2743 2738 2738 2743 2748 2751 2755 2769 2793 2816 2830 2837 2838 2833 2823 2813 2807 2806 2807 2804 2792 2773 2751 2728 2710 2698 2693 2696 2706 2721 2741 2763 2778 2779 2772 2764 2760 2755 2744 2728 2718 2713 2704 2690 2664 2633 2593 2548 2513 2487 2464 2444 2422 2406 2384 2352 2316 2275 2240 2202 2154 2112 2070 2028 1992 1957 1930 1906 1883 1863 1843 1829 1820 1811 1802 1791 1783 1775 1764 1751 1737 1727 1721 1718 1716 1714 1712 1710 1708 1706 1705 1705 1704 1704 1703 1703 1703 1702 1700 1700 1701 1702 1703 1703 1702 1702 1702 1702 1702 1702 1703 1703 1702 1702 1703 1707 1711 1726 1759 1801 1845 1879 1907 1936 1965 2003 2042 2076 2107 2131 2158 2186 2215 2249 2278 2298 2304 2284 2249 2217 2195 2173 2150 2126 2114 2115 2126 2143 2167 2198 2229 2262 2293 2320 2350 2376 2410 2455 2495 2528 2557 2583 2610 2631 2652 2671 2687 2706 2725 2743 2760 2774 2791 2813 2836 2862 2884 2904 2919
2637 2645 2650 2659 2670 2690 2726 2770 2821 2871 2904 2918 2916 2906 2890 2875 2858 2836 2808 2769 2728 2682 2631 2585 2540 2510 2485 2458 2439 2429 2431 2442 2460 2478 2501 2532 2561 2589 2614 2645 2689 2731 2766 2790 2801 2805 2800 2793 2791 2793 2802 2819 2845 2882 2923 2971 3021 3057 3072 3068 3049 3021 2992 2961 2927 2902 2884 2873 2863 2850 2834 2815 2797 2782 2768 2756 2745 2734 2728 2726 2728 2731 2734 2739 2752 2772 2791 2801 2803 2800 2794 2787 2783 2782 2784 2785 2785 2779 2766 2750 2731 2712 2696 2689 2692 2702 2711 2722 2734 2740 2736 2725 2716 2714 2714 2713 2708 2704 2698 2686 2666 2635 2598 2560 2526 2502 2478 2454 2434 2413 2398 2375 2340 2304 2265 2231 2194 2148 2106 2064 2023 1987 1951 1923 1899 1876 1859 1843 1831 1820 1810 1799 1788 1780 1772 1761 1746 1731 1720 1716 1715 1713 1711 1709 1708 1707 1706 1705 1705 1704 1704 1703 1704 1704 1703 1701 1701 1702 1703 1703 1703 1702 1702 1702 1703 1703 1703 1703 1702 1702 1703 1706 1712 1720 1740 1773 1810 1846 1878 1908 1942 1974 2012 2048 2082 2116 2142 2169 2197 2228 2266 2298 2321 2330 2318 2290 2260 2235 2210 2184 2158 2142 2136 2138 2148 2164 2186 2211 2241 2272 2300 2329 2356 2389 2429 2465 2499 2530 2558 2586 2608 2630 2650 2668 2688 2708 2727 2743 2756 2772 2791 2812 2840 2867 2894 2913
2659 2662 2664 2673 2688 2710 2744 2785 2833 2878 2908 2918 2912 2896 2875 2854 2830 2805 2780 2747 2710 2666 2619 2574 2531 2500 2476 2452 2436 2429 2432 2445 2467 2488 2514 2550 2581 2610 2636 2671 2720 2765 2799 2821 2831 2833 2825 2814 2809 2810 2818 2832 2852 2881 2915 2956 2998 3025 3036 3037 3027 3006 2977 2943 2909 2883 2860 2843 2828 2813 2801 2788 2775 2764 2755 2748 2739 2729 2721 2717 2716 2717 2722 2730 2742 2758 2771 2778 2777 2772 2765 2760 2760 2761 2762 2764 2766 2765 2757 2746 2731 2713 2696 2687 2691 2698 2701 2702 2705 2703 2694 2683 2675 2674 2679 2687 2691 2691 2683 2664 2638 2604 2567 2534 2511 2493 2470 2445 2423 2403 2386 2362 2327 2293 2258 2225 2189 2145 2105 2064 2024 1987 1949 1918 1893 1872 1857 1844 1832 1821 1810 1799 1787 1778 1770 1757 1740 1724 1715 1712 1712 1711 1709 1708 1707 1706 1706 1706 1705 1704 1704 1704 1704 1704 1703 1703 1703 1703 1703 1704 1703 1703 1702 1702 1703 1704 1704 1703 1702 1702 1705 1710 1717 1730 1753 1785 1816 1847 1878 1914 1953 1987 2023 2058 2091 2126 2154 2182 2211 2242 2281 2313 2335 2346 2341 2323 2298 2273 2249 2224 2198 2179 2167 2160 2161 2167 2181 2199 2223 2252 2281 2311 2341 2373 2408 2438 2471 2503 2532 2560 2584 2608 2629 2648 2669 2690 2710 2727 2741 2757 2773 2790 2814 2841 2869 2893
2684 2684 2684 2695 2713 2738 2770 2803 2840 2873 2895 2904 2897 2880 2858 2835 2808 2780 2753 2721 2687 2645 2602 2561 2521 2492 2470 2449 2436 2431 2435 2450 2476 2501 2531 2572 2605 2633 2662 2702 2755 2800 2832 2852 2860 2862 2854 2844 2839 2839 2845 2856 2870 2893 2922 2955 2985 3002 3008 3010 3008 2994 2968 2934 2905 2879 2850 2825 2803 2784 2771 2759 2748 2743 2741 2738 2730 2719 2709 2704 2702 2706 2715 2726 2739 2751 2759 2761 2759 2753 2747 2744 2744 2744 2744 2746 2749 2751 2746 2737 2725 2709 2693 2684 2685 2689 2686 2680 2675 2667 2657 2648 2642 2642 2648 2658 2666 2667 2654 2632 2604 2572 2541 2517 2499 2483 2459 2434 2410 2388 2370 2345 2313 2282 2251 2220 2186 2146 2110 2070 2032 1993 1951 1918 1892 1870 1857 1844 1832 1821 1811 1801 1789 1778 1767 1751 1733 1717 1709 1709 1709 1708 1707 1707 1706 1706 1706 1706 1705 1705 1704 1705 1705 1705 1705 1704 1704 1703 1703 1704 1704 1704 1703 1702 1702 1703 1703 1703 1702 1703 1708 1715 1723 1740 1768 1799 1825 1854 1888 1930 1971 2005 2039 2072 2105 2141 2171 2202 2231 2261 2297 2328 2352 2364 2363 2353 2336 2317 2297 2275 2250 2228 2209 2192 2182 2179 2185 2196 2212 2235 2262 2294 2324 2354 2385 2411 2441 2471 2500 2529 2553 2578 2602 2623 2645 2667 2688 2708 2724 2741 2756 2771 2790 2813 2840 2867
2707 2706 2708 2721 2742 2769 2798 2823 2845 2865 2881 2888 2881 2864 2844 2821 2792 2760 2730 2699 2664 2623 2583 2547 2511 2485 2465 2448 2437 2434 2441 2458 2487 2517 2552 2595 2627 2656 2688 2733 2789 2833 2862 2881 2891 2896 2890 2881 2878 2879 2883 2891 2901 2916 2937 2959 2975 2982 2985 2986 2987 2979 2957 2927 2904 2881 2848 2816 2788 2765 2748 2734 2724 2722 2725 2723 2714 2703 2694 2690 2690 2698 2712 2727 2739 2748 2751 2751 2748 2744 2739 2736 2735 2733 2731 2731 2733 2734 2730 2725 2715 2702 2688 2679 2677 2674 2667 2657 2649 2641 2632 2625 2621 2620 2620 2626 2632 2632 2619 2598 2572 2545 2524 2507 2489 2471 2445 2420 2396 2372 2351 2327 2299 2273 2245 2216 2184 2147 2115 2079 2042 2002 1957 1922 1895 1873 1857 1843 1830 1821 1812 1802 1789 1778 1764 1745 1726 1712 1706 1706 1706 1706 1706 1707 1707 1707 1706 1705 1705 1705 1705 1705 1705 1705 1705 1705 1704 1703 1703 1704 1704 1704 1703 1702 1702 1702 1703 1702 1702 1705 1711 1719 1729 1750 1782 1813 1839 1869 1906 1951 1993 2024 2055 2086 2120 2159 2192 2223 2253 2281 2315 2345 2369 2382 2384 2380 2370 2358 2343 2326 2306 2283 2258 2231 2211 2199 2198 2201 2209 2225 2248 2280 2309 2336 2365 2388 2415 2442 2470 2497 2520 2546 2573 2596 2620 2642 2664 2687 2707 2726 2743 2757 2772 2789 2813 2840
2724 2726 2730 2747 2771 2798 2824 2840 2853 2865 2877 2884 2875 2856 2834 2811 2779 2743 2711 2680 2645 2604 2564 2533 2503 2480 2462 2448 2439 2439 2449 2468 2500 2535 2575 2618 2646 2674 2710 2760 2818 2860 2888 2910 2927 2937 2930 2919 2918 2922 2927 2932 2937 2945 2951 2954 2956 2959 2961 2963 2962 2956 2937 2913 2896 2875 2841 2806 2774 2750 2733 2717 2708 2706 2706 2702 2691 2681 2676 2678 2682 2693 2711 2727 2739 2745 2745 2743 2739 2734 2730 2728 2726 2723 2719 2714 2711 2710 2711 2710 2705 2695 2683 2672 2665 2656 2645 2635 2628 2623 2616 2609 2604 2598 2592 2590 2590 2591 2584 2570 2551 2529 2513 2498 2478 2455 2428 2405 2383 2357 2336 2313 2288 2265 2239 2212 2181 2145 2116 2084 2049 2009 1964 1930 1903 1878 1858 1841 1828 1820 1811 1801 1787 1774 1759 1739 1721 1708 1704 1705 1706 1705 1706 1707 1708 1707 1705 1704 1704 1704 1704 1705 1705 1705 1705 1705 1705 1704 1704 1704 1704 1704 1703 1702 1702 1702 1702 1702 1703 1707 1713 1721 1735 1759 1794 1828 1856 1888 1927 1971 2012 2039 2067 2097 2134 2176 2211 2243 2271 2300 2333 2364 2387 2399 2403 2402 2397 2390 2379 2369 2355 2336 2309 2274 2245 2226 2216 2212 2212 2221 2240 2269 2296 2321 2347 2368 2392 2418 2444 2469 2491 2517 2547 2573 2598 2619 2642 2668 2690 2711 2730 2745 2760 2774 2793 2817
2742 2746 2753 2771 2798 2827 2850 2862 2870 2879 2887 2886 2872 2850 2826 2801 2768 2728 2694 2662 2626 2584 2547 2520 2496 2476 2459 2447 2443 2447 2461 2482 2515 2555 2599 2640 2664 2690 2728 2781 2842 2885 2915 2941 2966 2982 2972 2956 2954 2959 2963 2963 2963 2960 2949 2934 2926 2928 2932 2933 2928 2918 2902 2884 2870 2852 2822 2788 2757 2734 2717 2703 2693 2689 2683 2674 2662 2655 2656 2664 2674 2688 2708 2725 2735 2739 2737 2733 2727 2721 2716 2713 2711 2709 2702 2692 2682 2680 2687 2694 2692 2686 2676 2663 2651 2637 2623 2614 2609 2607 2603 2593 2584 2573 2561 2551 2547 2548 2548 2544 2533 2516 2501 2484 2459 2433 2407 2387 2368 2344 2322 2301 2279 2258 2233 2205 2174 2139 2112 2085 2052 2014 1971 1939 1914 1885 1861 1840 1827 1820 1810 1798 1783 1769 1754 1735 1718 1707 1704 1705 1706 1706 1706 1708 1708 1707 1705 1704 1704 1704 1704 1704 1704 1704 1704 1705 1705 1705 1705 1705 1705 1704 1703 1703 1703 1702 1702 1703 1706 1711 1717 1727 1746 1773 1809 1845 1875 1909 1948 1989 2026 2051 2078 2108 2147 2193 2231 2263 2291 2319 2354 2384 2406 2418 2423 2425 2423 2418 2412 2407 2400 2386 2359 2321 2287 2262 2243 2231 2224 2227 2240 2264 2286 2307 2330 2349 2371 2396 2420 2443 2464 2490 2520 2547 2573 2595 2618 2646 2670 2692 2712 2730 2748 2762 2779 2799
2751 2757 2765 2784 2813 2845 2870 2885 2894 2901 2898 2883 2861 2838 2815 2792 2759 2719 2684 2651 2613 2571 2536 2512 2492 2473 2456 2447 2448 2457 2474 2495 2528 2571 2616 2656 2677 2699 2734 2787 2853 2902 2937 2967 2994 3014 3005 2985 2978 2979 2980 2973 2963 2950 2929 2908 2899 2901 2904 2901 2892 2880 2867 2853 2838 2821 2797 2770 2744 2722 2705 2691 2682 2674 2662 2649 2637 2633 2639 2653 2668 2684 2703 2720 2731 2734 2731 2726 2718 2709 2703 2699 2697 2693 2684 2669 2656 2654 2667 2680 2683 2679 2670 2656 2641 2624 2609 2601 2598 2598 2592 2581 2568 2554 2539 2526 2520 2520 2522 2522 2516 2503 2488 2468 2440 2413 2389 2372 2357 2336 2316 2295 2275 2254 2227 2198 2166 2131 2106 2081 2052 2017 1977 1950 1926 1895 1866 1842 1829 1821 1810 1798 1782 1766 1750 1732 1717 1708 1704 1705 1706 1707 1708 1708 1708 1706 1705 1704 1704 1704 1704 1704 1704 1704 1704 1704 1705 1706 1706 1706 1705 1704 1703 1703 1703 1702 1702 1705 1709 1716 1723 1737 1763 1793 1826 1858 1888 1925 1962 1999 2032 2056 2084 2115 2156 2207 2247 2280 2307 2336 2370 2398 2418 2430 2436 2441 2442 2440 2436 2434 2429 2418 2395 2359 2326 2298 2272 2254 2242 2239 2247 2263 2281 2298 2316 2332 2353 2377 2402 2426 2446 2470 2497 2523 2550 2573 2597 2627 2652 2674 2696 2716 2737 2753 2769 2786
2767 2775 2782 2799 2830 2866 2896 2915 2924 2925 2905 2869 2838 2817 2798 2779 2749 2711 2676 2641 2601 2560 2528 2508 2489 2471 2456 2449 2455 2470 2489 2510 2543 2585 2631 2669 2688 2708 2736 2787 2858 2916 2958 2990 3014 3031 3025 3005 2989 2981 2975 2959 2938 2915 2893 2877 2870 2870 2867 2859 2847 2836 2826 2813 2796 2780 2764 2746 2727 2705 2689 2675 2666 2656 2641 2626 2615 2615 2624 2641 2658 2676 2695 2712 2724 2726 2723 2716 2706 2695 2685 2681 2678 2672 2659 2642 2628 2629 2646 2664 2671 2670 2661 2648 2632 2615 2600 2592 2587 2583 2575 2562 2548 2532 2518 2508 2503 2500 2497 2494 2490 2480 2466 2445 2418 2392 2371 2357 2345 2326 2308 2289 2270 2250 2221 2190 2156 2123 2098 2074 2050 2020 1984 1960 1936 1903 1873 1848 1834 1825 1812 1800 1785 1767 1748 1730 1717 1710 1705 1705 1706 1708 1708 1708 1707 1706 1705 1705 1704 1704 1703 1704 1705 1705 1704 1704 1705 1706 1707 1707 1706 1705 1704 1703 1703 1703 1703 1708 1713 1721 1732 1753 1785 1817 1846 1871 1898 1936 1972 2005 2035 2061 2093 2126 2168 2221 2263 2297 2326 2354 2385 2410 2427 2438 2447 2456 2461 2463 2463 2460 2455 2444 2426 2398 2370 2341 2311 2287 2269 2261 2264 2271 2281 2293 2305 2317 2334 2358 2384 2410 2430 2450 2472 2495 2523 2547 2573 2604 2629 2651 2674 2696 2720 2739 2756 2772
2789 2799 2805 2819 2850 2889 2922 2941 2945 2936 2900 2850 2815 2800 2787 2772 2744 2707 2671 2634 2594 2554 2525 2506 2488 2471 2457 2453 2463 2482 2502 2522 2554 2595 2640 2677 2696 2715 2739 2787 2859 2921 2968 3000 3019 3029 3022 3002 2979 2964 2950 2929 2901 2874 2856 2849 2844 2840 2831 2819 2808 2797 2788 2775 2758 2744 2733 2723 2708 2688 2672 2661 2652 2642 2627 2612 2603 2605 2614 2630 2649 2669 2687 2703 2714 2716 2712 2705 2693 2680 2669 2664 2659 2650 2635 2618 2607 2609 2626 2646 2657 2658 2652 2640 2627 2612 2597 2587 2578 2568 2556 2542 2528 2515 2504 2498 2494 2487 2477 2471 2467 2459 2445 2424 2399 2375 2355 2341 2330 2316 2301 2284 2266 2246 2217 2185 2152 2119 2093 2070 2050 2026 1994 1969 1942 1907 1876 1853 1838 1827 1814 1803 1789 1770 1751 1733 1720 1713 1707 1706 1707 1708 1708 1707 1706 1705 1705 1705 1705 1704 1704 1705 1706 1705 1704 1704 1705 1707 1708 1708 1707 1706 1705 1705 1704 1703 1704 1710 1716 1725 1739 1764 1801 1833 1860 1880 1904 1943 1976 2006 2036 2065 2104 2140 2181 2232 2275 2311 2341 2367 2396 2416 2430 2441 2451 2464 2474 2480 2483 2481 2474 2465 2452 2433 2409 2383 2353 2325 2301 2289 2285 2283 2285 2291 2299 2307 2321 2343 2370 2398 2419 2437 2455 2474 2501 2526 2553 2583 2607 2630 2653 2677 2704 2727 2746 2763
2824 2840 2846 2858 2886 2924 2954 2966 2956 2931 2885 2832 2802 2794 2785 2771 2742 2705 2667 2627 2587 2550 2521 2504 2487 2472 2461 2460 2473 2494 2514 2535 2566 2606 2648 2684 2704 2724 2750 2796 2861 2920 2967 3001 3016 3016 3003 2982 2959 2941 2921 2897 2869 2843 2831 2826 2819 2809 2794 2782 2773 2762 2752 2740 2725 2715 2708 2700 2687 2669 2655 2646 2638 2628 2615 2603 2596 2597 2606 2620 2639 2660 2679 2693 2701 2702 2698 2690 2677 2664 2653 2646 2639 2628 2613 2598 2587 2587 2601 2620 2634 2640 2638 2629 2618 2606 2592 2579 2564 2550 2535 2520 2508 2497 2489 2483 2477 2466 2452 2447 2445 2438 2425 2404 2381 2359 2337 2321 2310 2298 2286 2273 2258 2240 2213 2184 2151 2118 2092 2070 2052 2033 2004 1976 1943 1905 1876 1855 1840 1828 1814 1804 1792 1776 1757 1739 1725 1716 1708 1706 1707 1708 1708 1706 1705 1704 1704 1705 1705 1705 1705 1705 1706 1706 1705 1704 1705 1707 1707 1708 1707 1706 1706 1706 1705 1704 1706 1712 1718 1726 1741 1768 1806 1840 1867 1887 1912 1950 1981 2008 2039 2075 2121 2159 2197 2244 2285 2323 2352 2378 2405 2422 2432 2443 2454 2469 2483 2494 2501 2501 2497 2491 2484 2469 2451 2428 2402 2372 2341 2323 2312 2301 2295 2295 2300 2304 2314 2332 2357 2385 2406 2423 2440 2458 2481 2505 2532 2561 2584 2607 2631 2658 2688 2714 2735 2754
2871 2890 2898 2909 2934 2965 2985 2984 2959 2919 2869 2821 2798 2794 2786 2772 2741 2702 2662 2622 2584 2548 2520 2503 2488 2476 2469 2471 2484 2505 2525 2547 2579 2617 2656 2691 2711 2733 2763 2807 2864 2917 2963 2998 3009 3000 2978 2955 2935 2917 2895 2872 2849 2828 2819 2812 2800 2784 2768 2757 2749 2737 2725 2714 2704 2697 2690 2681 2668 2653 2643 2636 2628 2619 2608 2598 2591 2592 2597 2610 2628 2650 2670 2682 2686 2686 2682 2674 2662 2650 2640 2632 2621 2609 2594 2580 2570 2568 2578 2595 2610 2620 2622 2617 2608 2598 2585 2569 2550 2534 2518 2502 2491 2482 2474 2467 2456 2441 2427 2423 2423 2417 2405 2388 2366 2343 2319 2299 2286 2275 2267 2258 2246 2231 2209 2182 2151 2118 2093 2072 2055 2038 2009 1975 1937 1899 1873 1856 1842 1830 1816 1806 1796 1783 1766 1746 1730 1718 1709 1707 1707 1707 1707 1706 1704 1703 1703 1704 1706 1706 1706 1706 1706 1706 1705 1705 1705 1706 1707 1707 1707 1707 1707 1707 1707 1706 1707 1713 1718 1727 1742 1768 1803 1838 1869 1894 1922 1960 1989 2016 2050 2090 2138 2177 2212 2253 2292 2331 2361 2387 2414 2428 2436 2445 2456 2473 2490 2505 2515 2518 2517 2516 2513 2503 2488 2470 2449 2419 2385 2364 2349 2332 2320 2312 2311 2312 2315 2327 2347 2371 2391 2408 2427 2444 2466 2487 2512 2538 2559 2583 2608 2638 2671 2699 2722 2743
2919 2939 2948 2960 2979 3000 3007 2994 2958 2912 2863 2820 2800 2794 2786 2770 2737 2697 2658 2618 2583 2550 2522 2504 2491 2482 2478 2483 2496 2515 2536 2559 2591 2627 2664 2697 2716 2737 2770 2815 2868 2918 2964 2999 3006 2989 2958 2932 2915 2900 2879 2859 2841 2825 2816 2806 2791 2773 2756 2746 2737 2724 2711 2700 2692 2687 2677 2667 2656 2645 2638 2633 2627 2617 2606 2594 2587 2585 2589 2601 2619 2641 2661 2670 2672 2671 2667 2660 2650 2640 2631 2622 2609 2594 2578 2565 2556 2554 2561 2575 2590 2603 2609 2606 2599 2590 2578 2562 2541 2523 2508 2493 2481 2471 2462 2451 2436 2419 2405 2401 2401 2397 2388 2373 2352 2328 2301 2278 2263 2253 2249 2243 2234 2223 2204 2179 2148 2117 2095 2076 2057 2036 2003 1966 1928 1893 1872 1857 1845 1833 1820 1810 1800 1789 1775 1754 1734 1720 1710 1707 1707 1707 1705 1705 1704 1703 1703 1704 1706 1707 1707 1707 1706 1706 1705 1705 1705 1706 1707 1707 1706 1707 1707 1707 1707 1707 1709 1714 1719 1729 1743 1766 1800 1833 1868 1901 1935 1974 2002 2029 2066 2107 2152 2188 2220 2259 2296 2334 2368 2396 2423 2436 2441 2448 2458 2476 2495 2512 2524 2529 2531 2533 2533 2528 2517 2504 2487 2460 2429 2409 2395 2376 2357 2341 2332 2326 2323 2328 2341 2359 2376 2393 2413 2432 2454 2473 2494 2517 2537 2560 2587 2619 2654 2684 2708 2730
2969 2988 3000 3014 3029 3037 3028 3003 2963 2917 2873 2834 2812 2801 2788 2769 2734 2694 2654 2616 2583 2552 2524 2506 2495 2489 2489 2498 2510 2528 2551 2576 2607 2640 2674 2705 2721 2739 2772 2817 2868 2918 2965 2999 3005 2985 2953 2925 2908 2894 2876 2859 2845 2831 2820 2805 2787 2770 2754 2742 2731 2717 2704 2692 2684 2678 2667 2656 2648 2641 2637 2632 2625 2614 2599 2585 2576 2575 2579 2591 2608 2629 2646 2655 2657 2656 2654 2649 2642 2634 2625 2616 2601 2583 2565 2549 2539 2538 2545 2558 2572 2585 2592 2589 2582 2573 2563 2549 2530 2515 2501 2486 2473 2459 2446 2430 2411 2393 2380 2374 2374 2370 2364 2352 2332 2308 2281 2257 2240 2230 2226 2222 2216 2208 2192 2166 2135 2107 2089 2072 2050 2022 1986 1949 1916 1889 1873 1859 1848 1839 1827 1816 1804 1794 1780 1757 1736 1719 1710 1708 1708 1707 1705 1704 1704 1704 1704 1704 1706 1706 1707 1707 1707 1706 1705 1705 1706 1707 1707 1707 1707 1706 1707 1707 1707 1709 1712 1716 1722 1735 1748 1768 1799 1831 1869 1908 1948 1990 2018 2046 2086 2124 2161 2193 2225 2263 2298 2337 2373 2405 2432 2444 2447 2453 2462 2479 2498 2516 2528 2534 2538 2542 2546 2545 2540 2530 2517 2495 2471 2457 2448 2432 2410 2385 2367 2354 2344 2341 2344 2353 2364 2378 2397 2417 2440 2457 2473 2494 2513 2536 2563 2595 2631 2662 2687 2710
3011 3027 3043 3062 3075 3072 3047 3012 2972 2930 2892 2855 2832 2816 2794 2769 2734 2695 2657 2617 2585 2555 2527 2510 2500 2496 2499 2510 2523 2540 2565 2591 2621 2651 2680 2708 2723 2739 2770 2813 2863 2911 2956 2988 2996 2982 2953 2928 2911 2897 2879 2864 2853 2843 2831 2812 2791 2774 2758 2744 2730 2715 2701 2687 2679 2671 2661 2651 2645 2640 2636 2630 2621 2606 2588 2572 2564 2565 2572 2584 2600 2617 2631 2639 2644 2646 2647 2644 2639 2633 2624 2614 2598 2580 2559 2538 2525 2523 2533 2547 2560 2571 2575 2571 2562 2553 2544 2534 2520 2509 2497 2482 2468 2450 2431 2410 2388 2371 2358 2351 2349 2347 2343 2332 2314 2292 2268 2246 2228 2213 2205 2201 2199 2194 2177 2149 2119 2093 2077 2057 2031 2000 1963 1931 1905 1886 1873 1861 1852 1844 1833 1821 1808 1798 1782 1756 1733 1717 1709 1709 1709 1707 1705 1705 1705 1705 1705 1705 1705 1706 1706 1707 1707 1706 1705 1705 1706 1707 1707 1708 1707 1707 1708 1708 1709 1711 1714 1719 1728 1742 1755 1773 1801 1832 1870 1912 1954 1997 2028 2060 2101 2134 2165 2193 2225 2264 2299 2337 2375 2408 2434 2446 2451 2456 2464 2480 2498 2515 2528 2534 2539 2545 2549 2551 2549 2543 2533 2519 2503 2495 2491 2481 2460 2433 2408 2389 2373 2361 2354 2353 2358 2369 2384 2404 2425 2442 2456 2474 2493 2517 2542 2571 2607 2638 2666 2691
3045 3062 3082 3106 3120 3109 3071 3028 2989 2952 2918 2883 2862 2842 2809 2776 2740 2702 2663 2620 2586 2557 2530 2513 2505 2503 2508 2521 2537 2556 2582 2609 2637 2662 2685 2710 2725 2743 2770 2807 2853 2896 2935 2965 2978 2976 2959 2939 2922 2904 2884 2868 2861 2854 2841 2819 2794 2775 2758 2742 2726 2710 2694 2680 2670 2663 2655 2647 2640 2634 2629 2619 2607 2589 2568 2553 2548 2553 2565 2577 2589 2601 2612 2621 2629 2636 2640 2639 2636 2630 2621 2610 2595 2577 2553 2527 2508 2503 2514 2531 2544 2551 2550 2543 2533 2524 2517 2511 2502 2496 2486 2471 2455 2435 2412 2387 2362 2345 2331 2322 2319 2316 2313 2303 2288 2271 2252 2234 2215 2194 2179 2173 2173 2169 2151 2123 2094 2072 2053 2028 2000 1970 1938 1913 1894 1881 1872 1861 1853 1846 1836 1824 1810 1798 1779 1750 1726 1712 1708 1710 1710 1709 1706 1706 1706 1706 1707 1706 1706 1705 1706 1707 1707 1707 1706 1706 1707 1707 1708 1709 1709 1708 1709 1711 1713 1713 1717 1725 1736 1751 1764 1780 1807 1837 1874 1914 1953 1995 2030 2067 2107 2137 2165 2193 2226 2265 2300 2337 2375 2407 2431 2444 2450 2457 2465 2478 2494 2509 2522 2530 2536 2542 2547 2550 2550 2547 2543 2536 2529 2525 2526 2523 2508 2482 2456 2434 2413 2393 2376 2365 2363 2367 2377 2391 2408 2423 2438 2455 2474 2497 2519 2544 2577 2609 2640 2667
3064 3086 3113 3140 3154 3138 3094 3046 3008 2977 2950 2919 2900 2876 2835 2793 2752 2715 2673 2621 2585 2558 2531 2515 2508 2508 2515 2531 2551 2574 2602 2628 2652 2672 2691 2714 2733 2753 2775 2803 2842 2879 2914 2945 2965 2977 2975 2963 2947 2925 2901 2882 2873 2864 2848 2822 2794 2773 2755 2739 2723 2707 2691 2675 2664 2657 2650 2642 2634 2626 2618 2605 2589 2570 2550 2538 2537 2544 2557 2570 2579 2586 2595 2605 2616 2627 2633 2635 2634 2630 2621 2610 2594 2575 2550 2520 2494 2484 2493 2512 2524 2528 2522 2513 2502 2492 2486 2483 2481 2478 2470 2455 2440 2419 2393 2366 2341 2322 2308 2297 2290 2284 2278 2269 2257 2245 2232 2218 2199 2173 2152 2141 2140 2137 2119 2092 2067 2045 2024 1996 1968 1943 1918 1900 1886 1876 1868 1858 1851 1843 1834 1824 1810 1796 1774 1742 1718 1708 1707 1711 1711 1710 1708 1707 1707 1707 1708 1707 1706 1706 1706 1707 1708 1707 1707 1707 1708 1708 1708 1709 1709 1709 1712 1714 1716 1716 1720 1731 1745 1760 1772 1787 1812 1840 1876 1912 1946 1987 2025 2066 2105 2133 2162 2193 2229 2268 2303 2339 2374 2401 2424 2437 2446 2454 2462 2473 2486 2499 2513 2522 2529 2535 2539 2543 2543 2543 2544 2544 2543 2543 2547 2549 2540 2521 2499 2480 2460 2436 2411 2388 2376 2373 2376 2384 2395 2409 2423 2441 2459 2481 2501 2523 2552 2582 2613 2642
3072 3103 3137 3166 3177 3158 3112 3063 3024 2999 2983 2961 2942 2913 2866 2818 2769 2730 2683 2621 2582 2558 2532 2516 2510 2512 2522 2542 2566 2595 2626 2649 2668 2683 2701 2725 2748 2770 2788 2807 2835 2866 2900 2933 2961 2985 2996 2992 2976 2952 2926 2903 2889 2873 2850 2818 2788 2767 2751 2737 2723 2707 2690 2673 2661 2654 2645 2635 2624 2613 2603 2589 2572 2553 2537 2529 2530 2536 2548 2560 2567 2571 2579 2589 2602 2614 2622 2627 2629 2628 2620 2607 2590 2569 2544 2512 2482 2464 2468 2483 2495 2497 2490 2481 2469 2458 2451 2450 2452 2452 2446 2433 2419 2399 2373 2345 2320 2301 2285 2271 2259 2247 2237 2227 2218 2211 2203 2192 2173 2145 2119 2103 2100 2097 2080 2059 2036 2015 1993 1966 1942 1922 1904 1890 1878 1868 1861 1852 1843 1835 1827 1819 1806 1790 1766 1735 1713 1706 1707 1711 1710 1710 1709 1708 1707 1708 1709 1709 1708 1707 1707 1708 1708 1708 1708 1708 1709 1709 1709 1710 1709 1710 1714 1717 1719 1719 1724 1737 1753 1768 1779 1792 1813 1840 1874 1907 1939 1978 2018 2060 2099 2128 2159 2195 2234 2272 2306 2340 2371 2394 2414 2428 2438 2448 2456 2465 2474 2485 2498 2508 2517 2523 2527 2531 2533 2536 2541 2546 2551 2555 2561 2564 2562 2551 2535 2523 2509 2488 2457 2421 2397 2386 2383 2385 2389 2400 2413 2429 2446 2466 2487 2507 2532 2557 2585 2615
3067 3107 3145 3173 3179 3158 3119 3072 3034 3013 3007 2994 2975 2941 2893 2841 2785 2740 2687 2618 2578 2556 2532 2517 2512 2517 2530 2552 2581 2615 2647 2668 2683 2695 2714 2739 2765 2787 2802 2814 2834 2858 2890 2925 2959 2990 3009 3011 2997 2973 2946 2921 2901 2877 2847 2811 2779 2759 2744 2733 2722 2709 2693 2677 2666 2657 2644 2629 2614 2599 2587 2574 2557 2541 2530 2525 2526 2529 2536 2546 2552 2556 2564 2575 2588 2599 2607 2613 2617 2617 2610 2596 2577 2556 2532 2503 2471 2448 2442 2452 2460 2462 2456 2448 2437 2426 2419 2420 2422 2421 2415 2404 2392 2374 2350 2325 2300 2280 2263 2245 2229 2211 2197 2186 2176 2171 2164 2154 2136 2111 2086 2068 2059 2054 2041 2026 2007 1987 1966 1943 1923 1908 1894 1882 1870 1860 1852 1843 1833 1825 1818 1811 1798 1780 1755 1728 1710 1706 1708 1710 1710 1710 1710 1708 1708 1709 1709 1709 1709 1708 1708 1709 1709 1709 1709 1710 1710 1710 1710 1709 1709 1710 1715 1719 1719 1720 1728 1744 1761 1776 1785 1795 1813 1839 1873 1904 1934 1971 2010 2051 2091 2122 2157 2198 2240 2279 2311 2342 2368 2388 2407 2420 2430 2440 2447 2454 2460 2469 2481 2492 2502 2508 2512 2516 2519 2525 2534 2542 2550 2558 2564 2569 2571 2569 2561 2558 2552 2537 2506 2463 2427 2405 2396 2393 2393 2399 2408 2421 2435 2454 2476 2496 2516 2535 2559 2587
3054 3097 3134 3157 3159 3140 3110 3071 3038 3019 3016 3010 2993 2957 2907 2854 2796 2743 2683 2612 2572 2552 2531 2517 2513 2520 2535 2559 2591 2627 2661 2681 2696 2708 2726 2752 2777 2797 2811 2820 2834 2853 2881 2914 2949 2983 3006 3011 2999 2977 2952 2926 2904 2876 2844 2808 2776 2753 2737 2729 2722 2712 2699 2687 2677 2666 2648 2628 2608 2589 2575 2561 2545 2532 2524 2521 2520 2520 2523 2531 2537 2544 2553 2564 2576 2586 2593 2598 2600 2598 2590 2576 2557 2538 2517 2491 2462 2437 2425 2426 2429 2429 2425 2419 2410 2401 2398 2399 2398 2393 2385 2375 2364 2348 2328 2306 2283 2263 2242 2223 2204 2184 2168 2153 2142 2133 2123 2112 2098 2079 2060 2043 2030 2021 2010 1999 1985 1968 1950 1930 1913 1899 1887 1875 1864 1854 1846 1836 1824 1817 1812 1805 1788 1765 1741 1720 1709 1706 1708 1710 1709 1710 1710 1708 1708 1709 1709 1709 1710 1710 1710 1709 1709 1709 1709 1710 1711 1711 1710 1710 1709 1711 1715 1718 1718 1721 1732 1749 1768 1782 1790 1798 1815 1842 1875 1904 1932 1968 2003 2040 2081 2116 2156 2201 2246 2287 2317 2344 2367 2386 2404 2416 2426 2434 2440 2445 2450 2457 2468 2479 2487 2492 2494 2498 2503 2512 2523 2532 2541 2551 2559 2567 2573 2578 2578 2579 2578 2570 2548 2509 2465 2428 2410 2405 2403 2403 2407 2417 2429 2446 2467 2486 2504 2519 2538 2562
3031 3074 3107 3124 3122 3107 3085 3057 3031 3014 3011 3007 2990 2955 2904 2852 2795 2735 2672 2605 2567 2548 2530 2520 2517 2525 2542 2568 2599 2635 2668 2690 2708 2721 2740 2763 2785 2803 2816 2827 2841 2855 2877 2903 2934 2966 2986 2990 2979 2959 2938 2916 2895 2868 2840 2807 2775 2751 2733 2726 2723 2715 2707 2699 2692 2680 2656 2630 2606 2584 2568 2552 2537 2527 2520 2516 2512 2509 2509 2514 2520 2528 2539 2549 2559 2568 2574 2575 2572 2566 2556 2543 2527 2511 2495 2473 2450 2427 2411 2403 2399 2398 2394 2389 2383 2379 2380 2381 2375 2366 2354 2344 2334 2319 2302 2283 2263 2242 2220 2199 2181 2162 2144 2128 2113 2099 2084 2070 2059 2049 2037 2023 2008 1996 1984 1974 1965 1953 1939 1921 1904 1890 1876 1865 1856 1848 1841 1829 1817 1810 1806 1796 1775 1748 1725 1712 1707 1707 1708 1709 1709 1710 1710 1709 1709 1709 1709 1710 1711 1712 1711 1710 1709 1710 1710 1710 1711 1712 1711 1710 1710 1712 1714 1716 1716 1721 1735 1754 1773 1788 1795 1802 1820 1848 1881 1910 1936 1971 2000 2033 2074 2112 2156 2202 2249 2291 2319 2341 2361 2379 2396 2408 2416 2423 2428 2433 2437 2442 2451 2459 2465 2469 2471 2475 2482 2494 2507 2518 2528 2539 2551 2562 2573 2582 2588 2592 2592 2590 2581 2555 2509 2460 2433 2427 2423 2419 2415 2420 2429 2443 2460 2475 2491 2504 2520 2541
3003 3045 3076 3090 3087 3072 3054 3033 3014 3000 2997 2990 2971 2935 2885 2836 2781 2719 2658 2602 2568 2547 2531 2523 2522 2531 2549 2577 2606 2637 2668 2692 2714 2730 2748 2769 2786 2802 2817 2832 2850 2864 2880 2899 2921 2944 2958 2958 2946 2929 2913 2896 2878 2855 2832 2805 2774 2750 2734 2727 2724 2716 2712 2709 2703 2690 2663 2633 2604 2580 2563 2546 2534 2526 2520 2514 2508 2502 2499 2500 2504 2512 2524 2534 2542 2549 2552 2549 2541 2530 2519 2508 2496 2485 2473 2457 2439 2420 2403 2389 2379 2374 2370 2365 2362 2362 2365 2365 2356 2344 2332 2321 2311 2297 2281 2264 2245 2224 2202 2182 2165 2147 2130 2113 2096 2080 2061 2044 2033 2024 2017 2007 1993 1979 1966 1956 1949 1939 1928 1913 1897 1881 1867 1857 1849 1842 1835 1824 1812 1804 1798 1785 1760 1731 1713 1708 1708 1708 1708 1708 1709 1710 1710 1709 1709 1710 1710 1710 1712 1712 1712 1710 1709 1710 1710 1710 1711 1712 1711 1711 1711 1712 1714 1715 1717 1723 1737 1756 1775 1790 1798 1806 1826 1855 1890 1919 1945 1978 2003 2032 2072 2111 2157 2204 2250 2291 2318 2336 2352 2365 2380 2393 2403 2410 2414 2417 2419 2423 2429 2434 2439 2444 2448 2455 2465 2478 2493 2505 2516 2528 2540 2554 2566 2578 2588 2594 2596 2597 2597 2586 2550 2500 2467 2455 2449 2441 2430 2428 2433 2442 2454 2469 2485 2498 2512 2529
2971 3014 3046 3060 3056 3040 3020 3001 2988 2981 2979 2967 2945 2908 2858 2812 2760 2700 2646 2602 2573 2551 2535 2527 2528 2540 2561 2589 2615 2642 2668 2692 2718 2738 2756 2776 2791 2807 2824 2844 2867 2883 2896 2905 2916 2927 2932 2926 2911 2896 2883 2871 2858 2840 2821 2798 2772 2752 2738 2732 2727 2717 2714 2714 2710 2696 2669 2637 2606 2579 2560 2544 2533 2527 2521 2514 2506 2498 2492 2487 2487 2492 2502 2511 2519 2523 2523 2516 2505 2492 2480 2471 2463 2457 2450 2438 2425 2409 2392 2376 2361 2353 2347 2342 2340 2341 2344 2343 2334 2323 2311 2301 2291 2277 2261 2244 2224 2205 2184 2165 2149 2131 2115 2100 2085 2070 2052 2033 2017 2005 1997 1988 1977 1964 1951 1940 1931 1921 1912 1898 1884 1869 1855 1846 1839 1834 1827 1816 1805 1795 1785 1768 1743 1716 1704 1706 1709 1709 1708 1708 1709 1710 1710 1710 1710 1710 1711 1712 1713 1713 1712 1710 1710 1710 1710 1711 1712 1712 1711 1711 1711 1712 1713 1716 1721 1728 1740 1757 1774 1789 1799 1811 1833 1863 1898 1927 1954 1986 2010 2036 2072 2111 2156 2202 2245 2283 2307 2321 2329 2336 2347 2362 2376 2386 2389 2390 2390 2392 2394 2397 2401 2409 2419 2431 2444 2458 2476 2491 2504 2516 2529 2544 2557 2570 2584 2593 2599 2602 2606 2606 2586 2549 2514 2494 2483 2472 2458 2448 2443 2445 2453 2466 2482 2495 2507 2523
2938 2981 3014 3028 3025 3007 2986 2969 2963 2961 2959 2943 2917 2880 2833 2790 2740 2684 2637 2603 2578 2555 2538 2530 2533 2548 2571 2599 2623 2645 2668 2692 2722 2746 2766 2785 2801 2820 2840 2863 2890 2910 2923 2928 2929 2927 2918 2901 2880 2864 2854 2845 2836 2822 2807 2788 2768 2753 2743 2737 2729 2718 2714 2715 2710 2697 2673 2643 2612 2583 2561 2544 2534 2529 2522 2515 2504 2495 2487 2478 2473 2474 2480 2488 2494 2497 2494 2485 2473 2460 2448 2441 2437 2434 2430 2421 2410 2397 2381 2365 2349 2338 2330 2323 2321 2322 2323 2321 2315 2307 2298 2288 2277 2261 2243 2225 2206 2189 2172 2154 2138 2120 2104 2090 2077 2066 2050 2032 2014 1998 1988 1980 1971 1960 1945 1930 1918 1907 1897 1885 1871 1858 1845 1837 1831 1825 1818 1807 1796 1784 1769 1751 1728 1708 1702 1706 1710 1709 1709 1709 1709 1710 1710 1711 1711 1711 1712 1713 1713 1712 1711 1711 1710 1710 1711 1711 1712 1712 1712 1712 1712 1712 1714 1718 1727 1734 1743 1756 1771 1786 1799 1814 1837 1866 1900 1931 1959 1992 2017 2041 2073 2109 2153 2196 2235 2266 2284 2294 2296 2296 2304 2319 2338 2351 2357 2359 2360 2359 2359 2359 2364 2376 2390 2405 2419 2436 2458 2477 2493 2505 2518 2535 2548 2561 2577 2589 2598 2603 2608 2613 2610 2591 2560 2536 2522 2510 2494 2478 2464 2456 2456 2465 2479 2493 2506 2522
2907 2947 2979 2992 2987 2970 2953 2942 2941 2942 2940 2923 2895 2860 2818 2777 2728 2675 2632 2602 2579 2557 2540 2532 2536 2554 2580 2608 2630 2650 2670 2696 2729 2758 2781 2803 2821 2843 2865 2891 2918 2941 2956 2961 2959 2947 2922 2889 2859 2840 2830 2823 2816 2805 2792 2778 2763 2754 2747 2741 2732 2721 2716 2715 2709 2697 2677 2652 2624 2593 2567 2547 2536 2531 2522 2513 2502 2491 2481 2470 2463 2461 2460 2464 2469 2470 2467 2458 2447 2435 2425 2418 2414 2413 2411 2404 2394 2381 2366 2352 2337 2325 2315 2307 2304 2304 2304 2302 2298 2293 2287 2279 2266 2247 2227 2209 2191 2178 2164 2147 2130 2112 2095 2080 2067 2058 2047 2033 2017 2001 1991 1982 1974 1963 1946 1927 1910 1896 1887 1875 1862 1848 1837 1829 1823 1816 1808 1796 1783 1769 1753 1736 1719 1706 1703 1707 1709 1710 1710 1710 1709 1710 1710 1711 1712 1712 1713 1713 1712 1712 1712 1711 1711 1711 1711 1712 1713 1713 1712 1713 1712 1713 1715 1721 1732 1740 1746 1756 1768 1783 1798 1814 1837 1863 1896 1928 1959 1993 2019 2043 2071 2103 2144 2184 2217 2239 2251 2256 2254 2250 2255 2268 2288 2306 2318 2326 2330 2329 2326 2325 2331 2345 2359 2374 2387 2407 2433 2458 2478 2493 2506 2524 2539 2554 2570 2584 2596 2604 2611 2618 2623 2618 2599 2579 2564 2553 2538 2517 2495 2475 2464 2465 2475 2489 2504 2521
2884 2922 2951 2960 2952 2937 2926 2921 2923 2924 2921 2905 2880 2849 2813 2775 2726 2674 2631 2600 2577 2556 2540 2533 2539 2560 2587 2614 2636 2657 2677 2703 2739 2772 2801 2829 2853 2879 2904 2929 2955 2976 2991 2997 2991 2969 2932 2889 2851 2827 2814 2808 2802 2791 2781 2771 2762 2756 2751 2744 2736 2727 2722 2720 2712 2701 2685 2667 2641 2609 2579 2556 2543 2535 2522 2510 2498 2486 2475 2463 2456 2450 2444 2443 2445 2446 2443 2435 2426 2416 2407 2400 2395 2393 2392 2385 2375 2362 2349 2337 2323 2312 2302 2293 2288 2287 2286 2284 2282 2280 2275 2267 2252 2231 2210 2194 2180 2170 2158 2141 2124 2106 2089 2072 2060 2053 2046 2038 2027 2013 2002 1992 1983 1971 1952 1930 1909 1893 1882 1871 1856 1841 1829 1821 1815 1807 1797 1783 1769 1755 1739 1725 1715 1708 1706 1707 1708 1710 1710 1710 1709 1709 1710 1712 1713 1714 1714 1713 1712 1712 1713 1712 1712 1712 1712 1713 1713 1714 1714 1713 1713 1714 1715 1723 1735 1744 1749 1757 1767 1782 1797 1813 1833 1856 1887 1918 1951 1986 2014 2039 2066 2094 2132 2167 2192 2206 2210 2211 2208 2205 2208 2218 2236 2256 2275 2290 2298 2298 2294 2293 2300 2315 2328 2340 2352 2373 2403 2432 2457 2475 2490 2511 2529 2546 2563 2577 2591 2603 2613 2621 2627 2630 2625 2615 2603 2593 2580 2559 2534 2506 2484 2474 2476 2486 2502 2518
2875 2912 2937 2942 2931 2916 2907 2905 2906 2907 2904 2890 2868 2842 2812 2777 2729 2677 2633 2598 2574 2553 2538 2534 2544 2565 2591 2618 2642 2665 2685 2709 2745 2781 2817 2855 2887 2919 2949 2974 2997 3012 3022 3022 3009 2976 2935 2891 2852 2825 2807 2798 2792 2784 2777 2770 2765 2760 2754 2746 2739 2733 2732 2729 2722 2712 2699 2683 2660 2628 2598 2573 2557 2542 2521 2507 2495 2483 2471 2459 2450 2443 2434 2429 2428 2428 2425 2418 2411 2403 2395 2387 2380 2376 2373 2367 2358 2346 2335 2323 2311 2301 2293 2283 2277 2274 2272 2270 2269 2266 2261 2251 2236 2216 2196 2181 2170 2162 2150 2135 2119 2103 2086 2071 2061 2058 2055 2052 2044 2031 2017 2004 1992 1980 1962 1940 1917 1898 1886 1873 1855 1837 1822 1813 1807 1801 1790 1774 1759 1745 1731 1721 1714 1709 1708 1707 1708 1709 1710 1710 1710 1710 1711 1713 1714 1715 1715 1714 1713 1713 1714 1714 1713 1713 1713 1714 1714 1715 1715 1714 1714 1714 1715 1721 1733 1743 1751 1760 1769 1782 1796 1811 1829 1850 1878 1908 1938 1971 2001 2031 2059 2088 2121 2150 2168 2174 2174 2174 2171 2170 2174 2182 2197 2217 2239 2257 2266 2266 2264 2265 2274 2289 2301 2312 2324 2344 2374 2403 2431 2452 2471 2495 2517 2537 2555 2569 2584 2598 2611 2620 2627 2634 2637 2636 2629 2621 2610 2592 2569 2541 2515 2495 2485 2488 2499 2513
2880 2916 2938 2939 2925 2908 2898 2893 2892 2890 2886 2874 2857 2836 2811 2779 2732 2679 2633 2596 2571 2550 2537 2538 2553 2573 2596 2621 2648 2676 2697 2719 2755 2793 2835 2881 2920 2957 2990 3016 3034 3040 3038 3030 3006 2965 2927 2894 2860 2832 2809 2797 2792 2786 2782 2777 2773 2768 2760 2751 2745 2744 2746 2746 2740 2732 2720 2702 2678 2647 2620 2595 2575 2552 2524 2505 2494 2482 2470 2457 2446 2436 2426 2419 2414 2411 2409 2402 2395 2388 2381 2372 2363 2357 2353 2346 2340 2330 2320 2308 2297 2289 2283 2275 2269 2265 2261 2259 2257 2253 2245 2234 2220 2204 2188 2175 2165 2157 2146 2133 2120 2105 2091 2080 2074 2072 2070 2069 2062 2046 2027 2010 1995 1984 1968 1949 1926 1904 1890 1875 1854 1832 1813 1802 1798 1794 1784 1767 1752 1740 1730 1721 1714 1709 1708 1708 1708 1708 1709 1709 1709 1710 1711 1713 1715 1716 1717 1718 1717 1716 1716 1715 1714 1715 1715 1715 1715 1715 1715 1715 1715 1715 1715 1718 1728 1741 1753 1764 1773 1784 1796 1810 1826 1845 1872 1899 1924 1953 1983 2017 2050 2079 2107 2128 2139 2142 2140 2140 2141 2143 2149 2157 2169 2187 2207 2224 2232 2233 2235 2240 2251 2265 2277 2288 2299 2317 2343 2370 2397 2423 2447 2474 2499 2521 2541 2556 2572 2588 2603 2616 2626 2634 2641 2645 2644 2639 2631 2618 2603 2580 2555 2529 2507 2498 2501 2510
2896 2931 2948 2947 2933 2915 2900 2887 2879 2873 2869 2860 2848 2831 2809 2780 2735 2681 2632 2594 2569 2550 2537 2542 2561 2583 2604 2627 2655 2686 2709 2732 2768 2808 2856 2906 2945 2981 3014 3037 3048 3044 3032 3016 2988 2948 2920 2898 2872 2846 2822 2807 2800 2794 2789 2786 2781 2776 2769 2760 2757 2760 2765 2769 2766 2761 2748 2725 2693 2659 2635 2613 2590 2561 2529 2508 2496 2484 2472 2458 2445 2434 2422 2412 2404 2400 2397 2391 2384 2377 2369 2360 2350 2341 2336 2331 2325 2317 2307 2296 2285 2279 2275 2269 2264 2259 2255 2253 2250 2245 2236 2225 2214 2202 2190 2179 2169 2161 2151 2141 2131 2120 2110 2103 2099 2095 2090 2085 2075 2055 2033 2012 1995 1984 1969 1953 1933 1910 1893 1875 1851 1827 1806 1795 1791 1787 1779 1763 1749 1740 1732 1724 1716 1710 1708 1709 1709 1708 1708 1708 1709 1710 1712 1713 1715 1717 1720 1722 1722 1720 1718 1716 1715 1715 1716 1716 1716 1716 1715 1714 1714 1715 1714 1716 1725 1738 1753 1766 1776 1787 1798 1810 1824 1843 1868 1893 1914 1939 1969 2006 2041 2069 2090 2103 2109 2111 2111 2113 2118 2124 2132 2139 2149 2164 2180 2195 2203 2206 2213 2221 2234 2248 2259 2271 2282 2298 2321 2344 2370 2397 2424 2454 2480 2504 2526 2542 2560 2577 2593 2609 2619 2628 2636 2644 2648 2647 2642 2635 2626 2610 2587 2558 2529 2513 2511 2516
2917 2949 2963 2961 2949 2930 2908 2887 2870 2859 2855 2848 2838 2823 2802 2776 2735 2678 2627 2591 2569 2552 2540 2546 2570 2596 2617 2637 2663 2696 2724 2750 2786 2830 2880 2927 2960 2989 3016 3033 3035 3025 3009 2989 2964 2934 2916 2904 2885 2864 2843 2827 2816 2806 2800 2795 2790 2785 2779 2774 2773 2777 2784 2790 2791 2789 2775 2745 2704 2665 2641 2622 2598 2568 2536 2514 2500 2488 2476 2461 2447 2434 2420 2408 2397 2391 2387 2381 2373 2366 2357 2348 2338 2329 2323 2319 2314 2305 2296 2287 2278 2272 2268 2265 2261 2257 2255 2253 2249 2243 2235 2227 2220 2213 2203 2194 2184 2176 2168 2160 2153 2145 2139 2135 2130 2121 2108 2095 2079 2056 2031 2008 1990 1977 1962 1948 1931 1909 1888 1865 1841 1818 1798 1789 1785 1780 1771 1758 1747 1739 1733 1726 1718 1713 1711 1711 1710 1709 1708 1708 1708 1710 1711 1712 1714 1719 1724 1727 1727 1724 1720 1717 1715 1716 1716 1716 1716 1716 1715 1714 1714 1715 1716 1719 1727 1739 1753 1766 1777 1789 1799 1810 1823 1841 1866 1890 1909 1932 1960 1996 2030 2053 2066 2072 2074 2077 2082 2089 2096 2104 2114 2122 2132 2144 2157 2171 2181 2187 2197 2210 2225 2238 2247 2257 2268 2283 2304 2324 2348 2375 2402 2431 2457 2481 2504 2523 2544 2563 2580 2595 2607 2619 2630 2639 2647 2651 2653 2650 2646 2633 2613 2584 2553 2536 2533 2536
2941 2970 2984 2985 2975 2954 2927 2901 2880 2866 2857 2846 2834 2819 2796 2771 2730 2673 2623 2591 2572 2557 2545 2552 2579 2606 2626 2645 2669 2704 2738 2769 2807 2852 2899 2938 2962 2982 2999 3008 3004 2992 2977 2960 2943 2928 2921 2915 2902 2888 2872 2858 2845 2831 2820 2812 2805 2799 2794 2790 2787 2788 2793 2798 2802 2802 2789 2755 2708 2663 2638 2619 2595 2568 2541 2521 2505 2492 2480 2465 2451 2437 2422 2408 2396 2388 2383 2375 2367 2358 2351 2343 2334 2325 2319 2315 2307 2297 2288 2281 2273 2268 2266 2265 2265 2264 2264 2263 2260 2254 2247 2241 2238 2234 2227 2219 2210 2201 2192 2186 2181 2175 2170 2165 2154 2138 2117 2096 2075 2048 2022 1999 1981 1966 1950 1937 1922 1901 1877 1851 1828 1809 1792 1783 1778 1771 1763 1754 1746 1740 1734 1728 1721 1716 1714 1713 1712 1711 1709 1708 1708 1710 1710 1710 1713 1719 1726 1731 1732 1728 1722 1718 1716 1716 1717 1717 1717 1716 1714 1714 1715 1718 1722 1726 1733 1743 1755 1765 1776 1789 1800 1809 1821 1839 1863 1887 1907 1929 1955 1986 2017 2035 2043 2044 2046 2052 2061 2072 2083 2093 2105 2115 2126 2138 2150 2164 2176 2186 2198 2214 2230 2242 2248 2254 2263 2277 2294 2311 2332 2356 2382 2409 2434 2457 2480 2501 2524 2546 2564 2581 2595 2611 2624 2633 2642 2651 2659 2662 2660 2650 2631 2604 2577 2561 2558 2560
2963 2991 3008 3016 3005 2980 2953 2929 2910 2894 2878 2855 2836 2817 2793 2765 2723 2668 2622 2593 2575 2561 2553 2562 2586 2611 2630 2648 2673 2712 2750 2786 2827 2871 2911 2939 2955 2967 2975 2975 2969 2960 2951 2941 2935 2933 2933 2931 2923 2915 2905 2895 2882 2866 2851 2838 2825 2817 2811 2803 2795 2789 2786 2788 2792 2794 2781 2750 2705 2660 2630 2607 2584 2562 2542 2525 2510 2495 2482 2468 2456 2443 2428 2414 2400 2389 2382 2374 2365 2356 2350 2346 2340 2331 2323 2316 2306 2293 2283 2276 2269 2266 2268 2273 2276 2279 2281 2282 2279 2273 2267 2262 2260 2258 2256 2250 2241 2229 2218 2212 2208 2202 2194 2182 2163 2141 2115 2091 2066 2035 2009 1988 1969 1955 1938 1925 1910 1888 1863 1835 1815 1800 1786 1777 1770 1762 1756 1750 1745 1741 1736 1730 1724 1719 1717 1715 1713 1712 1710 1709 1709 1710 1710 1709 1711 1718 1725 1732 1734 1730 1724 1719 1716 1717 1717 1718 1717 1716 1715 1716 1719 1725 1731 1735 1742 1750 1759 1767 1776 1788 1797 1806 1818 1835 1858 1881 1903 1926 1949 1975 2001 2015 2021 2023 2027 2036 2047 2062 2077 2090 2105 2119 2132 2147 2160 2175 2188 2200 2215 2233 2249 2259 2261 2263 2267 2275 2286 2300 2318 2340 2362 2387 2411 2433 2455 2475 2500 2524 2546 2567 2586 2604 2617 2626 2637 2649 2663 2672 2675 2668 2650 2625 2601 2586 2582 2581
2983 3012 3034 3047 3031 3001 2977 2961 2947 2931 2905 2869 2840 2818 2790 2757 2711 2662 2624 2598 2579 2564 2560 2572 2593 2615 2632 2652 2679 2719 2759 2797 2839 2877 2907 2927 2937 2944 2944 2939 2936 2933 2932 2931 2934 2941 2944 2942 2937 2933 2929 2925 2916 2899 2881 2863 2844 2831 2819 2806 2790 2776 2766 2763 2764 2765 2754 2729 2693 2651 2618 2590 2568 2552 2539 2527 2513 2499 2486 2474 2464 2453 2440 2426 2412 2400 2391 2382 2373 2364 2359 2358 2353 2345 2334 2322 2310 2297 2287 2280 2275 2275 2280 2287 2294 2299 2303 2305 2302 2296 2289 2285 2283 2282 2282 2278 2268 2253 2240 2232 2228 2218 2204 2183 2157 2131 2103 2079 2053 2020 1995 1976 1958 1944 1926 1912 1895 1871 1845 1820 1802 1790 1778 1768 1760 1753 1749 1746 1744 1740 1736 1731 1725 1721 1719 1716 1714 1712 1711 1710 1710 1710 1710 1709 1711 1716 1724 1730 1733 1731 1725 1719 1717 1717 1718 1718 1718 1717 1717 1719 1725 1733 1740 1744 1750 1758 1765 1770 1776 1786 1794 1802 1814 1829 1851 1874 1896 1919 1940 1961 1982 1995 2003 2010 2017 2029 2043 2060 2079 2096 2115 2132 2150 2169 2185 2200 2214 2227 2245 2262 2278 2286 2285 2282 2279 2279 2283 2293 2308 2326 2344 2365 2387 2409 2428 2447 2472 2497 2523 2550 2573 2593 2608 2617 2630 2645 2663 2678 2686 2682 2668 2648 2628 2615 2609 2606
2999 3034 3060 3071 3047 3013 2995 2987 2977 2958 2925 2879 2845 2818 2784 2745 2697 2655 2626 2602 2581 2565 2565 2578 2599 2619 2637 2659 2687 2724 2761 2798 2836 2867 2889 2903 2910 2914 2910 2906 2907 2912 2918 2925 2935 2944 2947 2943 2938 2935 2937 2939 2934 2918 2898 2876 2852 2833 2814 2794 2774 2755 2744 2738 2734 2730 2719 2700 2672 2637 2604 2575 2554 2543 2535 2528 2517 2506 2495 2484 2476 2467 2455 2443 2430 2419 2410 2400 2392 2383 2376 2372 2368 2360 2347 2333 2319 2308 2301 2296 2293 2294 2299 2305 2312 2318 2322 2323 2320 2313 2305 2300 2299 2298 2299 2295 2284 2268 2254 2244 2236 2221 2201 2176 2147 2119 2090 2064 2038 2006 1984 1967 1951 1935 1915 1898 1879 1854 1830 1807 1792 1781 1769 1759 1750 1744 1743 1742 1741 1739 1735 1730 1725 1722 1719 1717 1715 1713 1711 1711 1711 1711 1710 1709 1711 1716 1723 1729 1732 1730 1724 1719 1717 1718 1719 1719 1719 1718 1719 1723 1729 1737 1743 1749 1756 1764 1770 1774 1778 1785 1792 1800 1811 1826 1846 1868 1889 1910 1928 1948 1967 1981 1992 2003 2015 2030 2047 2069 2091 2111 2133 2154 2177 2199 2216 2231 2243 2257 2274 2291 2305 2312 2310 2303 2293 2287 2286 2292 2304 2316 2329 2347 2366 2386 2406 2424 2447 2470 2497 2530 2557 2578 2595 2607 2623 2640 2659 2675 2686 2688 2682 2670 2656 2646 2640 2637
3015 3054 3078 3081 3048 3013 2998 2994 2984 2962 2925 2878 2843 2814 2774 2729 2682 2648 2626 2604 2582 2566 2567 2583 2607 2629 2648 2672 2699 2731 2763 2793 2825 2847 2863 2874 2880 2881 2879 2879 2886 2896 2908 2919 2929 2936 2936 2930 2922 2919 2925 2932 2931 2917 2897 2873 2845 2820 2793 2769 2749 2731 2721 2715 2706 2696 2683 2667 2646 2618 2590 2564 2546 2538 2532 2528 2522 2515 2507 2499 2492 2484 2473 2463 2453 2444 2435 2426 2418 2409 2397 2389 2382 2374 2361 2346 2334 2327 2324 2324 2324 2324 2325 2328 2331 2335 2337 2336 2330 2322 2314 2310 2308 2307 2307 2302 2289 2274 2259 2247 2233 2212 2189 2164 2137 2110 2079 2052 2024 1995 1976 1961 1944 1926 1904 1885 1864 1838 1815 1796 1782 1772 1759 1748 1740 1735 1736 1738 1737 1735 1732 1728 1724 1721 1719 1717 1715 1713 1712 1711 1712 1712 1711 1711 1713 1718 1724 1729 1730 1727 1722 1718 1717 1719 1719 1719 1719 1719 1720 1725 1731 1736 1742 1749 1758 1767 1773 1777 1780 1786 1791 1799 1810 1824 1843 1865 1882 1897 1913 1932 1953 1969 1983 1997 2012 2034 2056 2081 2107 2129 2153 2177 2204 2229 2246 2260 2272 2285 2301 2318 2331 2339 2336 2326 2313 2302 2298 2300 2306 2313 2320 2332 2347 2365 2385 2403 2423 2442 2467 2502 2531 2554 2573 2590 2610 2629 2647 2663 2676 2687 2691 2690 2685 2678 2674 2674
3026 3063 3081 3074 3038 3000 2982 2974 2963 2942 2909 2868 2838 2807 2763 2717 2674 2645 2625 2602 2580 2565 2566 2585 2613 2638 2659 2685 2711 2739 2764 2788 2813 2829 2841 2851 2856 2859 2860 2866 2877 2891 2905 2917 2924 2924 2920 2909 2896 2892 2900 2912 2917 2906 2886 2859 2828 2798 2768 2743 2723 2707 2700 2693 2681 2667 2652 2639 2623 2603 2581 2560 2545 2537 2530 2527 2524 2521 2518 2513 2508 2500 2489 2480 2472 2465 2457 2449 2442 2432 2417 2404 2394 2385 2374 2360 2352 2350 2351 2353 2353 2352 2350 2349 2347 2346 2345 2342 2335 2327 2321 2317 2317 2316 2312 2302 2286 2271 2257 2242 2224 2199 2175 2152 2128 2104 2074 2045 2017 1988 1970 1956 1938 1918 1894 1874 1853 1828 1806 1787 1773 1763 1751 1741 1733 1730 1732 1734 1734 1732 1729 1726 1723 1720 1718 1716 1714 1713 1712 1712 1712 1713 1712 1712 1714 1718 1723 1726 1726 1723 1719 1717 1717 1719 1719 1719 1720 1720 1721 1725 1729 1734 1741 1750 1759 1767 1774 1779 1783 1787 1791 1797 1809 1825 1845 1865 1878 1889 1902 1922 1943 1961 1977 1994 2015 2041 2067 2095 2121 2142 2166 2192 2220 2247 2266 2282 2296 2310 2327 2342 2355 2361 2359 2350 2336 2323 2315 2313 2314 2316 2319 2325 2335 2350 2370 2388 2405 2421 2443 2476 2505 2529 2549 2567 2590 2611 2631 2649 2666 2683 2696 2702 2704 2703 2703 2706
3035 3061 3068 3054 3020 2982 2952 2934 2920 2903 2881 2852 2827 2795 2750 2709 2673 2646 2623 2598 2577 2565 2567 2588 2620 2647 2670 2696 2722 2748 2768 2786 2807 2820 2829 2837 2840 2844 2850 2859 2873 2889 2903 2913 2916 2911 2900 2883 2865 2860 2871 2887 2896 2888 2869 2839 2804 2773 2745 2721 2702 2686 2679 2672 2659 2643 2628 2617 2608 2593 2577 2560 2549 2541 2532 2527 2525 2525 2526 2526 2523 2515 2502 2492 2486 2479 2473 2466 2459 2449 2434 2419 2407 2396 2386 2375 2371 2373 2376 2378 2378 2377 2374 2369 2363 2356 2350 2345 2339 2332 2329 2328 2330 2327 2318 2303 2283 2267 2253 2235 2215 2189 2164 2142 2122 2102 2074 2044 2015 1985 1965 1948 1927 1906 1883 1864 1844 1819 1796 1777 1763 1754 1745 1737 1729 1727 1728 1731 1731 1730 1727 1724 1722 1719 1717 1714 1713 1712 1712 1712 1712 1713 1713 1713 1714 1718 1721 1721 1720 1718 1716 1716 1718 1719 1719 1719 1720 1721 1721 1722 1725 1733 1742 1751 1758 1765 1771 1778 1784 1789 1791 1795 1807 1826 1849 1867 1876 1884 1895 1913 1934 1951 1969 1990 2015 2046 2076 2104 2128 2147 2171 2197 2225 2253 2276 2299 2317 2334 2353 2369 2381 2386 2385 2379 2367 2353 2340 2333 2331 2330 2328 2327 2331 2342 2358 2374 2389 2404 2424 2452 2479 2503 2522 2538 2560 2584 2610 2634 2655 2677 2695 2706 2712 2716 2721 2729
3036 3047 3045 3029 3001 2965 2924 2896 2878 2864 2852 2832 2811 2780 2739 2705 2677 2648 2621 2594 2574 2565 2569 2592 2627 2656 2680 2706 2732 2756 2773 2787 2805 2817 2824 2828 2831 2837 2846 2858 2873 2889 2901 2906 2905 2895 2879 2857 2835 2829 2840 2856 2866 2859 2842 2813 2777 2748 2726 2706 2688 2671 2662 2655 2643 2628 2614 2605 2596 2584 2572 2561 2552 2544 2534 2527 2526 2527 2532 2534 2533 2524 2510 2499 2491 2484 2479 2473 2466 2456 2443 2430 2417 2405 2395 2388 2387 2390 2393 2395 2394 2394 2392 2386 2377 2366 2356 2349 2342 2338 2336 2337 2339 2334 2321 2301 2279 2263 2248 2230 2210 2184 2158 2136 2118 2101 2076 2049 2019 1986 1960 1939 1916 1896 1874 1856 1836 1811 1788 1768 1754 1747 1741 1734 1728 1726 1727 1728 1729 1727 1725 1722 1721 1719 1716 1713 1711 1711 1712 1712 1712 1713 1713 1713 1714 1716 1717 1717 1716 1715 1716 1717 1718 1719 1719 1719 1720 1721 1721 1720 1722 1731 1743 1752 1757 1762 1769 1777 1785 1791 1793 1796 1807 1828 1852 1868 1875 1881 1891 1907 1924 1940 1960 1983 2011 2044 2076 2106 2129 2147 2171 2196 2224 2254 2282 2310 2333 2354 2375 2392 2404 2410 2412 2410 2403 2389 2373 2363 2358 2354 2348 2340 2339 2345 2355 2366 2380 2394 2411 2433 2456 2480 2497 2511 2532 2556 2584 2613 2638 2662 2683 2696 2706 2713 2724 2737
3027 3029 3023 3009 2987 2954 2911 2878 2855 2841 2831 2814 2792 2763 2728 2702 2678 2650 2620 2593 2572 2564 2573 2599 2635 2664 2688 2716 2741 2762 2777 2788 2803 2813 2817 2820 2822 2830 2842 2858 2875 2889 2898 2898 2892 2879 2859 2835 2812 2805 2813 2823 2829 2822 2806 2781 2750 2728 2711 2695 2677 2659 2651 2645 2634 2621 2607 2597 2587 2574 2565 2559 2553 2544 2534 2528 2529 2531 2536 2538 2537 2528 2515 2502 2492 2484 2478 2473 2467 2458 2447 2436 2425 2413 2403 2397 2397 2400 2402 2404 2405 2406 2405 2399 2389 2377 2366 2357 2349 2343 2342 2342 2342 2334 2318 2296 2275 2259 2245 2228 2210 2184 2156 2131 2112 2098 2077 2054 2026 1990 1958 1930 1906 1887 1866 1846 1825 1801 1780 1761 1748 1741 1736 1731 1727 1725 1726 1726 1726 1725 1722 1721 1720 1718 1715 1712 1710 1711 1712 1712 1712 1713 1713 1713 1713 1714 1715 1716 1716 1716 1717 1718 1719 1719 1719 1719 1720 1722 1722 1720 1722 1730 1741 1750 1756 1761 1768 1775 1784 1792 1795 1798 1809 1829 1851 1864 1870 1878 1887 1900 1914 1929 1949 1973 2001 2035 2068 2100 2126 2146 2171 2196 2226 2259 2291 2323 2349 2370 2391 2408 2422 2433 2441 2445 2441 2428 2412 2401 2394 2387 2377 2364 2358 2358 2360 2365 2376 2388 2402 2418 2437 2458 2477 2491 2510 2532 2558 2586 2611 2636 2660 2677 2689 2699 2714 2731
3009 3007 3002 2993 2976 2948 2911 2876 2849 2830 2817 2797 2773 2746 2719 2698 2675 2649 2621 2594 2574 2567 2581 2610 2644 2672 2696 2725 2747 2764 2776 2787 2798 2805 2807 2808 2810 2818 2834 2853 2871 2883 2888 2885 2876 2861 2841 2817 2795 2787 2790 2792 2791 2782 2768 2749 2728 2713 2700 2685 2669 2651 2642 2637 2627 2617 2605 2594 2582 2569 2562 2558 2554 2546 2538 2536 2537 2540 2543 2542 2539 2532 2520 2507 2495 2484 2478 2472 2466 2458 2449 2441 2431 2421 2412 2406 2404 2405 2406 2409 2411 2414 2414 2409 2400 2389 2375 2363 2352 2345 2340 2338 2335 2324 2307 2286 2268 2254 2240 2226 2210 2184 2153 2126 2107 2093 2076 2057 2031 1994 1956 1922 1898 1881 1860 1837 1812 1789 1771 1755 1744 1737 1732 1729 1726 1726 1726 1725 1723 1722 1720 1719 1718 1718 1715 1711 1710 1711 1711 1712 1712 1713 1713 1713 1713 1713 1715 1717 1719 1721 1722 1721 1721 1722 1722 1721 1721 1723 1723 1723 1723 1729 1738 1747 1754 1760 1767 1774 1782 1791 1797 1802 1812 1827 1844 1855 1862 1870 1879 1890 1902 1916 1937 1961 1988 2020 2055 2091 2122 2146 2175 2201 2233 2269 2302 2334 2362 2383 2405 2422 2441 2459 2474 2482 2480 2470 2456 2445 2437 2427 2413 2396 2385 2378 2372 2372 2378 2387 2396 2408 2422 2440 2459 2476 2493 2510 2531 2556 2579 2604 2630 2649 2664 2676 2692 2712
2987 2985 2981 2976 2965 2945 2914 2878 2845 2822 2805 2782 2757 2733 2711 2692 2670 2646 2621 2597 2578 2574 2593 2623 2654 2679 2702 2730 2750 2763 2772 2781 2789 2793 2793 2792 2794 2803 2820 2841 2859 2869 2870 2865 2856 2843 2824 2802 2782 2773 2771 2766 2760 2749 2739 2727 2713 2701 2689 2676 2661 2645 2635 2629 2620 2611 2601 2591 2581 2571 2565 2562 2557 2552 2549 2549 2551 2552 2551 2548 2543 2537 2527 2515 2500 2488 2480 2472 2465 2456 2448 2442 2435 2428 2420 2413 2410 2409 2409 2411 2414 2417 2418 2414 2407 2395 2378 2362 2348 2337 2329 2323 2318 2307 2291 2274 2260 2247 2232 2219 2203 2177 2148 2122 2102 2089 2073 2055 2030 1994 1955 1920 1895 1879 1858 1832 1804 1781 1765 1752 1742 1736 1731 1729 1728 1727 1726 1724 1722 1720 1718 1718 1718 1717 1715 1712 1711 1711 1711 1712 1712 1712 1713 1712 1713 1714 1716 1720 1724 1726 1727 1727 1727 1727 1726 1724 1723 1724 1724 1724 1724 1727 1734 1742 1751 1757 1764 1771 1780 1790 1798 1804 1813 1824 1836 1845 1852 1862 1871 1881 1893 1906 1927 1951 1978 2011 2047 2086 2121 2150 2181 2211 2244 2280 2310 2340 2367 2390 2413 2434 2457 2481 2499 2510 2511 2503 2492 2482 2472 2460 2444 2426 2413 2400 2388 2383 2385 2390 2396 2405 2416 2430 2446 2461 2477 2492 2510 2534 2555 2578 2602 2622 2638 2650 2665 2688
2965 2962 2958 2955 2948 2935 2909 2872 2832 2806 2788 2765 2743 2722 2701 2683 2663 2643 2622 2601 2585 2585 2608 2638 2665 2687 2708 2733 2750 2759 2765 2770 2775 2777 2776 2776 2779 2789 2807 2828 2846 2854 2853 2846 2838 2827 2810 2791 2774 2764 2756 2747 2737 2726 2719 2713 2704 2692 2679 2667 2656 2643 2633 2625 2617 2609 2602 2597 2593 2587 2582 2577 2571 2568 2569 2570 2570 2569 2566 2560 2554 2547 2538 2528 2514 2502 2492 2480 2469 2459 2451 2445 2440 2436 2431 2424 2419 2416 2415 2415 2417 2419 2419 2416 2408 2393 2372 2352 2334 2320 2308 2299 2292 2282 2270 2258 2247 2234 2219 2205 2187 2161 2137 2116 2098 2085 2069 2050 2024 1990 1954 1920 1895 1878 1855 1826 1796 1773 1759 1749 1741 1735 1731 1730 1730 1729 1726 1722 1719 1718 1717 1717 1717 1716 1715 1713 1712 1712 1712 1712 1712 1713 1713 1713 1714 1717 1720 1724 1728 1731 1732 1734 1736 1736 1734 1730 1728 1726 1725 1725 1724 1726 1730 1738 1746 1753 1759 1768 1778 1788 1796 1802 1810 1818 1827 1835 1842 1850 1860 1870 1883 1897 1918 1943 1971 2005 2042 2084 2123 2154 2189 2222 2255 2287 2314 2342 2368 2393 2422 2448 2476 2503 2523 2536 2539 2535 2527 2518 2506 2492 2476 2458 2442 2425 2408 2400 2399 2400 2402 2408 2415 2423 2433 2444 2459 2474 2492 2517 2538 2557 2578 2597 2613 2625 2640 2663
2950 2946 2940 2934 2927 2915 2892 2856 2816 2788 2770 2750 2732 2713 2693 2675 2656 2639 2622 2605 2594 2599 2622 2649 2673 2692 2711 2733 2746 2752 2755 2757 2760 2761 2762 2766 2774 2789 2807 2828 2845 2854 2851 2840 2828 2818 2805 2791 2777 2764 2752 2739 2727 2715 2709 2704 2696 2685 2671 2662 2654 2645 2636 2629 2624 2620 2618 2621 2625 2624 2618 2608 2600 2596 2595 2595 2593 2589 2583 2575 2567 2559 2551 2542 2531 2520 2507 2491 2477 2466 2457 2450 2446 2443 2439 2433 2427 2422 2418 2417 2415 2416 2416 2413 2403 2383 2358 2334 2314 2299 2286 2274 2267 2259 2252 2244 2234 2221 2205 2188 2169 2145 2126 2111 2094 2082 2065 2044 2018 1986 1954 1922 1894 1873 1848 1820 1791 1768 1755 1747 1741 1736 1734 1733 1733 1730 1725 1720 1718 1717 1716 1716 1716 1716 1715 1714 1713 1712 1712 1712 1712 1713 1713 1712 1714 1717 1721 1726 1731 1735 1739 1742 1745 1746 1743 1738 1733 1728 1725 1724 1724 1725 1729 1735 1744 1750 1757 1766 1776 1784 1791 1797 1804 1811 1818 1826 1833 1841 1850 1862 1875 1890 1912 1937 1966 2000 2037 2080 2121 2155 2191 2224 2256 2285 2309 2337 2365 2394 2427 2457 2487 2516 2538 2555 2562 2562 2556 2547 2536 2522 2506 2488 2469 2449 2429 2418 2414 2412 2412 2414 2418 2422 2428 2436 2450 2464 2483 2506 2526 2543 2562 2579 2596 2608 2623 2643
2942 2933 2922 2911 2898 2883 2860 2828 2794 2767 2750 2733 2719 2703 2684 2667 2651 2637 2623 2610 2604 2612 2633 2656 2676 2695 2714 2733 2743 2746 2747 2747 2750 2752 2756 2766 2782 2804 2824 2845 2863 2872 2868 2850 2831 2818 2810 2802 2790 2776 2758 2742 2727 2712 2704 2697 2689 2681 2671 2665 2660 2654 2649 2645 2646 2649 2654 2665 2675 2676 2667 2653 2641 2632 2625 2620 2616 2610 2601 2590 2581 2572 2563 2556 2547 2538 2523 2503 2487 2475 2466 2460 2453 2450 2447 2441 2434 2426 2420 2415 2410 2410 2410 2405 2391 2366 2338 2313 2293 2278 2265 2253 2246 2240 2236 2230 2219 2206 2190 2172 2153 2132 2118 2106 2092 2079 2061 2039 2014 1984 1955 1923 1890 1863 1836 1809 1783 1762 1750 1743 1739 1738 1737 1736 1733 1728 1722 1718 1716 1715 1715 1716 1715 1715 1715 1714 1713 1712 1712 1712 1713 1714 1713 1713 1714 1717 1722 1727 1734 1741 1747 1751 1754 1755 1752 1746 1739 1731 1726 1725 1725 1726 1729 1734 1742 1749 1756 1765 1773 1779 1783 1788 1796 1803 1810 1818 1825 1834 1843 1855 1868 1882 1904 1930 1959 1992 2027 2068 2111 2148 2184 2215 2244 2273 2299 2330 2362 2395 2432 2463 2493 2523 2549 2573 2586 2590 2587 2580 2570 2557 2542 2522 2500 2477 2455 2441 2433 2428 2426 2425 2425 2425 2428 2435 2448 2461 2476 2495 2512 2530 2549 2567 2585 2598 2612 2629
2939 2924 2908 2889 2870 2851 2827 2802 2775 2750 2734 2720 2708 2694 2676 2661 2646 2635 2623 2613 2611 2621 2640 2660 2678 2697 2716 2733 2740 2742 2742 2743 2747 2753 2763 2780 2803 2829 2851 2871 2890 2901 2897 2876 2849 2830 2823 2820 2806 2791 2773 2755 2738 2721 2709 2700 2693 2688 2685 2683 2682 2679 2678 2680 2686 2694 2705 2719 2728 2725 2711 2693 2675 2660 2645 2636 2630 2623 2613 2601 2591 2582 2573 2566 2560 2551 2535 2514 2497 2486 2477 2471 2463 2458 2454 2448 2439 2428 2419 2411 2403 2402 2402 2394 2376 2347 2318 2294 2274 2261 2248 2237 2231 2226 2223 2217 2204 2191 2176 2158 2141 2124 2112 2102 2089 2076 2058 2037 2014 1986 1957 1923 1886 1853 1822 1796 1775 1757 1747 1740 1738 1739 1738 1736 1731 1725 1719 1715 1713 1714 1714 1714 1715 1715 1715 1715 1715 1715 1717 1718 1719 1719 1717 1717 1717 1719 1724 1729 1737 1745 1753 1758 1761 1763 1761 1756 1746 1736 1728 1725 1726 1728 1730 1734 1741 1748 1755 1764 1770 1775 1777 1781 1787 1795 1804 1812 1819 1828 1838 1850 1862 1876 1897 1922 1949 1981 2013 2053 2097 2137 2172 2200 2227 2260 2290 2325 2361 2396 2435 2466 2495 2527 2557 2586 2605 2614 2615 2610 2602 2590 2575 2553 2529 2504 2482 2468 2457 2451 2445 2440 2435 2432 2433 2439 2450 2462 2475 2488 2502 2520 2539 2557 2576 2591 2605 2619
2934 2916 2896 2872 2849 2829 2809 2790 2767 2743 2726 2712 2700 2686 2670 2656 2643 2633 2623 2614 2613 2623 2643 2663 2682 2701 2718 2732 2738 2740 2742 2745 2753 2764 2780 2802 2828 2855 2876 2895 2914 2927 2926 2907 2876 2850 2841 2836 2818 2803 2789 2772 2754 2737 2723 2713 2708 2709 2712 2715 2717 2718 2721 2729 2738 2748 2758 2767 2768 2755 2735 2713 2691 2669 2648 2638 2633 2625 2616 2604 2595 2587 2578 2572 2565 2557 2542 2521 2504 2494 2487 2481 2473 2467 2460 2451 2440 2427 2416 2406 2396 2394 2393 2382 2362 2331 2301 2278 2260 2246 2234 2224 2219 2216 2212 2204 2191 2178 2165 2149 2134 2119 2109 2099 2087 2074 2057 2038 2018 1991 1962 1925 1886 1849 1812 1785 1767 1753 1745 1739 1738 1738 1736 1733 1728 1722 1717 1713 1712 1712 1712 1713 1714 1715 1715 1717 1721 1725 1729 1732 1731 1729 1726 1724 1723 1725 1730 1735 1741 1749 1756 1762 1766 1770 1771 1766 1755 1741 1730 1726 1727 1728 1730 1733 1739 1746 1754 1762 1768 1773 1775 1777 1782 1790 1798 1806 1813 1823 1834 1846 1858 1872 1892 1914 1938 1966 1997 2038 2084 2124 2160 2187 2215 2252 2287 2325 2361 2397 2436 2467 2497 2530 2562 2594 2617 2630 2635 2634 2629 2617 2600 2577 2553 2529 2510 2497 2486 2478 2470 2458 2447 2439 2437 2443 2453 2466 2477 2488 2498 2513 2529 2546 2564 2580 2595 2609
2924 2906 2885 2859 2836 2819 2804 2789 2767 2744 2724 2707 2691 2677 2663 2651 2639 2630 2621 2613 2611 2621 2642 2663 2683 2702 2718 2731 2739 2744 2749 2755 2768 2784 2803 2826 2849 2873 2892 2908 2926 2942 2947 2936 2909 2880 2866 2856 2833 2819 2810 2795 2777 2759 2746 2740 2739 2744 2751 2757 2760 2763 2769 2780 2788 2795 2798 2798 2786 2760 2735 2711 2686 2662 2640 2630 2625 2619 2610 2600 2592 2585 2578 2571 2563 2553 2539 2521 2506 2497 2490 2487 2481 2474 2465 2453 2439 2424 2412 2401 2391 2387 2383 2371 2349 2318 2290 2268 2250 2235 2222 2213 2209 2205 2199 2190 2177 2165 2153 2140 2127 2115 2106 2097 2085 2072 2056 2039 2021 1995 1964 1926 1887 1846 1803 1775 1761 1751 1745 1740 1737 1734 1730 1727 1723 1719 1715 1712 1710 1711 1712 1713 1715 1716 1718 1724 1733 1742 1749 1751 1749 1745 1740 1736 1735 1736 1740 1743 1747 1751 1757 1763 1769 1774 1778 1775 1762 1746 1734 1729 1729 1728 1729 1731 1735 1741 1749 1757 1765 1771 1773 1775 1779 1785 1793 1800 1808 1818 1829 1841 1853 1867 1885 1904 1924 1950 1982 2024 2069 2109 2147 2176 2208 2250 2288 2327 2362 2396 2435 2467 2499 2533 2565 2596 2621 2639 2649 2654 2652 2641 2623 2600 2578 2559 2544 2533 2522 2514 2502 2485 2468 2453 2446 2448 2457 2470 2481 2489 2496 2508 2521 2536 2554 2570 2585 2600
2916 2900 2882 2856 2835 2821 2807 2792 2770 2747 2726 2704 2686 2671 2659 2648 2635 2625 2616 2609 2607 2615 2635 2657 2677 2695 2712 2729 2741 2752 2761 2771 2787 2804 2823 2843 2861 2879 2893 2906 2922 2939 2952 2953 2939 2916 2899 2881 2854 2843 2839 2825 2804 2786 2776 2776 2780 2787 2793 2797 2798 2800 2807 2816 2821 2821 2816 2804 2782 2748 2720 2697 2672 2650 2630 2620 2615 2608 2600 2592 2584 2578 2570 2563 2553 2543 2529 2513 2500 2492 2488 2488 2484 2478 2468 2454 2438 2422 2409 2398 2388 2384 2379 2364 2341 2310 2284 2264 2245 2228 2214 2205 2202 2197 2189 2178 2164 2153 2143 2131 2121 2112 2104 2095 2084 2073 2059 2042 2022 1994 1963 1926 1886 1843 1797 1769 1757 1750 1745 1739 1733 1729 1724 1721 1719 1717 1714 1711 1710 1711 1713 1714 1715 1718 1724 1735 1749 1761 1768 1769 1766 1761 1756 1750 1747 1746 1747 1749 1751 1753 1756 1762 1769 1774 1779 1777 1766 1751 1739 1733 1731 1728 1728 1729 1731 1735 1742 1750 1759 1768 1772 1773 1776 1780 1788 1796 1804 1814 1824 1835 1847 1861 1878 1895 1914 1939 1971 2012 2056 2094 2134 2168 2205 2250 2289 2326 2361 2395 2434 2468 2501 2535 2563 2590 2614 2635 2651 2662 2664 2656 2640 2620 2602 2587 2574 2564 2552 2544 2535 2519 2498 2475 2459 2455 2459 2470 2480 2488 2496 2507 2520 2534 2552 2567 2581 2595
2905 2894 2879 2858 2840 2826 2811 2792 2770 2748 2727 2701 2680 2665 2652 2642 2630 2619 2610 2603 2602 2610 2627 2646 2664 2682 2702 2726 2745 2762 2777 2789 2804 2819 2833 2847 2860 2872 2883 2892 2907 2926 2946 2961 2964 2955 2939 2914 2886 2876 2872 2856 2832 2813 2807 2814 2821 2826 2827 2825 2822 2820 2824 2830 2829 2823 2808 2789 2761 2726 2700 2679 2658 2640 2625 2616 2608 2599 2591 2583 2575 2568 2559 2551 2540 2529 2516 2500 2488 2482 2480 2481 2480 2475 2465 2451 2436 2419 2404 2393 2384 2380 2373 2357 2332 2303 2278 2259 2239 2220 2204 2195 2192 2186 2177 2164 2150 2139 2130 2119 2112 2106 2100 2093 2082 2073 2060 2042 2017 1984 1954 1920 1879 1834 1790 1765 1757 1750 1746 1739 1731 1724 1720 1717 1716 1715 1714 1712 1712 1714 1717 1717 1718 1723 1734 1751 1768 1780 1786 1784 1780 1777 1773 1768 1762 1757 1755 1754 1755 1755 1757 1762 1767 1771 1775 1774 1767 1756 1745 1739 1735 1731 1728 1727 1728 1729 1734 1741 1751 1762 1767 1768 1770 1774 1782 1792 1801 1811 1818 1826 1838 1851 1868 1886 1905 1931 1961 2000 2039 2076 2118 2158 2200 2247 2283 2317 2353 2390 2430 2465 2499 2530 2554 2577 2600 2624 2646 2663 2673 2670 2659 2644 2630 2620 2611 2599 2585 2577 2572 2560 2537 2507 2482 2469 2467 2473 2481 2489 2498 2511 2525 2541 2558 2572 2583 2593
2896 2889 2879 2862 2848 2835 2816 2794 2769 2748 2725 2697 2674 2657 2643 2634 2623 2613 2605 2600 2601 2608 2623 2638 2656 2674 2697 2725 2751 2775 2794 2808 2820 2828 2836 2844 2851 2861 2872 2882 2898 2918 2943 2965 2982 2987 2975 2950 2925 2912 2902 2882 2857 2839 2836 2844 2850 2850 2843 2833 2823 2816 2816 2818 2813 2801 2781 2759 2732 2702 2679 2661 2645 2632 2623 2615 2606 2596 2588 2578 2569 2560 2551 2541 2530 2518 2503 2487 2475 2469 2468 2470 2469 2465 2457 2444 2430 2414 2398 2387 2379 2374 2366 2350 2327 2299 2276 2257 2237 2217 2200 2189 2183 2175 2166 2153 2139 2130 2121 2111 2104 2100 2096 2091 2083 2076 2062 2040 2009 1971 1940 1907 1866 1823 1784 1764 1757 1751 1747 1740 1731 1724 1719 1717 1715 1714 1713 1712 1713 1715 1719 1721 1724 1734 1749 1768 1784 1792 1794 1791 1789 1788 1788 1784 1778 1770 1764 1761 1760 1759 1759 1761 1764 1767 1768 1769 1766 1760 1752 1746 1741 1737 1732 1729 1728 1728 1730 1735 1744 1754 1760 1763 1766 1770 1778 1788 1798 1807 1813 1819 1830 1843 1861 1880 1901 1928 1956 1989 2024 2060 2105 2148 2193 2239 2273 2306 2343 2382 2422 2457 2489 2519 2540 2561 2583 2609 2638 2662 2678 2683 2677 2667 2658 2652 2646 2635 2619 2608 2601 2589 2568 2536 2506 2487 2478 2481 2487 2493 2500 2514 2530 2548 2568 2582 2590 2597
2887 2882 2875 2863 2851 2838 2817 2793 2767 2744 2722 2693 2667 2646 2630 2621 2614 2608 2603 2600 2602 2609 2621 2635 2653 2672 2696 2727 2756 2785 2808 2821 2828 2831 2833 2835 2840 2851 2867 2883 2902 2923 2949 2974 2995 3007 3002 2985 2962 2944 2924 2898 2875 2860 2857 2861 2860 2853 2838 2821 2805 2793 2789 2789 2783 2770 2750 2729 2707 2683 2665 2649 2636 2628 2622 2617 2609 2599 2590 2580 2569 2558 2546 2537 2525 2511 2495 2477 2464 2458 2455 2454 2452 2448 2442 2430 2417 2402 2386 2375 2367 2361 2352 2338 2318 2294 2271 2252 2233 2215 2197 2182 2173 2164 2153 2142 2130 2122 2115 2106 2098 2092 2090 2089 2084 2078 2061 2034 1997 1955 1921 1887 1847 1810 1780 1764 1758 1753 1750 1744 1737 1729 1723 1719 1716 1714 1713 1713 1715 1717 1722 1727 1736 1751 1769 1786 1797 1799 1797 1793 1793 1796 1800 1799 1794 1786 1779 1773 1768 1764 1761 1761 1763 1764 1765 1766 1766 1765 1760 1755 1750 1745 1739 1734 1732 1731 1730 1732 1737 1746 1753 1757 1762 1768 1777 1785 1794 1802 1809 1815 1825 1837 1855 1876 1898 1924 1948 1977 2007 2043 2091 2135 2178 2224 2257 2290 2330 2371 2410 2441 2470 2498 2521 2544 2566 2595 2630 2661 2683 2694 2695 2691 2685 2682 2681 2676 2661 2642 2624 2607 2587 2561 2533 2512 2500 2500 2505 2508 2510 2519 2535 2557 2579 2594 2602 2605
2878 2875 2869 2859 2848 2835 2814 2790 2765 2741 2719 2690 2663 2639 2620 2611 2606 2604 2601 2601 2604 2611 2621 2634 2654 2675 2698 2727 2756 2786 2809 2820 2823 2822 2820 2819 2825 2841 2864 2888 2912 2935 2959 2981 3001 3016 3017 3006 2984 2958 2928 2898 2877 2864 2858 2853 2845 2832 2812 2793 2775 2760 2755 2754 2749 2738 2721 2704 2687 2671 2656 2642 2630 2624 2620 2617 2611 2602 2593 2583 2571 2559 2547 2537 2524 2509 2491 2472 2458 2449 2443 2438 2431 2426 2420 2410 2397 2383 2369 2358 2350 2342 2333 2321 2306 2286 2264 2245 2228 2212 2193 2175 2163 2153 2142 2132 2121 2115 2109 2100 2090 2082 2081 2083 2081 2073 2051 2018 1978 1933 1897 1863 1828 1800 1779 1768 1762 1758 1755 1752 1747 1740 1732 1726 1721 1717 1716 1717 1719 1723 1729 1738 1752 1770 1786 1799 1804 1802 1797 1794 1796 1801 1807 1811 1809 1803 1796 1788 1778 1769 1764 1763 1763 1764 1765 1766 1767 1768 1766 1763 1759 1754 1747 1742 1739 1736 1734 1732 1734 1739 1747 1754 1762 1769 1777 1783 1789 1796 1804 1812 1821 1832 1850 1871 1893 1917 1938 1963 1993 2030 2079 2121 2160 2205 2238 2273 2313 2354 2392 2420 2445 2473 2499 2527 2552 2583 2621 2655 2682 2700 2707 2708 2705 2706 2709 2710 2699 2673 2643 2617 2599 2581 2560 2542 2531 2532 2536 2537 2534 2535 2547 2569 2591 2607 2614 2616
2868 2865 2860 2851 2841 2827 2806 2785 2763 2740 2719 2691 2664 2638 2617 2606 2602 2601 2600 2600 2602 2608 2617 2630 2652 2675 2699 2724 2750 2777 2797 2805 2805 2801 2798 2798 2806 2829 2858 2888 2917 2941 2964 2984 3003 3018 3022 3010 2984 2950 2915 2886 2866 2849 2837 2825 2810 2794 2775 2759 2745 2732 2728 2727 2723 2714 2700 2686 2674 2661 2649 2636 2625 2618 2614 2611 2606 2598 2591 2582 2571 2560 2548 2537 2523 2507 2489 2470 2455 2444 2435 2425 2413 2405 2398 2387 2374 2360 2348 2339 2331 2324 2314 2303 2290 2274 2253 2236 2219 2204 2186 2168 2155 2145 2134 2124 2115 2109 2102 2092 2079 2070 2069 2072 2071 2060 2031 1992 1950 1907 1872 1841 1814 1795 1782 1774 1769 1765 1764 1762 1758 1751 1744 1738 1732 1726 1723 1724 1727 1733 1742 1755 1770 1784 1796 1805 1809 1807 1802 1799 1801 1806 1812 1819 1822 1820 1813 1802 1787 1775 1768 1765 1766 1767 1768 1769 1769 1769 1768 1768 1766 1761 1754 1748 1744 1742 1739 1735 1733 1737 1745 1755 1763 1770 1777 1782 1785 1791 1798 1807 1815 1827 1844 1863 1883 1905 1925 1951 1983 2022 2070 2109 2145 2187 2221 2256 2294 2332 2370 2396 2420 2449 2477 2511 2541 2573 2610 2643 2673 2696 2709 2716 2717 2721 2727 2732 2725 2699 2663 2629 2609 2597 2585 2573 2565 2569 2576 2577 2570 2565 2570 2585 2605 2620 2625 2626
2856 2853 2849 2839 2828 2814 2795 2778 2761 2742 2722 2696 2669 2642 2620 2606 2598 2597 2596 2595 2596 2600 2607 2620 2643 2668 2692 2713 2734 2754 2769 2774 2773 2770 2769 2772 2786 2813 2845 2876 2908 2932 2955 2974 2993 3007 3009 2991 2959 2923 2889 2862 2841 2818 2800 2784 2767 2751 2736 2727 2721 2713 2711 2710 2706 2699 2688 2677 2665 2652 2641 2630 2619 2611 2604 2600 2595 2589 2583 2576 2567 2557 2546 2534 2519 2503 2485 2467 2452 2439 2425 2411 2395 2383 2374 2361 2347 2333 2322 2315 2308 2301 2291 2279 2268 2254 2238 2222 2205 2189 2172 2155 2144 2135 2124 2114 2106 2100 2091 2078 2064 2054 2052 2055 2052 2035 2000 1959 1918 1879 1849 1824 1806 1797 1791 1786 1781 1777 1776 1775 1770 1764 1758 1753 1746 1739 1735 1738 1743 1753 1767 1781 1793 1800 1804 1810 1815 1817 1813 1811 1811 1812 1816 1824 1831 1833 1827 1813 1794 1779 1771 1769 1770 1772 1773 1773 1772 1769 1769 1770 1771 1767 1759 1752 1749 1747 1743 1738 1734 1737 1746 1756 1765 1772 1777 1780 1782 1785 1790 1799 1808 1820 1836 1852 1867 1888 1909 1938 1972 2011 2056 2095 2130 2170 2204 2238 2272 2306 2344 2372 2397 2425 2455 2493 2528 2560 2592 2621 2652 2679 2698 2710 2716 2723 2730 2737 2735 2717 2684 2648 2628 2621 2616 2611 2608 2614 2623 2628 2623 2614 2609 2614 2626 2635 2638 2638
2845 2843 2838 2827 2815 2801 2785 2772 2761 2748 2731 2705 2678 2650 2625 2606 2593 2590 2589 2587 2587 2589 2595 2608 2630 2656 2679 2698 2714 2728 2736 2738 2739 2739 2742 2751 2771 2801 2832 2860 2888 2911 2933 2952 2971 2984 2981 2960 2925 2890 2861 2835 2810 2783 2763 2747 2732 2718 2707 2703 2703 2699 2698 2698 2696 2692 2684 2673 2661 2647 2636 2625 2615 2606 2598 2592 2586 2581 2576 2570 2561 2552 2542 2530 2514 2497 2481 2463 2447 2430 2413 2397 2379 2366 2354 2339 2323 2307 2297 2291 2285 2279 2270 2257 2247 2236 2223 2209 2191 2173 2156 2141 2132 2123 2114 2106 2098 2091 2079 2064 2050 2040 2036 2035 2026 2005 1968 1928 1891 1859 1834 1815 1805 1803 1802 1799 1794 1789 1786 1784 1780 1775 1770 1764 1756 1748 1746 1753 1765 1781 1799 1811 1816 1815 1813 1816 1821 1824 1824 1822 1820 1817 1818 1824 1834 1839 1833 1816 1795 1779 1772 1771 1774 1776 1778 1778 1775 1770 1768 1771 1773 1770 1763 1756 1752 1749 1746 1740 1736 1737 1745 1756 1766 1773 1777 1780 1780 1781 1783 1791 1801 1815 1830 1843 1855 1874 1896 1927 1962 1998 2041 2080 2118 2156 2189 2222 2253 2285 2322 2352 2379 2408 2438 2477 2515 2546 2574 2597 2626 2655 2677 2692 2701 2709 2718 2726 2727 2716 2692 2664 2649 2646 2647 2648 2647 2651 2660 2669 2672 2667 2657 2650 2650 2649 2647 2647
2835 2832 2827 2816 2803 2789 2776 2767 2759 2751 2738 2714 2685 2656 2629 2605 2587 2580 2579 2576 2575 2575 2579 2590 2610 2634 2656 2675 2688 2696 2698 2699 2703 2707 2714 2729 2753 2785 2811 2832 2855 2874 2895 2914 2932 2943 2939 2917 2886 2857 2832 2805 2778 2750 2733 2721 2709 2698 2690 2687 2688 2686 2685 2684 2684 2683 2678 2668 2655 2642 2631 2620 2610 2603 2595 2587 2580 2574 2570 2562 2552 2542 2532 2521 2505 2488 2471 2454 2435 2415 2395 2378 2361 2348 2335 2317 2299 2282 2271 2266 2259 2253 2244 2232 2222 2215 2206 2193 2173 2153 2136 2122 2114 2105 2098 2093 2087 2078 2064 2047 2034 2025 2019 2011 1996 1972 1936 1902 1872 1845 1826 1813 1809 1813 1815 1814 1808 1801 1796 1792 1789 1786 1780 1772 1763 1756 1758 1773 1794 1816 1835 1845 1844 1835 1828 1828 1831 1834 1835 1834 1830 1823 1820 1825 1834 1838 1832 1816 1795 1778 1772 1773 1778 1781 1782 1781 1778 1773 1771 1772 1774 1773 1768 1761 1755 1752 1748 1742 1737 1737 1743 1753 1764 1772 1777 1779 1778 1776 1777 1783 1794 1808 1823 1835 1846 1863 1885 1914 1946 1978 2018 2059 2101 2140 2171 2204 2235 2266 2302 2332 2361 2390 2419 2457 2494 2524 2548 2568 2595 2623 2646 2662 2672 2683 2695 2704 2708 2704 2693 2681 2677 2681 2687 2690 2691 2691 2697 2709 2722 2724 2714 2697 2682 2670 2663 2665
2829 2824 2818 2807 2793 2780 2768 2759 2752 2746 2735 2713 2686 2658 2631 2606 2584 2572 2567 2564 2562 2561 2564 2572 2589 2610 2631 2650 2661 2664 2661 2661 2669 2678 2690 2709 2735 2764 2786 2801 2818 2834 2852 2870 2885 2893 2889 2873 2849 2827 2804 2776 2749 2725 2713 2706 2698 2690 2684 2681 2680 2679 2677 2676 2677 2679 2675 2666 2652 2639 2627 2615 2607 2601 2593 2585 2576 2569 2563 2554 2543 2532 2522 2510 2494 2476 2460 2441 2422 2401 2379 2361 2346 2334 2319 2299 2279 2262 2251 2245 2239 2232 2222 2209 2200 2194 2188 2175 2154 2134 2117 2105 2096 2089 2084 2081 2077 2068 2053 2036 2023 2013 2004 1991 1971 1947 1916 1887 1862 1841 1826 1817 1817 1823 1827 1827 1822 1814 1806 1801 1799 1796 1787 1776 1766 1763 1772 1795 1821 1845 1863 1870 1866 1856 1847 1844 1844 1846 1848 1847 1842 1831 1824 1826 1831 1833 1827 1813 1795 1782 1777 1779 1783 1785 1785 1784 1782 1778 1775 1774 1775 1774 1770 1764 1758 1754 1749 1743 1738 1737 1740 1748 1760 1770 1775 1777 1775 1774 1774 1778 1788 1802 1816 1828 1839 1855 1876 1902 1928 1956 1995 2040 2086 2127 2158 2192 2225 2257 2291 2320 2349 2378 2406 2441 2474 2501 2524 2543 2566 2591 2613 2629 2642 2655 2670 2681 2689 2693 2694 2698 2705 2716 2726 2732 2736 2734 2737 2750 2765 2768 2754 2729 2706 2690 2687 2695
2825 2818 2810 2799 2785 2771 2759 2748 2738 2730 2720 2702 2679 2655 2632 2609 2585 2567 2557 2552 2550 2549 2549 2555 2568 2585 2605 2622 2630 2629 2623 2622 2632 2646 2664 2686 2709 2734 2752 2767 2782 2794 2808 2822 2832 2836 2835 2828 2814 2796 2772 2746 2723 2706 2698 2693 2687 2682 2678 2676 2675 2674 2672 2670 2671 2674 2671 2663 2650 2635 2623 2612 2604 2598 2590 2582 2574 2563 2554 2544 2534 2523 2511 2498 2481 2464 2447 2427 2409 2388 2365 2347 2331 2318 2302 2281 2261 2245 2235 2229 2221 2213 2202 2188 2179 2172 2165 2152 2134 2116 2100 2088 2079 2072 2070 2069 2066 2058 2043 2026 2013 2001 1989 1974 1953 1930 1904 1880 1859 1840 1827 1822 1825 1831 1836 1838 1834 1826 1819 1814 1812 1806 1794 1780 1773 1775 1792 1819 1846 1866 1880 1886 1885 1877 1868 1861 1859 1861 1863 1862 1855 1841 1831 1828 1830 1830 1824 1813 1801 1792 1790 1790 1791 1790 1789 1788 1786 1784 1781 1779 1777 1774 1770 1766 1762 1758 1753 1746 1740 1737 1738 1745 1756 1766 1771 1773 1773 1772 1772 1776 1783 1794 1807 1820 1832 1848 1866 1887 1908 1933 1973 2021 2071 2112 2145 2181 2217 2250 2283 2310 2337 2365 2393 2425 2453 2477 2499 2517 2537 2559 2578 2597 2613 2630 2648 2664 2679 2689 2699 2714 2730 2747 2761 2773 2785 2787 2790 2798 2805 2799 2776 2745 2722 2713 2721 2741
2822 2812 2804 2793 2780 2766 2751 2736 2722 2709 2699 2684 2667 2650 2633 2615 2592 2568 2553 2545 2542 2539 2537 2538 2546 2559 2575 2590 2596 2593 2588 2587 2597 2614 2636 2658 2678 2698 2715 2731 2747 2757 2766 2775 2780 2782 2785 2786 2781 2765 2741 2718 2702 2692 2687 2682 2678 2675 2673 2670 2668 2667 2665 2663 2664 2665 2664 2657 2646 2633 2621 2610 2601 2594 2585 2578 2569 2556 2544 2535 2525 2515 2500 2486 2469 2452 2434 2413 2396 2377 2355 2336 2318 2304 2288 2267 2248 2232 2222 2214 2204 2194 2182 2168 2159 2150 2140 2128 2113 2098 2084 2071 2063 2057 2055 2056 2053 2045 2031 2015 2002 1989 1976 1961 1941 1921 1898 1877 1859 1841 1831 1828 1832 1838 1843 1845 1842 1836 1829 1824 1820 1812 1797 1785 1783 1792 1815 1843 1865 1879 1888 1894 1897 1893 1886 1877 1873 1874 1876 1875 1866 1852 1839 1833 1831 1829 1823 1815 1808 1805 1804 1803 1801 1797 1794 1793 1791 1790 1788 1785 1782 1777 1771 1768 1766 1763 1757 1750 1743 1739 1738 1742 1751 1759 1765 1768 1769 1770 1772 1775 1780 1787 1799 1811 1824 1840 1855 1872 1890 1914 1953 2001 2050 2094 2131 2172 2212 2245 2275 2298 2323 2350 2377 2405 2429 2451 2472 2491 2511 2529 2546 2565 2585 2606 2628 2648 2670 2687 2703 2724 2746 2768 2786 2804 2825 2838 2843 2845 2841 2823 2793 2762 2745 2746 2766 2793
2819 2809 2800 2791 2780 2766 2748 2729 2711 2694 2681 2668 2656 2646 2637 2625 2603 2576 2556 2545 2539 2533 2526 2522 2524 2531 2544 2558 2565 2563 2559 2559 2569 2586 2608 2630 2648 2665 2682 2699 2714 2723 2729 2736 2740 2742 2746 2750 2749 2737 2716 2697 2685 2679 2676 2673 2671 2669 2666 2663 2660 2659 2657 2656 2654 2654 2654 2650 2642 2631 2620 2609 2599 2590 2580 2572 2561 2547 2536 2527 2518 2506 2491 2476 2460 2443 2424 2402 2385 2368 2347 2328 2308 2293 2278 2259 2242 2225 2211 2199 2187 2175 2163 2150 2141 2131 2120 2108 2095 2081 2068 2057 2049 2043 2041 2041 2038 2030 2016 2001 1989 1977 1966 1952 1934 1915 1895 1876 1859 1844 1836 1834 1838 1844 1848 1849 1846 1840 1834 1827 1820 1808 1794 1788 1794 1811 1837 1864 1880 1887 1892 1896 1901 1901 1895 1887 1882 1883 1883 1882 1874 1861 1848 1838 1833 1828 1822 1817 1814 1814 1814 1812 1809 1804 1801 1799 1797 1795 1794 1791 1788 1782 1776 1772 1770 1767 1761 1754 1748 1742 1739 1740 1746 1752 1758 1761 1764 1768 1771 1775 1778 1783 1793 1804 1817 1831 1846 1862 1879 1903 1939 1979 2024 2072 2118 2166 2208 2238 2263 2282 2305 2331 2357 2383 2405 2424 2447 2467 2488 2505 2519 2537 2558 2583 2607 2629 2654 2676 2698 2725 2751 2777 2797 2820 2850 2874 2886 2885 2871 2849 2820 2795 2784 2790 2810 2835
2816 2805 2797 2790 2782 2768 2748 2728 2708 2689 2674 2659 2649 2644 2641 2633 2613 2585 2563 2551 2540 2528 2517 2507 2502 2502 2510 2523 2529 2529 2528 2530 2540 2555 2576 2597 2614 2631 2648 2664 2678 2686 2692 2697 2702 2707 2711 2714 2714 2706 2691 2677 2668 2664 2661 2660 2660 2658 2654 2650 2647 2646 2646 2643 2640 2639 2639 2637 2633 2626 2618 2607 2595 2585 2574 2563 2550 2537 2528 2520 2511 2497 2480 2465 2450 2434 2415 2393 2376 2360 2341 2322 2301 2285 2272 2255 2237 2217 2197 2181 2167 2155 2144 2132 2123 2112 2101 2090 2076 2063 2050 2040 2034 2028 2025 2023 2017 2007 1993 1979 1969 1960 1952 1940 1923 1905 1887 1871 1857 1845 1839 1839 1843 1847 1849 1848 1843 1837 1831 1822 1811 1799 1793 1795 1810 1832 1858 1881 1892 1896 1898 1900 1904 1904 1900 1893 1887 1885 1885 1884 1877 1866 1854 1844 1836 1830 1824 1821 1819 1818 1819 1818 1815 1811 1808 1806 1803 1801 1799 1798 1796 1791 1785 1780 1776 1772 1766 1760 1753 1746 1742 1740 1743 1746 1749 1754 1759 1763 1768 1771 1776 1781 1788 1797 1807 1821 1835 1852 1871 1893 1924 1954 1991 2042 2095 2150 2195 2223 2244 2260 2281 2305 2329 2354 2374 2393 2416 2438 2460 2477 2489 2505 2526 2553 2580 2603 2628 2653 2681 2713 2742 2770 2793 2818 2854 2887 2907 2906 2893 2876 2857 2843 2838 2843 2855 2870
2812 2799 2792 2786 2779 2767 2748 2730 2713 2693 2674 2657 2645 2640 2634 2626 2609 2588 2570 2557 2543 2526 2510 2496 2485 2480 2482 2491 2497 2499 2502 2506 2517 2532 2551 2570 2586 2602 2620 2635 2647 2655 2662 2667 2673 2679 2683 2685 2686 2682 2674 2665 2658 2652 2649 2649 2649 2647 2643 2639 2638 2636 2635 2632 2627 2625 2625 2625 2622 2618 2611 2602 2591 2580 2569 2555 2542 2531 2524 2516 2505 2490 2473 2458 2443 2427 2409 2388 2370 2355 2339 2323 2303 2286 2272 2255 2235 2210 2184 2165 2152 2142 2133 2122 2111 2099 2088 2077 2063 2048 2036 2027 2022 2017 2013 2007 1997 1984 1969 1957 1949 1942 1937 1927 1913 1897 1881 1867 1856 1847 1843 1843 1845 1848 1847 1843 1836 1828 1819 1808 1796 1791 1797 1811 1831 1853 1873 1889 1897 1900 1903 1905 1908 1908 1904 1896 1888 1883 1881 1880 1875 1867 1856 1846 1837 1832 1828 1826 1823 1821 1821 1820 1819 1816 1814 1812 1809 1806 1804 1804 1803 1799 1794 1788 1782 1777 1771 1764 1757 1750 1745 1742 1742 1742 1744 1748 1753 1759 1763 1768 1774 1779 1785 1792 1801 1814 1828 1845 1864 1885 1912 1935 1966 2014 2068 2127 2178 2212 2235 2246 2262 2283 2305 2328 2348 2367 2389 2411 2433 2449 2459 2474 2496 2525 2554 2577 2600 2627 2657 2691 2721 2749 2775 2801 2835 2871 2895 2901 2895 2889 2886 2887 2889 2890 2892 2896
2811 2794 2786 2781 2774 2763 2750 2738 2723 2703 2682 2661 2646 2635 2622 2609 2595 2583 2574 2562 2546 2525 2506 2489 2475 2464 2460 2462 2465 2467 2470 2476 2489 2507 2527 2543 2556 2571 2589 2603 2612 2620 2629 2636 2640 2644 2649 2654 2658 2658 2655 2652 2647 2640 2636 2636 2636 2633 2629 2628 2628 2627 2624 2620 2615 2611 2610 2610 2608 2603 2599 2592 2583 2573 2561 2548 2535 2526 2520 2510 2497 2482 2465 2449 2433 2416 2400 2381 2364 2349 2336 2323 2305 2289 2273 2253 2229 2198 2169 2150 2139 2133 2126 2114 2100 2086 2076 2065 2050 2035 2022 2013 2009 2005 2000 1990 1974 1957 1942 1931 1926 1921 1916 1908 1897 1885 1873 1862 1854 1847 1845 1845 1845 1844 1840 1834 1826 1816 1804 1791 1783 1788 1808 1832 1855 1872 1883 1892 1897 1902 1909 1913 1915 1915 1910 1900 1887 1877 1875 1875 1871 1865 1855 1845 1838 1834 1832 1830 1828 1825 1823 1822 1821 1820 1818 1817 1814 1812 1811 1810 1809 1807 1802 1797 1791 1785 1777 1768 1760 1754 1750 1745 1742 1740 1741 1743 1748 1754 1758 1763 1769 1775 1781 1787 1795 1808 1821 1835 1852 1870 1894 1917 1944 1984 2031 2089 2149 2195 2224 2234 2242 2260 2280 2301 2319 2337 2359 2379 2398 2411 2421 2437 2460 2491 2523 2545 2568 2596 2627 2660 2689 2718 2747 2773 2803 2833 2858 2874 2880 2887 2900 2916 2925 2925 2921 2921
2822 2798 2787 2779 2769 2760 2754 2746 2733 2714 2694 2674 2657 2639 2617 2597 2583 2576 2573 2563 2547 2526 2506 2490 2474 2460 2450 2444 2442 2442 2444 2451 2464 2484 2505 2523 2535 2549 2564 2576 2583 2593 2604 2612 2615 2618 2623 2631 2637 2639 2640 2641 2638 2630 2627 2626 2624 2621 2617 2618 2619 2618 2614 2610 2606 2602 2599 2598 2595 2590 2586 2582 2577 2568 2557 2544 2533 2524 2516 2504 2491 2475 2457 2441 2423 2407 2392 2375 2360 2345 2332 2321 2305 2288 2269 2247 2220 2188 2159 2141 2132 2129 2122 2108 2092 2077 2067 2057 2042 2027 2013 2003 1997 1992 1986 1973 1954 1935 1920 1910 1906 1901 1897 1891 1884 1876 1866 1858 1851 1845 1843 1842 1839 1835 1828 1821 1812 1802 1788 1777 1776 1792 1820 1849 1869 1881 1885 1890 1896 1905 1914 1920 1921 1919 1912 1900 1884 1873 1869 1870 1868 1864 1856 1847 1841 1838 1836 1834 1831 1827 1825 1824 1823 1823 1822 1820 1818 1817 1816 1815 1813 1811 1808 1804 1799 1793 1782 1772 1764 1758 1754 1749 1744 1741 1741 1741 1744 1749 1753 1757 1763 1769 1775 1782 1790 1803 1814 1827 1841 1857 1879 1903 1929 1962 1998 2049 2110 2167 2208 2223 2229 2244 2261 2280 2295 2311 2330 2348 2365 2377 2388 2406 2431 2463 2496 2520 2543 2571 2602 2632 2657 2685 2715 2741 2765 2788 2812 2835 2849 2866 2889 2914 2930 2933 2931 2932
2847 2816 2798 2786 2774 2766 2763 2756 2741 2724 2708 2692 2677 2657 2628 2602 2584 2575 2571 2560 2545 2527 2509 2495 2479 2464 2449 2436 2428 2424 2424 2428 2439 2458 2481 2503 2518 2529 2540 2549 2557 2568 2582 2591 2595 2598 2604 2612 2618 2622 2626 2629 2628 2622 2619 2617 2613 2609 2606 2607 2608 2606 2604 2601 2598 2594 2590 2588 2586 2580 2576 2573 2571 2565 2554 2543 2532 2521 2510 2496 2482 2466 2447 2429 2412 2395 2382 2368 2355 2341 2326 2313 2297 2278 2258 2235 2209 2181 2155 2139 2129 2124 2116 2100 2084 2069 2059 2051 2038 2023 2008 1993 1985 1978 1969 1954 1936 1918 1903 1893 1888 1883 1880 1876 1872 1868 1861 1852 1845 1839 1836 1833 1828 1822 1813 1804 1795 1786 1776 1772 1778 1799 1828 1854 1869 1878 1881 1887 1895 1906 1917 1922 1921 1917 1909 1896 1881 1870 1868 1870 1870 1867 1860 1852 1846 1842 1840 1838 1834 1829 1826 1826 1826 1827 1826 1825 1822 1820 1819 1818 1816 1815 1813 1811 1807 1799 1788 1777 1769 1763 1758 1753 1748 1744 1742 1741 1743 1745 1748 1750 1755 1761 1768 1776 1784 1796 1807 1819 1832 1846 1866 1888 1913 1943 1971 2010 2063 2122 2177 2205 2216 2230 2244 2260 2272 2284 2299 2315 2333 2346 2359 2380 2407 2439 2472 2498 2524 2553 2581 2608 2630 2655 2684 2709 2731 2751 2773 2797 2814 2831 2856 2884 2908 2920 2925 2933
2876 2841 2817 2800 2787 2781 2778 2770 2752 2733 2720 2709 2698 2676 2645 2617 2596 2581 2572 2560 2547 2533 2520 2508 2493 2477 2459 2439 2424 2413 2409 2409 2416 2431 2455 2482 2501 2512 2519 2525 2534 2547 2562 2573 2578 2582 2589 2595 2600 2605 2610 2614 2614 2612 2610 2608 2603 2598 2594 2593 2593 2591 2591 2591 2590 2586 2581 2578 2575 2570 2565 2562 2562 2558 2548 2538 2529 2515 2501 2484 2469 2453 2432 2414 2397 2381 2368 2357 2346 2332 2315 2299 2281 2262 2241 2219 2197 2174 2153 2138 2126 2117 2106 2090 2074 2061 2051 2044 2034 2021 2004 1986 1973 1962 1950 1936 1920 1904 1890 1880 1874 1869 1867 1865 1863 1860 1853 1845 1836 1829 1824 1820 1814 1807 1799 1789 1781 1775 1773 1776 1789 1808 1831 1849 1860 1868 1873 1882 1891 1902 1910 1913 1910 1904 1896 1887 1876 1869 1868 1871 1872 1870 1864 1856 1849 1844 1841 1838 1834 1829 1827 1827 1829 1831 1831 1829 1825 1824 1823 1820 1818 1816 1814 1813 1810 1803 1791 1781 1773 1767 1761 1756 1751 1747 1744 1742 1743 1743 1744 1746 1749 1754 1761 1769 1777 1787 1797 1810 1823 1836 1853 1872 1895 1924 1947 1977 2016 2070 2133 2174 2195 2211 2222 2236 2246 2254 2266 2282 2301 2317 2333 2356 2383 2414 2447 2475 2504 2533 2560 2585 2604 2627 2655 2680 2705 2726 2746 2767 2781 2796 2816 2842 2870 2889 2904 2922
2894 2862 2836 2815 2802 2798 2796 2787 2765 2739 2724 2716 2706 2684 2655 2629 2609 2592 2580 2567 2558 2549 2538 2528 2514 2498 2478 2452 2428 2410 2400 2397 2400 2411 2433 2462 2485 2498 2505 2510 2519 2531 2546 2559 2566 2572 2576 2581 2584 2589 2595 2598 2600 2601 2601 2599 2594 2588 2583 2580 2578 2577 2578 2579 2580 2578 2572 2567 2563 2557 2553 2550 2549 2546 2537 2530 2521 2507 2491 2472 2455 2437 2416 2398 2382 2365 2353 2343 2333 2320 2301 2284 2264 2246 2227 2206 2187 2167 2148 2134 2119 2107 2094 2078 2065 2054 2046 2040 2031 2020 2003 1982 1964 1949 1936 1923 1909 1895 1880 1869 1864 1860 1859 1857 1855 1851 1845 1835 1826 1817 1812 1806 1800 1794 1787 1780 1775 1774 1779 1789 1804 1819 1833 1843 1851 1860 1868 1875 1883 1889 1893 1892 1888 1882 1878 1874 1869 1865 1865 1868 1871 1870 1864 1855 1846 1840 1837 1834 1830 1827 1826 1827 1830 1833 1835 1833 1830 1829 1828 1823 1818 1814 1812 1812 1809 1802 1791 1782 1775 1768 1763 1758 1753 1750 1746 1744 1744 1744 1744 1745 1746 1749 1756 1763 1771 1779 1788 1800 1813 1826 1842 1859 1879 1905 1927 1951 1979 2024 2085 2134 2165 2185 2197 2210 2219 2226 2236 2252 2274 2293 2310 2334 2360 2389 2420 2448 2478 2506 2532 2558 2578 2600 2627 2655 2684 2707 2727 2746 2758 2772 2789 2811 2836 2855 2875 2900
2900 2880 2859 2839 2829 2828 2824 2813 2789 2755 2732 2723 2711 2689 2662 2641 2624 2610 2597 2582 2574 2567 2559 2548 2533 2518 2496 2466 2435 2409 2395 2388 2386 2393 2411 2438 2462 2479 2488 2493 2501 2512 2527 2541 2550 2555 2558 2560 2564 2569 2574 2577 2579 2583 2586 2585 2580 2574 2567 2563 2561 2560 2561 2563 2565 2564 2560 2552 2546 2541 2537 2533 2529 2525 2518 2512 2505 2493 2476 2455 2434 2415 2395 2378 2362 2346 2333 2322 2313 2301 2284 2266 2247 2230 2214 2196 2178 2159 2141 2125 2109 2094 2079 2065 2055 2048 2041 2035 2027 2017 2001 1979 1958 1939 1924 1912 1898 1884 1869 1858 1853 1851 1850 1848 1844 1839 1831 1822 1813 1804 1798 1792 1787 1782 1778 1775 1775 1779 1787 1800 1814 1824 1829 1834 1843 1853 1860 1864 1866 1867 1867 1864 1860 1858 1858 1859 1859 1858 1859 1862 1865 1864 1857 1847 1838 1831 1828 1827 1825 1824 1824 1826 1831 1835 1838 1839 1837 1837 1835 1829 1820 1813 1811 1810 1806 1799 1790 1783 1777 1771 1765 1760 1755 1752 1749 1747 1746 1746 1746 1746 1747 1749 1753 1759 1764 1770 1778 1788 1801 1815 1831 1845 1860 1882 1903 1927 1951 1985 2035 2083 2121 2147 2161 2175 2184 2193 2203 2220 2244 2265 2284 2307 2331 2358 2386 2413 2443 2469 2495 2526 2549 2572 2601 2632 2665 2692 2714 2732 2745 2761 2780 2799 2818 2833 2852 2882
2900 2897 2886 2872 2864 2860 2851 2840 2817 2781 2753 2738 2723 2701 2673 2651 2636 2625 2612 2593 2583 2579 2571 2560 2543 2528 2508 2476 2442 2412 2393 2382 2376 2380 2396 2418 2440 2460 2472 2479 2487 2497 2510 2523 2532 2538 2540 2542 2546 2550 2555 2557 2561 2566 2570 2569 2565 2559 2553 2549 2547 2545 2546 2549 2551 2552 2548 2540 2533 2527 2522 2516 2508 2503 2498 2495 2488 2477 2459 2435 2412 2393 2375 2361 2345 2328 2314 2300 2291 2281 2267 2251 2234 2219 2205 2188 2171 2153 2135 2120 2103 2086 2070 2056 2049 2043 2038 2032 2024 2015 2000 1980 1958 1937 1920 1905 1888 1873 1859 1850 1846 1845 1843 1839 1833 1826 1817 1808 1800 1793 1787 1781 1777 1774 1772 1774 1777 1783 1792 1804 1814 1819 1820 1823 1832 1841 1847 1848 1846 1845 1845 1844 1843 1843 1846 1850 1852 1854 1855 1857 1858 1856 1848 1837 1827 1821 1819 1820 1820 1821 1822 1825 1830 1836 1840 1841 1842 1843 1841 1834 1823 1814 1809 1808 1804 1797 1789 1783 1779 1774 1767 1761 1756 1753 1751 1749 1748 1748 1749 1749 1750 1750 1752 1755 1758 1763 1770 1781 1793 1807 1823 1835 1847 1865 1886 1912 1935 1961 2001 2043 2082 2112 2130 2145 2155 2164 2176 2195 2221 2245 2265 2287 2308 2330 2357 2384 2413 2438 2464 2498 2527 2557 2589 2620 2654 2684 2708 2727 2742 2759 2778 2794 2809 2822 2844 2876
2900 2915 2919 2914 2910 2902 2885 2872 2853 2821 2792 2768 2750 2726 2694 2667 2649 2640 2626 2600 2586 2581 2574 2562 2542 2527 2508 2478 2445 2414 2391 2376 2366 2368 2381 2398 2417 2436 2450 2459 2469 2478 2489 2499 2507 2513 2516 2518 2523 2528 2533 2535 2540 2547 2550 2548 2542 2538 2536 2534 2531 2529 2529 2532 2535 2536 2533 2528 2521 2514 2506 2496 2485 2478 2475 2474 2468 2455 2435 2409 2386 2369 2354 2342 2326 2309 2292 2276 2266 2258 2248 2237 2222 2209 2197 2180 2164 2148 2132 2118 2100 2083 2066 2052 2044 2038 2034 2030 2022 2012 1998 1981 1962 1938 1917 1896 1875 1859 1847 1841 1838 1836 1832 1826 1819 1811 1802 1794 1788 1782 1776 1771 1768 1767 1768 1772 1777 1782 1788 1795 1801 1804 1805 1809 1816 1824 1827 1825 1823 1824 1829 1833 1837 1840 1842 1845 1848 1851 1852 1853 1851 1846 1837 1825 1817 1814 1813 1815 1818 1820 1822 1826 1831 1838 1842 1845 1846 1847 1846 1841 1831 1820 1814 1811 1807 1800 1792 1788 1785 1780 1773 1765 1759 1757 1754 1752 1749 1749 1750 1751 1752 1752 1753 1752 1752 1756 1765 1776 1787 1799 1815 1827 1837 1850 1869 1896 1920 1944 1976 2011 2046 2077 2098 2115 2124 2133 2147 2167 2195 2222 2245 2267 2284 2304 2330 2358 2389 2414 2439 2474 2511 2549 2584 2612 2643 2673 2700 2723 2739 2757 2774 2790 2808 2826 2852 2886
2895 2922 2943 2954 2961 2952 2925 2903 2884 2858 2831 2803 2784 2761 2726 2694 2670 2656 2637 2605 2586 2579 2569 2555 2534 2518 2500 2473 2445 2418 2393 2374 2360 2359 2369 2383 2398 2414 2429 2440 2451 2460 2468 2476 2482 2488 2491 2495 2501 2507 2511 2514 2519 2526 2528 2525 2520 2518 2519 2519 2516 2513 2513 2516 2519 2520 2520 2518 2513 2505 2495 2481 2467 2458 2454 2452 2446 2432 2412 2387 2366 2350 2336 2324 2307 2290 2272 2255 2244 2238 2232 2225 2213 2203 2192 2177 2161 2145 2131 2117 2099 2081 2064 2050 2041 2035 2032 2030 2022 2010 1995 1981 1964 1940 1915 1890 1866 1848 1837 1832 1830 1826 1820 1812 1804 1796 1788 1782 1778 1774 1770 1766 1764 1764 1766 1770 1774 1777 1779 1782 1783 1785 1788 1793 1799 1804 1804 1803 1804 1809 1818 1828 1836 1841 1843 1844 1846 1849 1850 1848 1843 1836 1826 1815 1809 1808 1809 1812 1816 1820 1824 1830 1836 1841 1846 1849 1851 1853 1854 1851 1844 1833 1826 1821 1816 1808 1799 1796 1795 1790 1780 1771 1764 1762 1759 1756 1752 1750 1750 1752 1753 1754 1755 1752 1749 1752 1760 1772 1783 1794 1809 1821 1831 1842 1859 1885 1909 1932 1959 1986 2016 2046 2069 2088 2098 2106 2122 2144 2173 2204 2229 2251 2268 2288 2315 2344 2376 2402 2428 2464 2505 2550 2586 2611 2637 2665 2694 2721 2740 2760 2781 2801 2823 2846 2875 2908
2885 2919 2954 2987 3014 3009 2969 2933 2909 2884 2860 2834 2819 2801 2768 2734 2702 2678 2650 2612 2590 2578 2563 2546 2525 2508 2491 2467 2446 2423 2399 2376 2358 2353 2359 2370 2382 2395 2409 2422 2433 2441 2448 2454 2458 2463 2467 2472 2478 2483 2489 2493 2496 2500 2502 2502 2501 2501 2502 2501 2498 2496 2497 2500 2502 2504 2506 2508 2506 2499 2487 2471 2454 2442 2433 2427 2419 2407 2390 2370 2352 2337 2319 2305 2288 2269 2251 2235 2227 2222 2217 2212 2204 2198 2189 2175 2159 2143 2130 2116 2097 2078 2061 2047 2037 2031 2031 2030 2023 2010 1993 1977 1960 1935 1911 1886 1860 1842 1830 1824 1820 1814 1807 1799 1789 1781 1775 1771 1769 1767 1765 1763 1762 1763 1765 1767 1769 1770 1770 1770 1769 1770 1773 1777 1780 1782 1783 1785 1790 1798 1809 1821 1832 1838 1841 1844 1846 1848 1847 1844 1836 1826 1816 1808 1805 1806 1807 1810 1815 1820 1827 1837 1843 1848 1853 1856 1860 1863 1866 1866 1861 1853 1844 1837 1829 1820 1811 1808 1807 1801 1791 1780 1773 1770 1766 1762 1757 1752 1750 1751 1752 1755 1756 1754 1750 1750 1756 1769 1780 1791 1804 1815 1826 1839 1855 1876 1897 1916 1938 1960 1987 2015 2040 2060 2072 2081 2098 2121 2153 2185 2212 2236 2256 2280 2308 2337 2371 2400 2427 2463 2505 2551 2586 2609 2633 2659 2689 2718 2741 2767 2795 2823 2849 2873 2902 2932
2873 2907 2949 3000 3050 3058 3015 2966 2932 2901 2878 2854 2841 2828 2802 2771 2735 2700 2664 2624 2600 2582 2561 2541 2521 2502 2483 2461 2445 2426 2403 2379 2358 2348 2350 2358 2368 2378 2390 2402 2414 2422 2428 2433 2436 2440 2445 2450 2455 2460 2467 2472 2474 2474 2476 2479 2482 2483 2482 2478 2475 2476 2477 2479 2481 2484 2488 2493 2494 2488 2477 2460 2442 2426 2412 2402 2392 2380 2369 2355 2340 2323 2301 2284 2268 2250 2234 2221 2214 2209 2203 2198 2193 2190 2184 2172 2156 2141 2126 2112 2092 2073 2056 2043 2034 2029 2028 2029 2023 2010 1990 1971 1950 1926 1903 1880 1857 1838 1823 1814 1809 1802 1795 1786 1776 1769 1765 1764 1764 1763 1763 1763 1763 1763 1763 1763 1763 1763 1763 1762 1762 1762 1763 1764 1765 1766 1769 1775 1783 1792 1802 1812 1823 1830 1835 1839 1842 1843 1841 1837 1830 1818 1809 1804 1804 1805 1807 1809 1814 1821 1832 1845 1853 1857 1862 1867 1871 1875 1879 1881 1880 1874 1866 1858 1848 1837 1828 1823 1821 1815 1806 1795 1786 1781 1776 1769 1762 1756 1752 1750 1751 1754 1757 1757 1753 1750 1753 1764 1777 1789 1800 1810 1822 1837 1852 1868 1884 1899 1917 1936 1961 1987 2011 2032 2046 2058 2077 2101 2133 2166 2193 2219 2246 2275 2305 2335 2370 2402 2432 2467 2505 2546 2578 2601 2625 2652 2682 2711 2737 2769 2808 2842 2871 2894 2918 2944
2861 2893 2933 2988 3054 3082 3053 3002 2955 2914 2882 2853 2836 2825 2806 2784 2751 2714 2676 2638 2612 2591 2565 2543 2521 2500 2479 2457 2441 2425 2404 2381 2359 2346 2343 2349 2356 2363 2374 2386 2397 2406 2412 2418 2421 2424 2428 2433 2439 2445 2452 2458 2459 2458 2458 2461 2466 2467 2462 2457 2454 2455 2457 2458 2460 2464 2470 2475 2477 2472 2461 2445 2429 2413 2396 2382 2371 2361 2353 2341 2327 2308 2284 2266 2250 2234 2223 2214 2208 2201 2192 2186 2184 2184 2179 2166 2152 2137 2122 2106 2085 2067 2053 2042 2034 2028 2027 2027 2022 2010 1990 1967 1942 1916 1894 1875 1854 1835 1817 1805 1798 1792 1785 1777 1768 1763 1762 1762 1762 1762 1763 1763 1764 1764 1763 1762 1761 1761 1761 1760 1760 1760 1761 1761 1760 1760 1764 1772 1781 1789 1796 1804 1812 1819 1824 1829 1833 1835 1834 1830 1824 1814 1806 1804 1804 1805 1808 1810 1814 1822 1835 1850 1859 1864 1871 1876 1881 1884 1888 1891 1891 1889 1884 1876 1866 1855 1845 1836 1832 1827 1821 1812 1802 1794 1784 1775 1767 1760 1754 1751 1750 1753 1756 1759 1757 1753 1752 1760 1774 1787 1799 1808 1819 1834 1848 1862 1875 1888 1905 1924 1946 1969 1988 2008 2025 2042 2064 2089 2119 2149 2174 2203 2236 2272 2306 2335 2371 2406 2439 2473 2505 2537 2565 2587 2615 2643 2672 2701 2729 2766 2811 2850 2881 2901 2920 2940
2853 2885 2918 2966 3038 3087 3081 3039 2984 2933 2890 2849 2824 2810 2796 2782 2759 2726 2691 2656 2629 2605 2578 2555 2529 2505 2482 2457 2439 2421 2402 2380 2358 2344 2338 2339 2342 2347 2355 2366 2378 2386 2393 2399 2403 2406 2408 2413 2420 2428 2435 2441 2443 2442 2440 2440 2444 2443 2436 2429 2426 2428 2430 2431 2434 2438 2443 2449 2449 2443 2434 2421 2408 2393 2376 2362 2351 2341 2332 2320 2305 2286 2264 2246 2233 2222 2215 2209 2202 2190 2178 2171 2171 2172 2167 2155 2142 2129 2115 2098 2076 2059 2048 2040 2033 2026 2023 2022 2017 2008 1989 1962 1933 1905 1883 1866 1846 1826 1808 1794 1788 1782 1776 1768 1763 1762 1762 1762 1763 1763 1763 1763 1763 1763 1763 1763 1762 1762 1762 1762 1762 1762 1762 1762 1762 1761 1765 1773 1781 1787 1792 1796 1801 1807 1811 1817 1822 1825 1826 1824 1820 1813 1809 1808 1808 1809 1813 1815 1817 1826 1840 1855 1866 1872 1881 1887 1891 1894 1896 1897 1899 1899 1897 1893 1885 1875 1863 1851 1844 1840 1837 1830 1821 1808 1794 1781 1772 1765 1759 1754 1751 1752 1755 1759 1759 1757 1754 1757 1769 1784 1798 1807 1815 1828 1841 1855 1867 1879 1896 1913 1933 1951 1966 1984 2002 2024 2050 2076 2104 2129 2153 2184 2221 2262 2298 2328 2363 2399 2434 2467 2493 2518 2541 2565 2598 2629 2657 2686 2714 2753 2798 2837 2867 2885 2899 2914
2851 2878 2906 2950 3019 3077 3089 3061 3011 2958 2908 2861 2828 2805 2787 2776 2760 2734 2702 2669 2641 2615 2588 2564 2537 2512 2487 2460 2440 2419 2397 2376 2355 2341 2333 2331 2331 2332 2337 2346 2357 2366 2373 2381 2386 2389 2391 2395 2403 2412 2420 2426 2428 2428 2424 2422 2423 2420 2413 2406 2403 2403 2405 2407 2410 2413 2416 2419 2419 2414 2406 2397 2386 2374 2358 2346 2335 2323 2311 2297 2281 2265 2248 2235 2226 2218 2214 2208 2198 2182 2165 2157 2157 2156 2152 2144 2135 2124 2108 2089 2068 2054 2045 2037 2030 2022 2016 2014 2010 2002 1984 1955 1924 1894 1873 1856 1836 1816 1797 1784 1779 1775 1770 1764 1762 1763 1764 1764 1764 1764 1764 1764 1764 1764 1764 1764 1764 1764 1764 1765 1765 1765 1765 1765 1764 1763 1767 1775 1783 1788 1791 1793 1797 1800 1805 1810 1816 1820 1822 1821 1819 1817 1815 1815 1814 1815 1819 1821 1823 1831 1845 1860 1871 1880 1889 1896 1900 1901 1902 1902 1903 1905 1905 1904 1899 1891 1879 1865 1856 1852 1850 1844 1834 1819 1801 1784 1774 1768 1763 1757 1753 1752 1754 1758 1761 1760 1756 1755 1763 1779 1794 1804 1812 1823 1835 1848 1860 1873 1890 1907 1924 1939 1950 1965 1984 2009 2039 2066 2092 2115 2137 2171 2211 2252 2287 2314 2348 2384 2418 2448 2470 2491 2513 2541 2580 2614 2643 2671 2699 2735 2774 2808 2835 2851 2863 2875
2857 2878 2907 2955 3019 3071 3087 3073 3038 2993 2949 2903 2865 2833 2803 2788 2773 2748 2717 2683 2653 2626 2599 2575 2548 2522 2497 2469 2448 2424 2397 2372 2352 2339 2331 2326 2321 2317 2317 2323 2333 2341 2348 2355 2361 2366 2368 2371 2378 2387 2396 2403 2405 2404 2400 2396 2395 2392 2385 2379 2376 2376 2378 2381 2383 2385 2386 2387 2386 2382 2377 2370 2361 2350 2337 2327 2316 2300 2284 2267 2253 2242 2232 2226 2221 2216 2211 2202 2188 2169 2150 2140 2136 2134 2133 2130 2126 2117 2100 2080 2061 2049 2041 2032 2022 2012 2005 2002 1998 1991 1973 1944 1913 1883 1861 1844 1823 1802 1783 1773 1770 1768 1766 1763 1762 1763 1764 1764 1764 1764 1764 1764 1764 1765 1765 1765 1766 1766 1765 1765 1765 1766 1765 1764 1763 1762 1766 1775 1784 1789 1794 1797 1799 1802 1807 1813 1818 1822 1824 1824 1824 1824 1825 1826 1827 1828 1830 1832 1835 1843 1855 1869 1880 1891 1901 1908 1911 1911 1911 1911 1912 1913 1915 1916 1914 1908 1896 1882 1872 1867 1863 1856 1845 1829 1809 1790 1777 1771 1767 1762 1757 1754 1755 1758 1762 1763 1758 1754 1759 1771 1787 1799 1809 1819 1829 1841 1852 1864 1880 1896 1911 1924 1934 1948 1966 1992 2022 2050 2077 2100 2124 2160 2200 2237 2267 2292 2323 2357 2388 2415 2436 2459 2484 2516 2560 2597 2628 2657 2682 2713 2743 2769 2792 2807 2819 2831
2871 2891 2923 2977 3031 3068 3079 3071 3051 3018 2983 2944 2908 2871 2835 2813 2794 2767 2732 2692 2662 2637 2612 2589 2562 2535 2508 2480 2457 2432 2400 2372 2351 2339 2331 2325 2318 2310 2307 2309 2313 2318 2322 2327 2332 2338 2341 2344 2350 2358 2367 2373 2376 2375 2371 2367 2365 2362 2356 2351 2350 2351 2354 2358 2361 2363 2363 2361 2360 2357 2353 2346 2337 2327 2317 2308 2296 2277 2258 2242 2231 2226 2222 2220 2217 2212 2204 2191 2175 2156 2137 2124 2117 2112 2111 2112 2113 2106 2088 2069 2053 2042 2034 2023 2011 2000 1992 1988 1982 1975 1959 1931 1901 1871 1850 1831 1809 1787 1771 1765 1765 1764 1764 1763 1764 1764 1763 1763 1763 1763 1763 1764 1764 1764 1764 1764 1764 1764 1764 1763 1763 1763 1763 1762 1761 1761 1767 1779 1788 1794 1801 1805 1807 1810 1814 1820 1825 1829 1831 1833 1835 1837 1840 1843 1844 1845 1846 1848 1854 1861 1870 1882 1893 1904 1914 1920 1923 1923 1923 1922 1923 1924 1925 1927 1927 1922 1911 1896 1886 1878 1871 1863 1851 1837 1819 1799 1785 1776 1771 1767 1762 1758 1757 1759 1762 1764 1760 1756 1756 1764 1779 1793 1805 1816 1825 1836 1846 1857 1872 1885 1898 1910 1920 1934 1952 1975 2003 2030 2059 2085 2112 2149 2184 2216 2241 2264 2294 2325 2354 2380 2405 2434 2466 2502 2546 2584 2616 2646 2669 2694 2715 2734 2753 2767 2781 2794
2891 2914 2950 3004 3048 3072 3075 3066 3049 3024 2996 2966 2937 2906 2872 2849 2825 2792 2748 2700 2671 2654 2633 2610 2581 2551 2522 2491 2467 2441 2410 2382 2357 2344 2336 2329 2321 2313 2308 2305 2303 2300 2298 2298 2301 2307 2312 2316 2320 2326 2333 2338 2340 2340 2339 2336 2335 2330 2324 2321 2322 2327 2333 2337 2342 2345 2347 2345 2342 2338 2333 2326 2316 2307 2297 2287 2273 2255 2238 2224 2218 2216 2215 2212 2206 2199 2189 2175 2160 2143 2126 2112 2102 2094 2090 2090 2092 2088 2073 2056 2042 2032 2023 2011 1998 1986 1977 1972 1965 1959 1944 1918 1888 1859 1839 1820 1794 1774 1763 1762 1764 1763 1763 1764 1764 1764 1764 1764 1764 1764 1764 1763 1762 1761 1761 1760 1760 1760 1760 1760 1759 1759 1759 1759 1760 1764 1773 1787 1797 1804 1811 1814 1816 1818 1822 1829 1833 1836 1840 1845 1851 1856 1860 1864 1866 1866 1867 1870 1876 1882 1890 1900 1909 1918 1927 1933 1936 1937 1936 1936 1935 1936 1938 1941 1941 1935 1923 1907 1895 1886 1878 1868 1857 1847 1833 1815 1798 1784 1777 1771 1766 1763 1760 1760 1762 1765 1763 1759 1756 1760 1772 1787 1800 1811 1820 1831 1841 1852 1864 1875 1885 1897 1908 1922 1940 1961 1983 2008 2038 2069 2100 2133 2163 2189 2213 2235 2265 2297 2326 2354 2384 2422 2462 2499 2540 2574 2606 2636 2659 2680 2697 2711 2727 2741 2755 2769
2916 2948 2988 3037 3072 3088 3086 3073 3055 3034 3013 2988 2967 2945 2918 2898 2870 2830 2778 2724 2699 2690 2671 2646 2614 2580 2547 2512 2485 2457 2429 2400 2371 2355 2347 2337 2329 2322 2317 2312 2303 2292 2283 2277 2276 2279 2283 2288 2291 2294 2297 2298 2299 2301 2302 2302 2301 2297 2290 2288 2293 2302 2309 2316 2323 2329 2334 2332 2327 2322 2315 2307 2298 2289 2277 2265 2250 2235 2221 2211 2208 2208 2205 2198 2188 2178 2168 2155 2142 2129 2113 2100 2088 2077 2070 2066 2067 2065 2054 2041 2029 2019 2009 1998 1987 1974 1964 1957 1949 1943 1930 1904 1874 1846 1828 1809 1782 1765 1761 1762 1764 1763 1763 1763 1764 1764 1764 1764 1765 1765 1764 1763 1761 1760 1759 1759 1759 1759 1760 1761 1761 1760 1762 1764 1767 1774 1785 1800 1809 1815 1821 1824 1825 1827 1832 1837 1841 1845 1852 1860 1869 1877 1882 1886 1888 1890 1892 1896 1902 1907 1912 1921 1929 1936 1943 1949 1953 1954 1953 1952 1952 1953 1956 1959 1957 1949 1935 1918 1904 1894 1886 1877 1867 1859 1850 1835 1817 1799 1786 1778 1772 1768 1764 1762 1763 1765 1766 1762 1758 1759 1768 1781 1794 1805 1815 1827 1837 1846 1857 1865 1874 1884 1896 1911 1929 1946 1964 1984 2015 2050 2082 2112 2136 2159 2182 2207 2240 2273 2303 2336 2371 2416 2461 2499 2534 2565 2594 2624 2647 2666 2682 2695 2710 2724 2737 2752
2943 2982 3025 3069 3098 3110 3108 3097 3083 3068 3050 3026 3005 2986 2965 2946 2915 2872 2818 2766 2747 2743 2721 2693 2656 2618 2580 2542 2510 2479 2449 2418 2388 2371 2360 2346 2336 2329 2326 2321 2309 2296 2282 2271 2264 2261 2262 2265 2267 2268 2267 2265 2264 2267 2270 2272 2273 2269 2264 2264 2270 2281 2289 2296 2306 2317 2323 2322 2316 2309 2302 2294 2285 2276 2265 2251 2235 2221 2210 2203 2200 2198 2192 2181 2168 2158 2149 2139 2129 2116 2100 2087 2075 2063 2055 2048 2047 2045 2037 2027 2016 2007 1998 1989 1979 1968 1957 1948 1938 1931 1918 1893 1864 1837 1818 1799 1773 1761 1761 1763 1764 1764 1764 1764 1763 1763 1763 1762 1762 1761 1760 1760 1761 1762 1763 1763 1765 1767 1770 1772 1774 1774 1777 1780 1785 1792 1801 1811 1818 1822 1827 1829 1832 1836 1840 1845 1849 1855 1864 1875 1887 1895 1900 1904 1907 1910 1914 1919 1924 1928 1934 1943 1951 1958 1965 1970 1973 1973 1972 1970 1970 1971 1974 1977 1973 1963 1945 1927 1912 1902 1894 1887 1879 1872 1864 1852 1836 1816 1799 1787 1778 1773 1768 1765 1764 1765 1766 1765 1762 1762 1767 1776 1786 1798 1810 1822 1832 1840 1850 1857 1866 1876 1888 1903 1919 1933 1949 1966 1995 2030 2062 2089 2109 2131 2157 2186 2222 2256 2288 2324 2363 2409 2454 2491 2526 2554 2581 2610 2632 2650 2665 2679 2695 2710 2724 2737
2971 3016 3061 3101 3127 3139 3144 3143 3139 3131 3115 3089 3061 3036 3014 2995 2966 2923 2875 2832 2819 2813 2785 2751 2711 2669 2628 2586 2550 2512 2476 2443 2411 2393 2379 2359 2344 2337 2335 2333 2323 2310 2295 2280 2267 2257 2251 2249 2248 2247 2244 2237 2233 2235 2239 2243 2243 2241 2239 2241 2248 2257 2264 2273 2285 2297 2304 2304 2297 2290 2284 2278 2271 2263 2252 2239 2224 2209 2199 2192 2186 2180 2171 2160 2147 2137 2132 2124 2114 2100 2083 2069 2057 2047 2040 2033 2030 2026 2020 2011 2003 1995 1989 1982 1975 1965 1954 1944 1932 1922 1907 1882 1855 1829 1808 1788 1767 1760 1762 1764 1764 1764 1763 1764 1764 1763 1762 1761 1759 1758 1758 1761 1766 1771 1773 1776 1779 1783 1787 1792 1796 1798 1801 1804 1809 1814 1818 1821 1823 1826 1830 1834 1839 1846 1851 1855 1858 1865 1876 1889 1902 1910 1914 1918 1922 1927 1934 1938 1943 1946 1952 1962 1972 1981 1988 1991 1992 1991 1988 1987 1987 1988 1992 1994 1989 1977 1958 1940 1926 1915 1909 1905 1897 1888 1877 1866 1853 1835 1817 1800 1787 1779 1772 1769 1766 1764 1765 1766 1767 1767 1769 1772 1780 1791 1804 1816 1826 1833 1842 1849 1858 1869 1881 1894 1907 1920 1936 1954 1980 2012 2042 2068 2087 2108 2136 2169 2208 2242 2273 2312 2350 2393 2434 2469 2506 2535 2562 2589 2609 2625 2638 2653 2672 2687 2701 2713
2990 3041 3087 3124 3152 3170 3184 3192 3195 3192 3180 3156 3124 3091 3061 3040 3014 2976 2934 2898 2889 2878 2841 2797 2753 2712 2673 2628 2587 2544 2502 2466 2433 2412 2394 2370 2353 2345 2344 2346 2341 2332 2317 2298 2280 2264 2252 2244 2239 2237 2230 2220 2212 2211 2214 2219 2220 2219 2220 2224 2231 2239 2246 2254 2267 2279 2284 2283 2278 2273 2269 2265 2259 2252 2242 2231 2217 2203 2192 2182 2173 2164 2153 2142 2131 2123 2118 2112 2102 2085 2067 2052 2040 2033 2028 2023 2018 2013 2006 1998 1990 1985 1982 1978 1973 1966 1956 1945 1931 1918 1901 1876 1850 1824 1802 1782 1766 1762 1764 1764 1763 1763 1763 1763 1763 1763 1762 1762 1762 1764 1767 1772 1780 1785 1788 1791 1795 1800 1805 1810 1815 1818 1819 1821 1824 1826 1826 1824 1825 1828 1834 1841 1848 1856 1861 1864 1866 1871 1883 1897 1910 1919 1923 1927 1932 1939 1945 1949 1952 1955 1961 1972 1983 1993 1999 2000 1999 1997 1995 1994 1995 1997 2001 2003 1999 1987 1970 1954 1943 1933 1929 1924 1914 1901 1886 1874 1864 1848 1831 1812 1795 1784 1776 1772 1768 1764 1764 1768 1772 1773 1772 1772 1777 1788 1801 1813 1822 1829 1837 1845 1853 1864 1876 1888 1899 1911 1930 1950 1976 2005 2032 2057 2075 2094 2120 2153 2194 2230 2262 2302 2340 2380 2415 2448 2485 2515 2540 2567 2586 2602 2616 2631 2651 2667 2680 2690
3004 3061 3107 3145 3174 3198 3220 3232 3237 3236 3232 3218 3186 3145 3106 3081 3059 3028 2990 2954 2944 2931 2884 2832 2785 2750 2716 2669 2624 2577 2533 2495 2458 2433 2411 2386 2368 2359 2358 2363 2363 2358 2342 2320 2299 2279 2262 2250 2239 2232 2223 2210 2197 2191 2192 2196 2198 2198 2200 2205 2212 2220 2227 2235 2246 2255 2258 2257 2254 2252 2251 2250 2245 2238 2229 2220 2208 2195 2183 2170 2158 2147 2136 2126 2116 2109 2104 2096 2085 2068 2050 2033 2021 2016 2014 2010 2006 2001 1993 1985 1977 1974 1973 1972 1971 1966 1958 1947 1931 1915 1896 1869 1844 1818 1797 1779 1766 1763 1764 1764 1763 1764 1763 1763 1762 1762 1763 1767 1773 1781 1787 1793 1800 1803 1805 1807 1810 1813 1817 1821 1825 1827 1827 1827 1827 1827 1826 1824 1827 1834 1844 1853 1861 1870 1874 1875 1875 1877 1886 1900 1915 1925 1930 1936 1941 1947 1952 1954 1956 1959 1965 1974 1985 1994 1999 1998 1995 1992 1991 1992 1995 1999 2003 2005 2002 1993 1982 1971 1964 1957 1952 1945 1932 1915 1896 1881 1870 1857 1842 1823 1804 1791 1781 1774 1769 1766 1766 1771 1778 1780 1778 1776 1779 1789 1801 1811 1820 1827 1835 1841 1848 1858 1869 1882 1892 1905 1927 1951 1979 2008 2034 2058 2074 2088 2109 2138 2178 2215 2250 2289 2327 2366 2400 2429 2462 2489 2515 2542 2562 2578 2593 2608 2627 2642 2653 2663
3011 3075 3123 3162 3193 3220 3245 3257 3262 3260 3261 3253 3222 3174 3129 3105 3088 3063 3028 2990 2974 2955 2907 2854 2809 2778 2749 2704 2659 2613 2568 2529 2490 2461 2435 2409 2391 2380 2378 2383 2386 2382 2366 2344 2321 2299 2280 2264 2248 2235 2223 2207 2193 2182 2178 2179 2180 2181 2181 2186 2193 2202 2210 2217 2224 2229 2231 2230 2230 2231 2233 2233 2229 2224 2217 2209 2200 2189 2176 2159 2144 2132 2122 2113 2104 2096 2090 2080 2067 2052 2034 2018 2006 2001 2000 1998 1997 1992 1984 1975 1968 1965 1966 1968 1968 1966 1962 1951 1933 1915 1892 1865 1839 1814 1794 1779 1768 1765 1764 1764 1763 1763 1763 1763 1763 1764 1768 1775 1785 1796 1804 1809 1813 1814 1815 1816 1818 1820 1822 1824 1826 1827 1826 1825 1824 1824 1825 1827 1834 1844 1857 1867 1876 1884 1887 1888 1886 1886 1892 1903 1917 1927 1934 1940 1944 1949 1951 1952 1953 1955 1960 1967 1975 1983 1985 1984 1981 1979 1979 1981 1986 1991 1996 1998 1997 1993 1988 1984 1981 1976 1970 1960 1945 1925 1904 1886 1874 1862 1848 1830 1811 1797 1786 1778 1772 1769 1769 1773 1780 1785 1785 1783 1786 1793 1802 1811 1819 1826 1834 1838 1844 1853 1863 1876 1887 1901 1926 1954 1987 2016 2041 2066 2083 2095 2110 2133 2170 2206 2240 2277 2313 2352 2386 2413 2441 2465 2491 2519 2540 2557 2572 2586 2602 2615 2625 2635
3013 3085 3138 3178 3210 3237 3258 3268 3271 3268 3267 3257 3218 3166 3127 3110 3100 3077 3045 3009 2982 2954 2913 2873 2835 2802 2772 2735 2696 2652 2607 2568 2530 2499 2469 2440 2419 2406 2402 2405 2406 2402 2387 2366 2343 2320 2301 2283 2261 2243 2226 2210 2196 2182 2174 2170 2167 2165 2163 2166 2173 2183 2190 2196 2202 2205 2207 2208 2210 2211 2213 2213 2213 2210 2205 2200 2194 2185 2170 2150 2132 2118 2108 2099 2090 2082 2074 2062 2050 2036 2020 2006 1994 1989 1988 1988 1988 1984 1978 1969 1962 1959 1961 1964 1967 1967 1965 1955 1936 1915 1891 1861 1834 1811 1793 1780 1771 1767 1766 1765 1764 1763 1763 1764 1767 1770 1775 1784 1794 1803 1807 1810 1811 1813 1815 1817 1820 1822 1823 1823 1824 1824 1824 1824 1824 1826 1830 1837 1846 1858 1871 1882 1890 1897 1899 1900 1899 1900 1903 1911 1920 1929 1936 1939 1942 1945 1946 1946 1946 1948 1951 1955 1960 1965 1967 1967 1966 1965 1965 1968 1973 1980 1985 1988 1989 1989 1990 1990 1989 1986 1980 1969 1953 1933 1911 1892 1880 1868 1853 1835 1817 1803 1792 1784 1777 1772 1771 1773 1781 1788 1792 1794 1794 1798 1803 1810 1819 1826 1833 1837 1842 1849 1859 1871 1882 1897 1924 1957 1993 2022 2047 2075 2096 2111 2124 2143 2174 2205 2233 2265 2299 2337 2372 2397 2422 2445 2471 2499 2520 2537 2551 2564 2576 2585 2595 2607
3025 3097 3152 3192 3220 3239 3251 3259 3263 3256 3250 3231 3183 3130 3101 3095 3088 3066 3037 3007 2973 2940 2913 2892 2863 2826 2792 2763 2733 2691 2648 2611 2577 2546 2514 2481 2455 2438 2431 2430 2425 2419 2405 2388 2367 2343 2324 2304 2278 2254 2233 2216 2203 2189 2178 2169 2160 2153 2148 2148 2154 2162 2168 2172 2177 2179 2182 2185 2187 2188 2188 2190 2192 2193 2191 2189 2185 2176 2161 2140 2120 2104 2092 2083 2072 2063 2055 2042 2030 2018 2006 1995 1983 1976 1974 1975 1977 1975 1971 1965 1959 1955 1957 1962 1967 1969 1966 1956 1935 1913 1885 1854 1829 1809 1793 1781 1773 1770 1769 1767 1765 1763 1763 1766 1771 1777 1782 1789 1796 1799 1800 1800 1801 1804 1809 1813 1817 1820 1821 1821 1821 1822 1824 1827 1831 1837 1844 1854 1864 1875 1886 1895 1903 1909 1911 1912 1914 1916 1919 1922 1927 1933 1937 1939 1940 1941 1943 1944 1944 1945 1947 1950 1953 1955 1957 1958 1960 1960 1960 1963 1967 1972 1977 1980 1982 1985 1988 1990 1992 1990 1984 1974 1961 1944 1924 1904 1890 1876 1860 1839 1821 1809 1799 1791 1784 1777 1772 1773 1779 1790 1800 1804 1804 1803 1804 1809 1817 1825 1830 1835 1840 1846 1854 1865 1876 1892 1922 1958 1996 2025 2050 2083 2111 2132 2146 2162 2187 2210 2232 2259 2288 2322 2356 2381 2404 2426 2451 2478 2498 2514 2528 2537 2546 2553 2564 2579
3054 3114 3164 3201 3219 3224 3229 3237 3243 3233 3220 3195 3142 3089 3064 3061 3055 3036 3013 2990 2960 2931 2915 2907 2884 2845 2808 2783 2757 2720 2682 2648 2617 2589 2558 2523 2490 2464 2453 2448 2439 2431 2421 2408 2392 2369 2346 2321 2293 2266 2240 2222 2211 2199 2188 2174 2160 2149 2141 2138 2140 2145 2149 2152 2154 2156 2159 2162 2164 2165 2167 2170 2175 2178 2179 2177 2173 2164 2150 2130 2110 2093 2079 2068 2056 2047 2038 2026 2014 2003 1993 1984 1973 1965 1962 1964 1967 1967 1965 1961 1956 1953 1957 1965 1972 1973 1967 1954 1932 1906 1877 1846 1823 1806 1793 1782 1774 1772 1770 1769 1766 1764 1765 1768 1773 1779 1784 1788 1791 1792 1792 1793 1796 1800 1806 1810 1814 1816 1817 1818 1819 1822 1826 1832 1840 1850 1860 1871 1880 1889 1897 1903 1910 1917 1921 1924 1926 1928 1930 1931 1932 1935 1938 1938 1938 1940 1943 1945 1947 1949 1951 1955 1956 1956 1959 1962 1966 1967 1966 1967 1967 1969 1971 1974 1976 1978 1981 1985 1987 1988 1984 1978 1969 1956 1938 1918 1901 1884 1865 1843 1825 1813 1804 1797 1789 1781 1774 1772 1777 1790 1805 1813 1813 1809 1806 1808 1815 1823 1828 1833 1838 1844 1851 1860 1871 1890 1922 1960 1998 2026 2054 2092 2126 2151 2167 2180 2200 2219 2238 2261 2285 2313 2342 2367 2390 2412 2436 2460 2478 2493 2506 2515 2522 2529 2542 2559
3093 3129 3165 3196 3201 3193 3192 3203 3212 3200 3181 3155 3103 3052 3026 3020 3012 2997 2979 2963 2945 2930 2923 2918 2900 2864 2827 2798 2773 2741 2709 2679 2650 2626 2600 2565 2526 2491 2473 2466 2455 2447 2440 2432 2420 2398 2370 2340 2310 2282 2254 2233 2222 2213 2203 2187 2169 2155 2144 2137 2133 2132 2133 2133 2132 2132 2134 2135 2136 2138 2141 2147 2154 2159 2161 2160 2155 2145 2132 2116 2097 2079 2064 2051 2038 2028 2019 2008 1996 1985 1976 1968 1958 1951 1948 1951 1955 1957 1957 1954 1951 1951 1958 1969 1977 1974 1964 1946 1921 1893 1863 1835 1817 1803 1791 1781 1775 1773 1771 1769 1767 1766 1767 1770 1773 1776 1780 1783 1784 1786 1789 1794 1800 1805 1809 1813 1815 1816 1817 1819 1823 1828 1835 1843 1854 1867 1878 1886 1894 1900 1905 1910 1916 1925 1932 1936 1938 1938 1938 1938 1938 1940 1942 1944 1946 1949 1953 1957 1960 1965 1971 1976 1977 1978 1981 1986 1989 1991 1990 1988 1984 1980 1979 1980 1981 1981 1981 1984 1989 1991 1991 1989 1984 1975 1958 1937 1917 1897 1875 1851 1830 1816 1807 1801 1794 1785 1776 1773 1777 1791 1808 1819 1820 1816 1809 1807 1812 1820 1825 1829 1834 1841 1847 1854 1865 1888 1923 1961 1998 2027 2058 2100 2137 2164 2180 2190 2207 2225 2245 2268 2286 2306 2327 2349 2373 2394 2414 2435 2451 2466 2479 2487 2495 2504 2519 2536
3119 3133 3151 3174 3173 3160 3155 3165 3175 3162 3141 3114 3069 3025 2998 2987 2976 2960 2942 2928 2919 2917 2917 2917 2904 2875 2840 2807 2778 2749 2720 2693 2664 2643 2621 2590 2552 2513 2491 2479 2466 2458 2452 2446 2438 2419 2390 2358 2329 2301 2273 2252 2240 2232 2223 2207 2187 2169 2155 2144 2136 2128 2124 2121 2118 2115 2114 2112 2110 2112 2117 2125 2133 2140 2143 2143 2137 2126 2114 2101 2086 2070 2052 2037 2023 2013 2004 1993 1981 1971 1962 1954 1945 1938 1935 1937 1943 1948 1952 1951 1950 1952 1961 1972 1977 1971 1955 1934 1907 1878 1850 1827 1813 1801 1789 1780 1775 1773 1771 1769 1767 1768 1769 1771 1772 1773 1776 1778 1779 1783 1788 1796 1803 1809 1813 1816 1817 1818 1820 1824 1831 1838 1847 1857 1869 1881 1890 1896 1901 1904 1907 1911 1918 1928 1937 1942 1943 1942 1942 1942 1943 1945 1949 1955 1959 1963 1969 1974 1981 1989 1997 2004 2007 2010 2015 2019 2022 2023 2021 2017 2010 2001 1996 1995 1995 1994 1992 1994 1998 2003 2006 2006 2002 1993 1976 1955 1934 1910 1885 1859 1835 1820 1809 1803 1797 1788 1779 1776 1780 1793 1810 1820 1822 1819 1812 1808 1811 1817 1821 1825 1830 1837 1842 1850 1863 1888 1926 1964 1999 2032 2064 2105 2140 2167 2183 2192 2208 2227 2250 2273 2289 2302 2317 2333 2355 2375 2393 2410 2425 2440 2453 2462 2472 2483 2499 2515
3119 3116 3117 3131 3133 3126 3118 3123 3129 3116 3096 3069 3034 3000 2977 2965 2950 2930 2907 2888 2880 2885 2894 2903 2899 2880 2848 2812 2780 2750 2721 2695 2668 2648 2629 2603 2573 2539 2515 2498 2481 2471 2465 2458 2450 2435 2411 2383 2354 2328 2302 2282 2270 2258 2248 2232 2212 2192 2172 2158 2146 2131 2120 2113 2108 2104 2097 2091 2086 2085 2089 2099 2109 2117 2123 2123 2118 2106 2094 2084 2073 2059 2041 2023 2007 1997 1989 1977 1966 1955 1946 1939 1932 1925 1920 1922 1930 1940 1948 1950 1951 1955 1963 1970 1970 1958 1939 1916 1890 1863 1839 1820 1809 1797 1787 1779 1774 1773 1771 1769 1767 1768 1769 1771 1772 1773 1776 1778 1780 1785 1791 1799 1806 1811 1816 1820 1823 1825 1828 1834 1842 1852 1863 1872 1882 1893 1900 1903 1905 1906 1909 1914 1922 1932 1941 1946 1947 1946 1947 1947 1949 1954 1962 1973 1981 1986 1991 1998 2008 2018 2027 2035 2041 2048 2053 2057 2059 2058 2057 2053 2046 2035 2025 2021 2020 2020 2018 2019 2022 2027 2031 2031 2024 2012 1994 1973 1951 1925 1897 1868 1842 1823 1810 1803 1798 1791 1784 1780 1785 1798 1811 1820 1821 1820 1815 1812 1812 1815 1817 1820 1825 1832 1837 1845 1861 1890 1928 1965 2001 2036 2070 2105 2135 2159 2176 2188 2204 2224 2247 2270 2286 2297 2306 2317 2335 2352 2368 2382 2396 2411 2424 2435 2446 2458 2472 2488
3094 3080 3069 3074 3084 3086 3076 3072 3073 3067 3050 3024 2998 2977 2961 2950 2933 2908 2879 2854 2843 2849 2864 2882 2887 2873 2843 2805 2770 2739 2709 2685 2661 2643 2626 2607 2587 2562 2538 2518 2500 2488 2480 2471 2462 2448 2430 2407 2382 2359 2338 2321 2308 2292 2278 2262 2243 2221 2198 2181 2164 2142 2124 2111 2105 2100 2091 2082 2072 2065 2066 2074 2083 2092 2100 2103 2098 2088 2076 2066 2058 2047 2029 2010 1994 1984 1976 1964 1952 1942 1932 1926 1920 1914 1909 1910 1920 1934 1945 1949 1951 1956 1961 1962 1957 1942 1921 1898 1873 1850 1831 1816 1806 1795 1786 1778 1774 1772 1771 1769 1767 1767 1769 1771 1772 1774 1778 1782 1787 1793 1799 1805 1810 1814 1820 1826 1831 1835 1838 1844 1853 1864 1875 1883 1890 1898 1903 1907 1908 1910 1914 1920 1928 1937 1944 1949 1951 1953 1954 1955 1958 1967 1980 1995 2005 2010 2016 2023 2035 2046 2055 2065 2074 2084 2090 2092 2094 2095 2095 2093 2088 2078 2066 2058 2056 2055 2054 2053 2054 2058 2061 2058 2048 2032 2012 1993 1972 1942 1909 1875 1846 1825 1809 1801 1797 1792 1787 1785 1792 1803 1813 1819 1821 1821 1819 1817 1814 1813 1813 1815 1820 1827 1831 1840 1858 1888 1927 1964 2001 2039 2070 2100 2123 2146 2166 2181 2196 2214 2236 2259 2275 2287 2294 2300 2313 2326 2340 2353 2365 2380 2393 2405 2419 2430 2444 2460
3054 3034 3018 3018 3030 3034 3021 3010 3010 3014 3005 2979 2959 2949 2940 2933 2915 2888 2856 2829 2818 2825 2841 2862 2872 2860 2827 2785 2749 2718 2690 2669 2652 2639 2627 2614 2597 2575 2555 2537 2521 2509 2499 2491 2480 2464 2447 2429 2408 2390 2375 2363 2349 2328 2310 2293 2274 2254 2230 2211 2189 2159 2133 2114 2107 2104 2095 2083 2069 2056 2050 2052 2059 2068 2076 2082 2080 2071 2061 2051 2043 2032 2016 1999 1984 1974 1966 1955 1943 1932 1921 1916 1912 1907 1903 1905 1916 1931 1941 1946 1950 1953 1956 1952 1943 1927 1906 1882 1858 1840 1826 1813 1803 1793 1785 1778 1773 1772 1771 1769 1767 1767 1770 1772 1774 1776 1781 1787 1794 1803 1809 1814 1818 1821 1826 1833 1839 1845 1847 1851 1860 1871 1881 1887 1892 1898 1904 1909 1913 1917 1924 1931 1937 1943 1949 1954 1958 1961 1965 1966 1971 1984 2000 2017 2027 2032 2037 2044 2056 2067 2078 2090 2102 2112 2118 2122 2126 2130 2133 2133 2131 2124 2112 2101 2095 2092 2089 2086 2085 2086 2086 2082 2070 2053 2034 2018 1998 1963 1921 1879 1846 1823 1806 1798 1794 1792 1789 1789 1797 1808 1817 1822 1825 1826 1824 1821 1816 1812 1810 1812 1817 1824 1828 1836 1852 1881 1922 1961 1999 2036 2064 2089 2110 2134 2159 2175 2188 2203 2222 2243 2258 2268 2275 2281 2290 2301 2312 2324 2335 2348 2361 2374 2390 2404 2418 2435
3006 2981 2965 2962 2970 2971 2956 2942 2942 2955 2953 2928 2913 2910 2907 2903 2888 2864 2836 2814 2804 2809 2823 2845 2855 2843 2808 2764 2730 2705 2681 2664 2652 2646 2640 2631 2617 2597 2582 2570 2557 2545 2534 2526 2512 2489 2468 2451 2435 2422 2411 2401 2387 2364 2341 2320 2300 2283 2262 2240 2213 2177 2144 2121 2112 2111 2104 2091 2072 2053 2041 2035 2036 2042 2051 2059 2060 2054 2044 2034 2024 2014 1999 1986 1975 1965 1957 1947 1935 1922 1911 1906 1904 1902 1900 1903 1913 1925 1934 1938 1942 1944 1943 1936 1927 1913 1892 1868 1846 1831 1821 1809 1800 1791 1785 1779 1773 1772 1772 1771 1769 1769 1771 1774 1776 1779 1786 1795 1805 1815 1822 1826 1829 1832 1835 1842 1849 1856 1858 1860 1867 1877 1886 1891 1895 1902 1910 1919 1926 1934 1945 1951 1955 1959 1963 1969 1975 1980 1985 1987 1994 2008 2026 2042 2051 2056 2060 2066 2077 2088 2099 2112 2124 2135 2141 2147 2155 2163 2169 2172 2172 2167 2158 2146 2136 2128 2122 2117 2113 2110 2107 2101 2089 2072 2054 2040 2019 1977 1928 1880 1843 1820 1803 1795 1791 1789 1788 1791 1801 1813 1823 1830 1833 1834 1832 1826 1820 1814 1811 1811 1815 1822 1826 1832 1843 1869 1911 1950 1987 2020 2045 2069 2090 2117 2149 2168 2179 2191 2206 2225 2238 2247 2257 2265 2275 2283 2292 2302 2312 2322 2333 2346 2362 2378 2394 2412
2962 2936 2920 2916 2921 2920 2907 2894 2892 2906 2907 2888 2876 2874 2873 2872 2861 2844 2825 2809 2799 2801 2810 2828 2838 2827 2793 2751 2722 2705 2686 2670 2658 2651 2648 2648 2640 2626 2619 2613 2601 2588 2576 2566 2548 2517 2491 2472 2457 2447 2436 2426 2413 2389 2362 2337 2316 2302 2284 2262 2232 2194 2158 2131 2120 2118 2112 2098 2077 2056 2039 2026 2021 2023 2031 2039 2042 2038 2030 2019 2008 1997 1986 1976 1967 1959 1953 1943 1929 1914 1904 1901 1901 1900 1899 1902 1909 1917 1922 1926 1929 1929 1926 1920 1912 1899 1879 1857 1837 1824 1814 1804 1796 1789 1784 1778 1774 1773 1774 1773 1772 1772 1772 1774 1776 1782 1793 1805 1816 1825 1830 1835 1840 1842 1844 1849 1858 1866 1868 1868 1873 1882 1892 1898 1903 1910 1921 1933 1944 1956 1969 1976 1977 1980 1984 1990 1998 2005 2010 2013 2020 2033 2049 2064 2072 2077 2081 2087 2097 2107 2117 2128 2138 2148 2155 2164 2176 2188 2196 2199 2199 2197 2191 2180 2166 2154 2145 2138 2132 2125 2120 2112 2099 2083 2065 2050 2025 1979 1926 1876 1838 1816 1801 1793 1789 1785 1784 1789 1802 1816 1829 1837 1841 1843 1840 1833 1825 1817 1812 1810 1813 1820 1824 1829 1837 1858 1894 1930 1963 1995 2020 2045 2066 2096 2135 2163 2178 2188 2199 2214 2227 2240 2255 2267 2278 2284 2290 2297 2304 2312 2320 2329 2343 2359 2376 2395
2923 2894 2878 2872 2873 2872 2865 2855 2849 2854 2855 2845 2837 2833 2831 2830 2827 2819 2810 2801 2793 2790 2797 2812 2824 2819 2793 2758 2738 2730 2716 2698 2679 2668 2668 2676 2679 2677 2677 2674 2661 2645 2629 2613 2588 2551 2519 2496 2480 2468 2454 2441 2427 2404 2374 2344 2322 2309 2293 2271 2241 2206 2171 2142 2126 2122 2113 2098 2077 2057 2038 2021 2010 2008 2012 2019 2022 2020 2013 2002 1991 1981 1972 1965 1958 1953 1947 1936 1920 1904 1895 1894 1896 1896 1896 1898 1900 1904 1907 1910 1911 1910 1906 1901 1895 1883 1863 1844 1827 1815 1805 1796 1790 1786 1781 1777 1775 1775 1776 1776 1777 1777 1776 1775 1779 1790 1806 1820 1830 1836 1840 1845 1851 1854 1855 1860 1869 1880 1883 1882 1886 1895 1907 1916 1923 1932 1943 1957 1970 1984 1999 2007 2008 2010 2015 2023 2032 2040 2045 2048 2053 2063 2076 2090 2099 2104 2108 2114 2123 2133 2141 2147 2154 2162 2171 2182 2197 2210 2219 2222 2221 2219 2215 2205 2190 2175 2164 2155 2147 2137 2130 2120 2103 2086 2066 2044 2013 1966 1916 1869 1833 1813 1799 1793 1787 1782 1781 1787 1802 1821 1837 1847 1852 1856 1853 1845 1835 1825 1817 1812 1812 1817 1822 1826 1832 1847 1874 1901 1928 1958 1984 2012 2032 2061 2107 2146 2171 2183 2190 2203 2218 2238 2260 2277 2290 2296 2300 2305 2310 2316 2320 2325 2334 2347 2363 2381
2891 2864 2849 2842 2841 2841 2838 2830 2820 2815 2811 2806 2801 2795 2793 2792 2793 2793 2791 2789 2783 2781 2787 2803 2819 2823 2806 2778 2765 2764 2754 2733 2711 2699 2703 2715 2726 2733 2739 2737 2722 2701 2678 2654 2623 2582 2544 2516 2497 2482 2464 2447 2431 2407 2375 2342 2318 2304 2286 2264 2236 2206 2175 2147 2129 2121 2110 2094 2075 2056 2038 2020 2006 2000 2001 2005 2008 2005 1999 1989 1978 1969 1962 1955 1950 1946 1941 1930 1913 1897 1889 1889 1892 1893 1892 1891 1891 1891 1892 1894 1895 1893 1889 1885 1879 1867 1849 1832 1818 1806 1796 1789 1785 1782 1778 1776 1775 1775 1776 1778 1780 1781 1780 1781 1788 1803 1821 1837 1845 1848 1850 1854 1860 1863 1866 1871 1881 1893 1897 1897 1902 1913 1929 1940 1949 1959 1970 1983 1996 2011 2027 2036 2038 2041 2046 2055 2064 2072 2078 2081 2085 2091 2102 2115 2124 2129 2133 2137 2145 2154 2159 2162 2166 2174 2185 2198 2213 2225 2233 2236 2234 2230 2226 2217 2202 2187 2175 2166 2158 2147 2138 2126 2106 2086 2060 2027 1990 1945 1901 1860 1828 1811 1800 1794 1788 1782 1779 1787 1805 1827 1845 1857 1863 1868 1867 1860 1849 1838 1827 1818 1813 1814 1818 1822 1828 1838 1855 1873 1893 1918 1944 1972 1992 2021 2068 2114 2149 2166 2173 2185 2203 2230 2260 2283 2300 2313 2322 2328 2332 2334 2335 2335 2340 2348 2359 2372
2857 2833 2820 2815 2813 2812 2809 2802 2791 2778 2768 2762 2758 2756 2756 2757 2759 2762 2765 2767 2767 2769 2779 2800 2825 2839 2831 2809 2800 2800 2791 2771 2750 2745 2756 2768 2779 2788 2796 2795 2777 2750 2719 2686 2651 2608 2567 2534 2509 2492 2473 2453 2432 2404 2371 2337 2311 2292 2270 2246 2222 2196 2170 2145 2127 2116 2103 2088 2070 2051 2033 2016 2002 1995 1994 1996 1995 1992 1986 1976 1967 1960 1952 1945 1939 1936 1932 1920 1904 1890 1883 1883 1885 1886 1885 1883 1880 1879 1880 1882 1882 1880 1875 1869 1861 1849 1834 1820 1807 1796 1788 1783 1781 1778 1776 1775 1775 1775 1776 1779 1782 1785 1787 1793 1806 1824 1842 1856 1863 1867 1867 1867 1871 1875 1880 1887 1896 1908 1913 1917 1925 1939 1957 1970 1980 1990 1999 2010 2022 2037 2054 2064 2068 2071 2076 2085 2095 2103 2109 2113 2116 2121 2131 2143 2152 2156 2158 2160 2166 2173 2177 2179 2182 2191 2204 2218 2230 2240 2247 2250 2247 2242 2234 2225 2211 2198 2186 2177 2170 2160 2148 2133 2111 2086 2050 2005 1962 1923 1886 1852 1824 1810 1801 1796 1791 1785 1783 1792 1813 1837 1856 1869 1877 1884 1886 1880 1870 1858 1845 1831 1819 1814 1814 1818 1823 1830 1840 1850 1863 1881 1901 1927 1947 1975 2017 2062 2104 2128 2139 2152 2171 2204 2240 2270 2295 2320 2342 2354 2356 2355 2353 2353 2356 2359 2362 2368
2826 2807 2795 2789 2786 2782 2777 2770 2759 2744 2730 2722 2720 2722 2726 2729 2731 2734 2736 2742 2748 2758 2773 2802 2840 2867 2869 2856 2847 2846 2836 2817 2800 2803 2818 2825 2830 2836 2842 2839 2817 2786 2749 2707 2668 2623 2581 2544 2514 2495 2475 2452 2427 2396 2362 2329 2301 2279 2252 2227 2205 2183 2162 2142 2124 2109 2094 2079 2063 2044 2029 2014 2001 1993 1989 1987 1984 1981 1975 1966 1959 1952 1944 1936 1930 1926 1920 1907 1894 1882 1875 1874 1875 1876 1875 1872 1871 1871 1874 1875 1874 1871 1865 1856 1845 1833 1821 1810 1798 1788 1782 1779 1777 1775 1774 1774 1774 1774 1775 1780 1785 1791 1800 1813 1830 1847 1863 1875 1882 1888 1888 1885 1885 1889 1897 1907 1916 1926 1932 1939 1952 1968 1986 1999 2009 2018 2025 2035 2045 2059 2076 2088 2095 2100 2104 2112 2120 2128 2135 2140 2145 2151 2160 2172 2181 2183 2181 2181 2185 2191 2196 2198 2202 2212 2225 2237 2246 2252 2258 2261 2259 2251 2241 2230 2219 2207 2195 2187 2181 2172 2158 2139 2113 2080 2033 1980 1936 1901 1872 1843 1821 1809 1802 1798 1793 1789 1790 1801 1824 1849 1869 1882 1892 1901 1905 1902 1892 1880 1865 1847 1830 1819 1815 1816 1820 1825 1830 1835 1842 1852 1866 1887 1907 1931 1966 2006 2048 2078 2096 2112 2132 2166 2208 2243 2276 2312 2345 2367 2372 2371 2371 2374 2377 2377 2373 2371
2802 2786 2774 2764 2756 2749 2741 2734 2725 2712 2699 2693 2694 2699 2704 2708 2712 2714 2716 2723 2735 2752 2771 2806 2858 2898 2914 2910 2903 2900 2892 2876 2858 2862 2874 2876 2874 2874 2874 2867 2842 2811 2771 2722 2675 2625 2581 2545 2514 2492 2469 2442 2413 2382 2351 2321 2292 2268 2240 2215 2194 2175 2159 2141 2123 2104 2085 2070 2057 2042 2029 2016 2003 1992 1983 1977 1973 1970 1966 1959 1953 1945 1937 1930 1925 1920 1911 1895 1882 1872 1865 1863 1863 1864 1863 1862 1864 1868 1873 1874 1871 1864 1856 1844 1833 1821 1811 1803 1792 1784 1778 1775 1774 1773 1773 1773 1772 1773 1775 1781 1789 1801 1817 1835 1853 1867 1880 1891 1901 1909 1910 1907 1904 1907 1917 1928 1938 1946 1952 1961 1975 1992 2008 2021 2031 2040 2046 2054 2062 2075 2092 2108 2120 2127 2130 2135 2140 2147 2155 2162 2170 2177 2187 2198 2205 2206 2202 2200 2203 2209 2214 2219 2224 2233 2243 2251 2257 2260 2264 2268 2266 2258 2247 2236 2225 2214 2202 2193 2188 2179 2164 2142 2111 2068 2010 1956 1916 1884 1859 1836 1818 1808 1801 1797 1793 1793 1797 1811 1835 1859 1881 1895 1907 1918 1923 1919 1909 1896 1882 1864 1845 1830 1822 1820 1820 1821 1824 1826 1831 1836 1846 1861 1878 1900 1929 1962 2000 2032 2055 2078 2099 2131 2174 2214 2251 2289 2327 2359 2373 2378 2383 2391 2397 2397 2390 2382
2774 2760 2746 2731 2717 2706 2695 2690 2685 2677 2671 2670 2675 2681 2686 2691 2697 2701 2704 2712 2729 2751 2774 2815 2879 2933 2961 2968 2962 2955 2946 2930 2909 2906 2912 2907 2900 2893 2884 2871 2845 2816 2778 2726 2673 2618 2575 2542 2510 2486 2458 2427 2397 2368 2343 2315 2287 2262 2236 2211 2191 2173 2160 2143 2123 2100 2077 2061 2050 2040 2031 2018 2003 1988 1975 1965 1959 1957 1956 1950 1944 1936 1928 1924 1919 1911 1898 1880 1866 1858 1852 1850 1850 1851 1851 1853 1859 1867 1873 1873 1866 1857 1846 1834 1822 1812 1803 1797 1789 1781 1775 1773 1773 1774 1775 1775 1776 1778 1783 1789 1800 1818 1838 1858 1874 1884 1895 1907 1919 1931 1934 1932 1929 1931 1942 1954 1964 1971 1976 1987 2001 2016 2030 2040 2050 2059 2065 2072 2080 2092 2110 2129 2145 2154 2158 2161 2163 2168 2177 2187 2196 2206 2216 2225 2230 2229 2226 2223 2226 2232 2239 2246 2251 2257 2264 2269 2271 2272 2274 2277 2276 2269 2258 2247 2236 2222 2207 2196 2189 2179 2163 2138 2099 2045 1983 1934 1901 1870 1847 1828 1815 1806 1799 1796 1794 1797 1805 1822 1847 1873 1897 1914 1927 1939 1944 1939 1928 1915 1901 1886 1868 1852 1841 1833 1828 1824 1822 1822 1825 1829 1835 1846 1859 1876 1901 1927 1958 1988 2015 2044 2065 2094 2137 2179 2218 2252 2287 2327 2353 2371 2385 2397 2408 2411 2406 2398
2747 2733 2719 2702 2686 2672 2661 2657 2657 2656 2656 2659 2665 2672 2677 2684 2690 2695 2699 2711 2730 2754 2780 2829 2904 2966 3002 3016 3010 2998 2981 2957 2932 2921 2918 2910 2900 2884 2866 2846 2820 2794 2760 2712 2660 2608 2569 2539 2507 2479 2446 2413 2385 2359 2338 2314 2286 2261 2234 2210 2190 2173 2160 2143 2121 2096 2070 2053 2043 2036 2029 2017 2003 1986 1969 1956 1950 1947 1946 1942 1935 1927 1921 1917 1910 1899 1883 1864 1851 1844 1840 1840 1840 1841 1843 1849 1860 1871 1875 1871 1860 1851 1841 1830 1819 1809 1800 1794 1787 1781 1775 1773 1773 1774 1777 1781 1786 1792 1798 1804 1815 1834 1856 1874 1888 1897 1908 1920 1934 1946 1952 1953 1951 1953 1963 1975 1985 1991 1998 2011 2025 2037 2046 2054 2063 2072 2078 2083 2091 2105 2123 2141 2158 2169 2175 2179 2180 2185 2195 2206 2217 2227 2236 2243 2246 2245 2243 2243 2249 2257 2264 2270 2274 2277 2282 2286 2288 2288 2288 2288 2286 2279 2269 2258 2245 2229 2211 2196 2186 2173 2158 2129 2080 2020 1959 1918 1890 1859 1837 1822 1811 1804 1799 1797 1798 1803 1813 1832 1858 1886 1912 1931 1945 1956 1961 1959 1949 1935 1920 1907 1894 1879 1864 1851 1841 1834 1826 1822 1821 1824 1830 1839 1848 1861 1881 1902 1928 1956 1984 2013 2034 2060 2102 2147 2189 2219 2248 2288 2325 2358 2381 2396 2410 2418 2420 2417
2711 2697 2684 2670 2655 2640 2629 2628 2633 2638 2643 2648 2653 2661 2669 2677 2684 2689 2698 2717 2737 2760 2793 2850 2931 2996 3033 3047 3041 3022 2989 2955 2925 2908 2898 2888 2876 2853 2829 2804 2777 2754 2724 2684 2643 2600 2566 2537 2504 2472 2436 2403 2377 2353 2334 2313 2287 2260 2230 2205 2186 2169 2156 2139 2115 2089 2062 2044 2035 2028 2022 2012 1999 1982 1964 1950 1942 1937 1934 1929 1922 1916 1910 1904 1893 1879 1863 1846 1836 1831 1831 1832 1834 1834 1838 1847 1862 1873 1872 1861 1849 1841 1836 1827 1817 1807 1798 1791 1784 1780 1776 1774 1773 1776 1782 1792 1805 1815 1823 1828 1837 1854 1871 1886 1899 1910 1923 1935 1947 1959 1968 1972 1973 1976 1987 1998 2007 2014 2024 2039 2054 2063 2069 2074 2082 2091 2097 2102 2112 2127 2144 2160 2174 2187 2195 2203 2207 2212 2223 2233 2243 2250 2256 2261 2264 2264 2264 2268 2278 2287 2294 2299 2300 2301 2306 2311 2314 2313 2310 2306 2301 2293 2281 2269 2255 2236 2214 2192 2176 2159 2143 2110 2051 1990 1938 1902 1876 1847 1828 1816 1807 1803 1801 1802 1806 1812 1823 1844 1874 1905 1934 1955 1970 1979 1987 1990 1982 1966 1950 1939 1929 1915 1897 1878 1864 1853 1838 1826 1819 1819 1824 1831 1837 1845 1858 1876 1900 1926 1951 1977 1996 2022 2063 2111 2157 2186 2210 2246 2290 2338 2368 2385 2402 2415 2426 2431
2680 2665 2654 2643 2630 2615 2604 2605 2615 2627 2636 2642 2646 2653 2663 2672 2680 2690 2707 2734 2753 2776 2817 2880 2958 3018 3048 3053 3039 3010 2966 2926 2896 2875 2861 2849 2834 2809 2783 2759 2734 2712 2686 2655 2626 2594 2565 2536 2501 2465 2428 2396 2372 2349 2330 2309 2284 2256 2226 2200 2181 2164 2150 2131 2107 2081 2055 2038 2028 2019 2013 2003 1993 1978 1961 1949 1940 1932 1925 1916 1909 1905 1899 1890 1875 1860 1845 1832 1824 1822 1824 1828 1831 1833 1839 1850 1864 1871 1864 1849 1837 1832 1830 1824 1815 1805 1796 1789 1782 1779 1777 1776 1776 1780 1789 1805 1825 1842 1852 1857 1862 1873 1882 1892 1905 1918 1932 1944 1954 1967 1978 1985 1990 1996 2007 2017 2026 2035 2048 2065 2080 2088 2091 2095 2101 2111 2117 2124 2137 2155 2173 2186 2197 2209 2220 2230 2236 2242 2251 2260 2267 2270 2273 2278 2282 2284 2285 2290 2302 2313 2320 2325 2325 2326 2332 2338 2341 2339 2333 2325 2316 2304 2291 2277 2260 2239 2212 2183 2161 2138 2117 2079 2017 1963 1921 1888 1863 1838 1823 1814 1807 1803 1803 1807 1812 1820 1833 1857 1893 1928 1960 1984 2000 2008 2015 2021 2016 2001 1983 1972 1962 1949 1929 1906 1889 1873 1854 1837 1824 1820 1822 1826 1831 1835 1843 1857 1879 1902 1923 1946 1965 1991 2030 2076 2124 2156 2179 2211 2258 2314 2349 2367 2385 2403 2423 2438
2655 2638 2626 2616 2604 2590 2578 2579 2593 2613 2628 2635 2639 2644 2655 2663 2674 2693 2721 2756 2775 2799 2848 2913 2982 3032 3050 3039 3009 2970 2925 2889 2862 2841 2823 2807 2788 2763 2741 2722 2701 2681 2658 2634 2612 2587 2562 2533 2494 2456 2420 2390 2367 2342 2321 2299 2274 2247 2217 2191 2172 2155 2140 2121 2096 2072 2048 2032 2020 2010 2002 1994 1985 1973 1959 1949 1941 1930 1917 1903 1896 1893 1886 1875 1858 1843 1831 1821 1816 1816 1820 1825 1830 1836 1844 1854 1863 1862 1851 1836 1825 1821 1820 1815 1808 1800 1793 1786 1781 1778 1778 1777 1779 1787 1798 1817 1842 1865 1880 1885 1886 1891 1894 1901 1911 1923 1937 1948 1960 1974 1987 1998 2006 2016 2029 2040 2049 2060 2074 2092 2107 2114 2118 2121 2127 2137 2146 2157 2174 2194 2214 2227 2237 2247 2258 2268 2274 2279 2285 2291 2294 2294 2294 2300 2307 2312 2313 2314 2323 2334 2345 2352 2355 2358 2363 2367 2366 2362 2354 2342 2329 2313 2297 2282 2261 2237 2205 2168 2139 2109 2080 2037 1980 1936 1904 1873 1849 1831 1822 1816 1810 1806 1806 1810 1817 1829 1845 1875 1917 1957 1991 2020 2039 2047 2051 2056 2053 2041 2024 2009 1997 1982 1962 1937 1916 1897 1875 1856 1840 1828 1824 1824 1826 1829 1833 1842 1858 1875 1894 1917 1938 1964 1996 2035 2083 2119 2147 2181 2228 2285 2324 2344 2364 2386 2413 2435
2636 2616 2601 2590 2580 2566 2554 2555 2573 2597 2616 2626 2630 2634 2646 2655 2671 2698 2735 2775 2796 2823 2876 2937 2991 3028 3034 3008 2965 2920 2879 2852 2829 2811 2791 2771 2749 2725 2709 2696 2679 2662 2641 2620 2601 2579 2555 2524 2483 2446 2413 2386 2362 2333 2309 2285 2259 2234 2206 2182 2162 2144 2128 2108 2084 2061 2041 2026 2013 2001 1992 1983 1975 1966 1955 1948 1941 1927 1908 1890 1883 1882 1873 1860 1844 1831 1821 1814 1812 1814 1819 1824 1830 1838 1847 1855 1858 1850 1836 1822 1813 1810 1808 1804 1798 1793 1787 1783 1779 1778 1778 1779 1784 1795 1808 1827 1854 1880 1899 1907 1907 1908 1908 1911 1919 1928 1940 1952 1965 1983 1997 2009 2022 2035 2051 2064 2074 2086 2100 2117 2131 2140 2147 2152 2160 2171 2184 2201 2222 2243 2264 2277 2286 2294 2302 2310 2313 2316 2320 2323 2323 2320 2320 2327 2338 2346 2347 2344 2346 2355 2368 2378 2384 2389 2394 2394 2388 2380 2371 2357 2340 2320 2302 2285 2260 2233 2195 2150 2113 2077 2038 1993 1946 1913 1886 1858 1837 1825 1822 1819 1814 1809 1809 1814 1823 1839 1861 1896 1943 1986 2024 2059 2083 2091 2092 2093 2091 2084 2069 2053 2035 2015 1996 1972 1948 1924 1900 1882 1863 1846 1833 1826 1825 1826 1827 1832 1840 1851 1867 1889 1913 1938 1965 1998 2041 2079 2113 2150 2196 2250 2290 2315 2338 2363 2394 2421
2624 2599 2580 2568 2558 2547 2537 2539 2557 2582 2603 2615 2621 2626 2639 2651 2672 2704 2744 2786 2811 2839 2890 2941 2981 3007 3005 2973 2927 2880 2844 2822 2802 2784 2764 2744 2723 2701 2687 2677 2662 2646 2628 2609 2592 2568 2544 2512 2470 2436 2407 2382 2357 2326 2298 2272 2245 2222 2198 2175 2154 2134 2117 2096 2072 2052 2034 2020 2007 1995 1985 1975 1965 1958 1950 1945 1937 1920 1898 1878 1872 1870 1860 1848 1834 1822 1815 1811 1811 1814 1820 1824 1828 1836 1846 1853 1852 1841 1826 1812 1803 1800 1798 1794 1790 1786 1783 1780 1778 1777 1778 1782 1790 1804 1817 1833 1857 1884 1907 1919 1923 1925 1924 1923 1927 1933 1944 1958 1973 1991 2005 2019 2036 2053 2071 2085 2097 2110 2123 2137 2149 2159 2170 2180 2192 2208 2226 2248 2271 2293 2310 2321 2329 2337 2342 2345 2346 2347 2350 2352 2350 2345 2344 2353 2368 2381 2383 2377 2375 2379 2388 2397 2406 2413 2417 2413 2403 2393 2382 2367 2349 2327 2307 2288 2261 2230 2187 2133 2088 2045 2002 1960 1922 1896 1871 1845 1828 1820 1820 1819 1816 1812 1812 1818 1830 1850 1877 1916 1962 2007 2053 2093 2121 2131 2129 2127 2125 2122 2112 2096 2074 2049 2027 2005 1982 1954 1925 1905 1887 1868 1851 1837 1830 1827 1827 1829 1833 1838 1847 1865 1887 1914 1942 1970 2006 2042 2077 2115 2157 2208 2253 2283 2309 2336 2371 2403
2609 2581 2559 2544 2535 2527 2520 2525 2542 2565 2585 2600 2610 2618 2633 2650 2675 2708 2745 2785 2812 2842 2885 2923 2951 2970 2968 2941 2901 2861 2828 2805 2784 2765 2745 2725 2705 2684 2670 2659 2644 2630 2615 2598 2580 2555 2528 2494 2455 2424 2399 2375 2349 2316 2287 2259 2231 2211 2190 2168 2145 2124 2105 2083 2060 2041 2024 2011 1998 1986 1976 1965 1954 1946 1940 1937 1927 1908 1885 1867 1859 1857 1848 1837 1825 1816 1811 1808 1809 1814 1821 1824 1825 1830 1838 1845 1844 1833 1818 1804 1795 1791 1789 1787 1784 1781 1779 1779 1779 1778 1780 1785 1796 1811 1824 1837 1857 1881 1906 1923 1932 1940 1940 1938 1938 1943 1955 1970 1987 2004 2018 2034 2053 2073 2094 2110 2123 2136 2148 2161 2171 2182 2197 2211 2229 2251 2273 2298 2323 2342 2354 2361 2369 2375 2378 2377 2376 2377 2380 2382 2381 2375 2373 2382 2399 2416 2422 2417 2411 2409 2412 2416 2424 2432 2434 2428 2416 2404 2392 2375 2356 2335 2313 2291 2261 2224 2174 2114 2060 2012 1969 1933 1903 1879 1854 1834 1821 1815 1816 1817 1816 1814 1817 1827 1843 1867 1897 1937 1979 2025 2079 2125 2155 2168 2165 2161 2158 2158 2154 2141 2118 2089 2067 2046 2025 1994 1957 1931 1913 1895 1875 1854 1840 1832 1829 1829 1829 1830 1833 1843 1860 1887 1918 1946 1974 2004 2035 2072 2111 2161 2210 2248 2278 2306 2342 2379
2597 2568 2545 2530 2521 2515 2512 2518 2534 2553 2571 2588 2600 2613 2632 2653 2680 2710 2741 2775 2801 2829 2863 2891 2913 2929 2933 2918 2892 2860 2829 2803 2777 2757 2739 2718 2696 2673 2657 2645 2630 2618 2605 2589 2570 2543 2513 2479 2442 2414 2390 2364 2338 2305 2277 2249 2221 2200 2181 2159 2136 2114 2095 2072 2050 2031 2014 2001 1990 1978 1968 1956 1943 1934 1929 1926 1915 1895 1873 1857 1850 1847 1839 1830 1821 1813 1809 1807 1808 1813 1820 1823 1824 1827 1833 1836 1833 1823 1810 1798 1790 1787 1786 1784 1781 1779 1779 1780 1781 1781 1783 1790 1801 1816 1828 1839 1855 1875 1898 1918 1933 1945 1951 1950 1950 1954 1967 1984 2001 2017 2030 2046 2067 2090 2112 2129 2142 2155 2167 2181 2192 2204 2221 2238 2260 2287 2312 2337 2360 2375 2384 2388 2394 2399 2400 2397 2394 2396 2401 2406 2405 2399 2397 2405 2422 2441 2450 2448 2441 2434 2430 2429 2433 2439 2440 2435 2423 2411 2398 2380 2362 2340 2316 2292 2260 2219 2162 2096 2037 1984 1945 1915 1888 1865 1842 1828 1820 1813 1814 1815 1815 1815 1821 1836 1857 1884 1913 1949 1987 2035 2096 2147 2179 2194 2192 2187 2181 2181 2181 2174 2154 2127 2105 2085 2066 2035 1991 1958 1937 1918 1898 1873 1853 1840 1832 1830 1829 1829 1828 1832 1842 1866 1900 1930 1956 1979 2006 2041 2077 2125 2178 2221 2256 2283 2316 2353
2576 2549 2530 2516 2507 2502 2501 2509 2524 2541 2557 2574 2589 2606 2630 2654 2680 2707 2732 2758 2780 2804 2831 2853 2872 2888 2898 2897 2886 2863 2834 2802 2771 2750 2731 2707 2681 2656 2639 2627 2613 2602 2592 2577 2559 2531 2500 2467 2431 2403 2376 2348 2321 2291 2266 2239 2211 2189 2168 2145 2123 2102 2083 2060 2037 2019 2002 1988 1977 1966 1956 1944 1930 1921 1915 1911 1901 1882 1862 1848 1842 1837 1830 1823 1815 1810 1807 1805 1806 1810 1816 1821 1824 1828 1830 1828 1821 1810 1800 1793 1788 1787 1786 1783 1780 1780 1782 1784 1786 1788 1791 1797 1807 1821 1833 1843 1856 1873 1893 1912 1929 1945 1956 1961 1964 1968 1982 2000 2017 2033 2046 2062 2085 2109 2133 2152 2165 2179 2192 2208 2223 2236 2252 2269 2293 2323 2349 2372 2390 2402 2410 2414 2418 2422 2422 2419 2416 2420 2427 2432 2430 2425 2423 2429 2444 2462 2473 2474 2469 2460 2452 2445 2445 2446 2446 2442 2433 2420 2404 2385 2366 2342 2314 2286 2251 2204 2140 2071 2010 1955 1920 1895 1869 1849 1833 1824 1820 1815 1814 1815 1815 1818 1829 1849 1874 1904 1930 1960 1998 2049 2113 2166 2199 2216 2216 2211 2203 2201 2202 2200 2188 2168 2149 2130 2112 2080 2032 1991 1962 1939 1918 1892 1869 1849 1835 1829 1827 1828 1826 1826 1830 1847 1879 1912 1939 1960 1983 2016 2050 2094 2147 2196 2235 2261 2288 2323
2559 2535 2518 2504 2495 2490 2490 2499 2513 2529 2544 2561 2580 2601 2628 2652 2677 2700 2721 2743 2761 2781 2802 2820 2837 2853 2868 2877 2876 2861 2834 2800 2764 2742 2723 2694 2665 2639 2624 2615 2602 2592 2581 2566 2548 2522 2493 2460 2424 2394 2364 2334 2306 2279 2256 2231 2203 2179 2155 2133 2114 2094 2074 2049 2025 2006 1990 1976 1964 1953 1943 1931 1918 1909 1903 1899 1889 1872 1855 1843 1836 1831 1824 1818 1812 1807 1805 1804 1804 1808 1814 1820 1825 1828 1826 1820 1811 1802 1795 1792 1790 1790 1788 1783 1781 1784 1787 1791 1793 1796 1799 1804 1812 1824 1836 1846 1859 1872 1888 1905 1923 1941 1957 1967 1975 1981 1995 2012 2029 2046 2060 2078 2101 2126 2153 2174 2190 2205 2219 2236 2252 2265 2280 2297 2320 2348 2372 2391 2406 2417 2426 2431 2435 2440 2441 2440 2438 2442 2448 2452 2449 2446 2444 2450 2461 2476 2487 2491 2488 2481 2472 2463 2458 2455 2452 2449 2441 2429 2411 2390 2368 2340 2308 2275 2230 2175 2106 2039 1982 1932 1902 1879 1853 1837 1829 1824 1821 1819 1817 1816 1817 1822 1838 1862 1891 1923 1945 1971 2009 2060 2123 2174 2208 2227 2231 2228 2219 2213 2212 2213 2209 2197 2184 2168 2151 2117 2064 2018 1984 1956 1934 1908 1884 1859 1839 1829 1827 1828 1828 1827 1826 1837 1864 1897 1926 1947 1968 2000 2034 2076 2127 2176 2218 2243 2266 2298
2542 2521 2504 2489 2479 2474 2474 2483 2497 2513 2528 2546 2568 2594 2622 2644 2665 2688 2710 2731 2749 2765 2781 2794 2808 2822 2836 2847 2851 2842 2820 2787 2751 2726 2705 2674 2645 2621 2611 2606 2596 2585 2572 2556 2538 2512 2487 2458 2420 2387 2355 2324 2295 2267 2246 2224 2197 2170 2144 2123 2107 2087 2065 2038 2012 1994 1978 1965 1952 1939 1928 1916 1906 1899 1893 1889 1880 1865 1851 1839 1832 1826 1818 1813 1808 1805 1803 1802 1804 1809 1815 1820 1823 1823 1820 1813 1805 1800 1797 1796 1794 1793 1790 1785 1785 1789 1795 1800 1803 1806 1809 1812 1818 1828 1840 1850 1862 1873 1887 1903 1920 1939 1957 1972 1984 1993 2005 2022 2040 2059 2076 2095 2119 2146 2176 2201 2222 2240 2253 2267 2280 2291 2307 2325 2347 2371 2390 2405 2419 2431 2442 2448 2455 2463 2468 2470 2470 2470 2470 2470 2469 2467 2468 2473 2481 2491 2501 2506 2505 2501 2494 2487 2480 2473 2466 2459 2449 2436 2418 2393 2366 2333 2298 2255 2196 2129 2058 1997 1952 1912 1886 1865 1842 1830 1826 1824 1823 1823 1821 1819 1821 1829 1849 1878 1910 1943 1964 1989 2026 2075 2132 2179 2212 2233 2242 2243 2235 2226 2221 2221 2220 2213 2209 2202 2185 2146 2088 2040 2005 1975 1951 1923 1897 1869 1844 1831 1828 1829 1829 1829 1826 1832 1853 1881 1910 1930 1951 1984 2019 2062 2109 2154 2195 2221 2244 2275
2521 2501 2483 2466 2457 2452 2453 2461 2475 2493 2509 2528 2552 2579 2606 2624 2643 2666 2692 2717 2737 2754 2769 2779 2788 2797 2805 2811 2813 2807 2790 2762 2727 2700 2677 2647 2619 2600 2595 2595 2588 2578 2563 2546 2527 2504 2483 2455 2416 2382 2350 2319 2290 2260 2239 2218 2191 2163 2135 2115 2100 2080 2056 2026 1999 1982 1968 1955 1940 1925 1913 1902 1894 1889 1885 1880 1870 1858 1845 1835 1827 1821 1813 1808 1805 1802 1801 1801 1804 1810 1816 1819 1819 1817 1813 1808 1805 1803 1802 1801 1799 1796 1793 1790 1792 1799 1806 1813 1818 1820 1821 1822 1826 1835 1846 1856 1868 1878 1891 1906 1921 1940 1958 1976 1993 2004 2016 2031 2048 2070 2089 2111 2138 2168 2203 2235 2261 2282 2294 2301 2308 2317 2333 2352 2373 2392 2406 2421 2436 2450 2463 2475 2487 2497 2506 2513 2514 2510 2501 2495 2492 2492 2493 2498 2504 2511 2520 2526 2527 2525 2521 2514 2506 2496 2485 2474 2460 2444 2422 2391 2361 2324 2284 2229 2151 2074 2006 1955 1924 1895 1872 1851 1834 1827 1825 1823 1824 1826 1825 1824 1828 1840 1864 1897 1931 1963 1987 2015 2053 2097 2147 2188 2218 2240 2252 2257 2250 2240 2232 2228 2226 2222 2225 2225 2209 2165 2104 2056 2024 1994 1966 1935 1907 1878 1851 1835 1830 1830 1830 1829 1828 1832 1844 1864 1890 1911 1934 1968 2003 2044 2087 2127 2168 2195 2221 2253
2495 2475 2455 2439 2432 2431 2432 2440 2455 2474 2491 2509 2532 2558 2582 2597 2613 2637 2665 2696 2723 2746 2763 2772 2777 2780 2781 2780 2779 2773 2758 2732 2698 2671 2647 2620 2596 2579 2577 2580 2576 2568 2553 2536 2519 2498 2478 2450 2412 2379 2348 2318 2290 2259 2237 2215 2187 2158 2129 2108 2092 2071 2046 2016 1990 1973 1959 1946 1930 1915 1903 1892 1885 1882 1877 1869 1858 1845 1836 1828 1822 1816 1810 1806 1804 1802 1800 1800 1804 1809 1813 1814 1813 1811 1809 1809 1809 1809 1809 1807 1804 1800 1797 1797 1802 1811 1821 1831 1837 1837 1834 1833 1836 1843 1853 1863 1875 1886 1898 1911 1923 1940 1958 1979 2001 2015 2027 2039 2054 2076 2097 2123 2154 2189 2230 2268 2298 2321 2329 2332 2334 2341 2357 2376 2395 2409 2422 2439 2456 2472 2489 2507 2526 2538 2549 2559 2563 2556 2541 2526 2520 2518 2519 2521 2525 2531 2540 2548 2552 2552 2548 2539 2529 2517 2503 2491 2475 2453 2422 2384 2353 2317 2274 2204 2108 2026 1968 1929 1908 1884 1862 1842 1831 1826 1824 1823 1824 1828 1828 1829 1837 1852 1879 1913 1947 1979 2006 2041 2082 2124 2167 2202 2230 2250 2261 2266 2262 2252 2243 2236 2231 2227 2232 2234 2217 2173 2114 2069 2038 2007 1976 1940 1912 1885 1858 1840 1833 1832 1831 1831 1831 1833 1837 1849 1872 1896 1922 1953 1984 2021 2059 2099 2142 2173 2200 2233
2457 2436 2417 2404 2403 2406 2408 2414 2429 2450 2468 2485 2504 2525 2546 2560 2576 2599 2627 2660 2694 2725 2747 2758 2762 2760 2757 2752 2748 2741 2725 2699 2666 2639 2617 2593 2572 2556 2553 2556 2554 2549 2537 2522 2508 2490 2467 2438 2403 2373 2344 2316 2288 2257 2234 2210 2181 2153 2124 2101 2081 2057 2032 2005 1982 1966 1950 1936 1921 1906 1894 1883 1877 1873 1866 1854 1840 1828 1822 1818 1816 1811 1807 1804 1803 1802 1800 1799 1801 1804 1806 1807 1806 1807 1809 1812 1814 1815 1814 1812 1809 1805 1805 1809 1817 1828 1840 1851 1858 1856 1850 1848 1849 1856 1864 1873 1885 1896 1908 1919 1930 1946 1966 1990 2015 2033 2046 2055 2066 2086 2108 2138 2175 2215 2261 2304 2336 2359 2366 2367 2367 2372 2386 2403 2419 2434 2450 2472 2490 2507 2527 2552 2577 2591 2601 2614 2621 2613 2593 2571 2556 2550 2548 2548 2553 2563 2575 2585 2589 2588 2580 2565 2549 2534 2518 2506 2487 2456 2413 2368 2339 2305 2255 2173 2067 1988 1942 1914 1897 1874 1852 1835 1828 1825 1822 1822 1825 1829 1831 1836 1850 1870 1901 1937 1971 2002 2033 2075 2122 2163 2200 2230 2254 2270 2277 2278 2274 2267 2259 2249 2241 2235 2238 2237 2220 2180 2128 2086 2053 2022 1988 1948 1918 1893 1866 1848 1838 1835 1834 1832 1832 1832 1831 1835 1854 1880 1909 1937 1960 1988 2022 2063 2111 2144 2170 2202
2417 2399 2384 2377 2382 2387 2387 2390 2403 2426 2447 2464 2478 2494 2513 2528 2545 2566 2591 2623 2657 2691 2719 2736 2745 2746 2742 2735 2728 2718 2700 2674 2642 2618 2598 2577 2558 2541 2533 2532 2531 2528 2521 2512 2501 2483 2458 2427 2395 2368 2339 2309 2282 2252 2228 2203 2176 2151 2124 2099 2073 2046 2021 1998 1978 1961 1943 1929 1915 1901 1889 1878 1871 1866 1855 1841 1826 1815 1812 1811 1811 1808 1805 1803 1802 1800 1799 1797 1798 1799 1801 1803 1805 1806 1809 1814 1817 1817 1816 1813 1812 1811 1814 1823 1833 1845 1856 1865 1870 1868 1862 1860 1861 1867 1875 1884 1895 1906 1917 1928 1939 1957 1979 2006 2033 2051 2064 2072 2080 2097 2120 2155 2198 2242 2289 2331 2363 2385 2393 2396 2397 2401 2411 2424 2439 2459 2483 2510 2528 2542 2562 2590 2618 2633 2645 2658 2664 2657 2636 2611 2590 2575 2567 2566 2578 2597 2616 2626 2626 2619 2604 2583 2564 2547 2530 2516 2490 2448 2397 2351 2324 2287 2227 2137 2035 1967 1931 1908 1890 1866 1846 1832 1828 1826 1822 1822 1825 1828 1832 1842 1862 1889 1926 1967 2002 2033 2066 2111 2158 2199 2235 2261 2280 2291 2293 2290 2286 2280 2272 2261 2250 2241 2239 2234 2219 2186 2141 2102 2068 2038 2003 1958 1925 1898 1871 1853 1841 1837 1835 1833 1833 1833 1828 1829 1844 1870 1900 1927 1945 1967 1995 2035 2082 2115 2139 2168
2372 2359 2352 2353 2362 2366 2362 2360 2371 2395 2420 2438 2450 2462 2481 2497 2514 2533 2553 2580 2607 2637 2669 2695 2715 2724 2725 2719 2711 2699 2679 2654 2625 2604 2586 2565 2546 2529 2516 2508 2505 2503 2501 2497 2489 2471 2444 2414 2385 2358 2325 2293 2265 2237 2214 2191 2168 2148 2124 2097 2066 2034 2010 1990 1971 1954 1936 1921 1909 1895 1883 1872 1863 1855 1842 1828 1815 1807 1806 1806 1807 1805 1803 1801 1798 1797 1796 1794 1794 1795 1800 1805 1808 1809 1811 1816 1818 1817 1816 1816 1818 1821 1829 1841 1853 1863 1870 1874 1877 1876 1874 1873 1875 1881 1889 1898 1908 1917 1927 1939 1953 1974 2001 2032 2059 2077 2089 2097 2104 2120 2144 2182 2229 2275 2318 2354 2383 2406 2419 2426 2431 2434 2440 2447 2463 2490 2523 2554 2571 2581 2599 2625 2653 2672 2686 2699 2703 2695 2676 2652 2625 2601 2586 2586 2608 2640 2667 2675 2665 2646 2623 2597 2574 2554 2537 2516 2478 2425 2372 2330 2303 2257 2183 2092 2006 1954 1924 1901 1881 1859 1841 1831 1829 1827 1823 1823 1826 1829 1836 1851 1878 1914 1961 2007 2044 2078 2111 2154 2198 2238 2274 2297 2309 2315 2313 2307 2299 2292 2285 2273 2259 2248 2242 2235 2223 2197 2159 2121 2087 2058 2024 1975 1936 1905 1878 1859 1844 1839 1837 1835 1835 1834 1829 1827 1839 1862 1891 1917 1934 1953 1975 2007 2050 2079 2101 2126
2332 2325 2326 2334 2345 2347 2339 2332 2340 2365 2392 2412 2422 2431 2450 2468 2486 2503 2520 2541 2560 2585 2617 2649 2676 2696 2705 2704 2697 2685 2664 2640 2616 2597 2580 2557 2538 2519 2501 2489 2484 2482 2480 2479 2473 2455 2429 2401 2372 2343 2307 2273 2245 2219 2198 2178 2159 2143 2121 2093 2059 2023 1999 1981 1965 1949 1930 1917 1904 1889 1877 1865 1854 1843 1831 1818 1808 1803 1802 1803 1803 1802 1800 1797 1794 1793 1792 1791 1790 1792 1800 1808 1812 1813 1813 1816 1818 1818 1819 1821 1827 1834 1845 1858 1870 1878 1881 1880 1881 1882 1884 1887 1890 1897 1905 1912 1919 1926 1937 1952 1970 1996 2028 2060 2086 2102 2115 2125 2135 2151 2174 2212 2258 2299 2336 2366 2394 2422 2440 2453 2462 2465 2467 2469 2486 2521 2561 2592 2607 2615 2633 2657 2684 2705 2721 2732 2733 2722 2703 2679 2650 2620 2603 2608 2640 2682 2714 2720 2702 2673 2641 2609 2580 2553 2531 2502 2452 2394 2342 2305 2275 2219 2139 2055 1988 1948 1921 1897 1875 1854 1840 1832 1830 1828 1825 1826 1828 1833 1842 1862 1894 1938 1993 2044 2083 2118 2149 2189 2233 2273 2309 2330 2337 2338 2331 2321 2309 2299 2291 2280 2267 2254 2246 2237 2227 2208 2175 2141 2106 2076 2039 1989 1947 1914 1887 1867 1850 1843 1841 1838 1837 1835 1831 1830 1838 1857 1882 1905 1923 1941 1959 1984 2020 2046 2066 2087
2298 2295 2300 2312 2324 2324 2314 2306 2312 2334 2360 2380 2390 2398 2416 2435 2454 2471 2487 2506 2523 2545 2573 2602 2632 2658 2675 2682 2679 2668 2649 2628 2606 2589 2570 2547 2525 2505 2485 2472 2467 2463 2458 2455 2449 2434 2411 2384 2354 2322 2286 2251 2224 2201 2183 2165 2147 2132 2110 2082 2047 2010 1985 1969 1956 1944 1927 1913 1899 1883 1869 1856 1843 1831 1820 1810 1803 1799 1798 1798 1799 1798 1795 1792 1790 1789 1789 1788 1787 1790 1799 1808 1813 1815 1816 1819 1821 1824 1828 1833 1841 1850 1861 1874 1884 1890 1891 1889 1889 1892 1898 1904 1910 1916 1922 1927 1932 1938 1949 1967 1990 2021 2056 2087 2111 2127 2144 2159 2173 2190 2211 2243 2282 2315 2344 2371 2403 2438 2463 2478 2490 2494 2494 2494 2512 2551 2592 2621 2634 2644 2666 2692 2720 2742 2758 2766 2763 2749 2724 2696 2668 2640 2626 2639 2676 2721 2752 2757 2737 2702 2663 2623 2584 2545 2513 2476 2419 2361 2312 2275 2239 2177 2101 2029 1974 1942 1916 1893 1873 1853 1840 1834 1831 1829 1828 1831 1833 1840 1853 1876 1912 1961 2020 2073 2113 2147 2176 2217 2263 2307 2341 2359 2363 2359 2348 2333 2316 2302 2292 2283 2273 2261 2250 2238 2228 2214 2189 2160 2124 2087 2046 1997 1956 1926 1901 1880 1860 1850 1846 1842 1840 1837 1834 1833 1839 1852 1869 1889 1906 1923 1939 1961 1991 2016 2036 2055
2268 2269 2274 2286 2297 2297 2288 2281 2287 2305 2326 2344 2354 2364 2380 2397 2416 2434 2452 2473 2493 2515 2538 2562 2589 2616 2639 2653 2656 2648 2632 2614 2594 2577 2557 2533 2510 2487 2468 2457 2452 2445 2434 2424 2417 2405 2386 2360 2328 2295 2261 2230 2206 2185 2168 2151 2132 2114 2090 2062 2029 1995 1971 1955 1945 1936 1922 1907 1891 1874 1859 1844 1830 1819 1809 1803 1799 1795 1793 1794 1794 1793 1790 1788 1787 1788 1788 1788 1788 1792 1802 1811 1816 1820 1823 1827 1831 1836 1843 1851 1860 1869 1880 1891 1900 1906 1906 1904 1904 1909 1917 1925 1932 1940 1944 1946 1948 1953 1965 1985 2013 2048 2084 2115 2139 2157 2178 2200 2218 2235 2252 2276 2305 2328 2351 2377 2412 2454 2483 2501 2516 2521 2523 2521 2538 2576 2614 2639 2654 2671 2699 2728 2756 2779 2794 2801 2798 2780 2749 2717 2689 2667 2661 2678 2715 2754 2777 2779 2759 2723 2678 2629 2582 2533 2490 2445 2386 2331 2284 2244 2203 2141 2074 2012 1962 1930 1907 1888 1871 1854 1842 1836 1832 1831 1833 1837 1841 1852 1868 1896 1935 1984 2043 2095 2133 2166 2196 2240 2293 2340 2371 2387 2389 2379 2363 2344 2323 2305 2292 2285 2278 2267 2254 2240 2229 2217 2197 2173 2138 2093 2046 2000 1965 1938 1916 1896 1874 1860 1852 1846 1843 1840 1837 1836 1839 1846 1856 1869 1883 1899 1915 1936 1964 1990 2011 2029
2244 2249 2254 2263 2272 2273 2268 2264 2270 2283 2298 2312 2323 2334 2349 2364 2381 2400 2420 2444 2467 2492 2516 2538 2562 2586 2609 2627 2635 2631 2618 2601 2582 2565 2546 2523 2498 2474 2456 2447 2440 2430 2413 2396 2385 2374 2358 2333 2300 2269 2240 2214 2194 2174 2158 2140 2117 2094 2066 2039 2010 1981 1959 1944 1934 1926 1913 1898 1882 1865 1850 1834 1819 1808 1801 1798 1795 1792 1790 1791 1791 1790 1789 1788 1788 1789 1789 1791 1794 1800 1810 1819 1826 1832 1837 1841 1845 1852 1861 1871 1880 1889 1899 1910 1920 1926 1925 1922 1923 1927 1935 1944 1953 1962 1967 1967 1966 1968 1982 2004 2035 2073 2107 2137 2164 2187 2214 2239 2258 2274 2286 2302 2322 2340 2362 2387 2421 2461 2491 2513 2533 2543 2546 2544 2557 2590 2622 2647 2668 2694 2727 2758 2786 2808 2824 2832 2831 2813 2780 2745 2717 2699 2699 2715 2745 2774 2786 2782 2761 2722 2673 2619 2569 2517 2471 2424 2364 2308 2261 2219 2180 2122 2059 1999 1949 1918 1898 1882 1869 1855 1845 1839 1835 1834 1837 1841 1848 1863 1884 1916 1959 2008 2062 2107 2141 2175 2211 2262 2320 2366 2395 2410 2410 2397 2377 2355 2331 2310 2294 2287 2281 2271 2258 2242 2229 2217 2199 2178 2143 2094 2045 2002 1971 1947 1927 1908 1887 1869 1857 1848 1844 1841 1839 1838 1839 1842 1846 1855 1864 1877 1894 1916 1945 1973 1995 2012
2218 2226 2232 2236 2242 2246 2245 2246 2251 2260 2269 2278 2289 2302 2316 2328 2342 2360 2381 2409 2435 2462 2491 2515 2538 2558 2578 2597 2609 2609 2599 2583 2565 2549 2532 2510 2485 2459 2442 2433 2421 2408 2388 2366 2350 2336 2321 2298 2266 2239 2218 2198 2181 2162 2146 2126 2099 2070 2039 2012 1989 1965 1947 1932 1921 1911 1899 1884 1869 1853 1839 1823 1807 1797 1792 1791 1790 1788 1788 1788 1788 1788 1790 1790 1791 1793 1796 1800 1806 1814 1825 1834 1843 1850 1856 1860 1864 1871 1881 1892 1902 1910 1920 1933 1946 1953 1954 1950 1949 1951 1957 1965 1975 1986 1993 1992 1989 1990 2004 2029 2062 2101 2135 2166 2198 2227 2258 2284 2302 2316 2324 2334 2349 2366 2386 2408 2435 2468 2497 2524 2550 2565 2570 2568 2576 2602 2628 2655 2685 2718 2755 2784 2809 2832 2850 2863 2867 2854 2825 2791 2762 2746 2747 2757 2777 2791 2789 2777 2750 2708 2657 2602 2553 2505 2461 2413 2350 2293 2245 2204 2168 2115 2048 1984 1933 1904 1887 1874 1865 1855 1847 1842 1840 1840 1843 1849 1858 1878 1904 1940 1987 2034 2082 2119 2150 2189 2233 2290 2350 2394 2420 2433 2432 2415 2392 2368 2343 2322 2302 2292 2284 2273 2259 2243 2229 2216 2196 2176 2143 2095 2048 2008 1979 1956 1935 1918 1899 1879 1862 1850 1845 1843 1841 1839 1838 1838 1840 1844 1849 1857 1872 1895 1925 1955 1978 1994
2199 2208 2211 2213 2218 2222 2225 2227 2231 2237 2243 2249 2261 2276 2290 2300 2311 2327 2350 2381 2409 2438 2468 2492 2513 2532 2552 2572 2586 2589 2582 2569 2552 2537 2520 2498 2473 2446 2427 2414 2399 2385 2366 2342 2320 2300 2284 2264 2237 2217 2201 2185 2169 2150 2132 2110 2081 2049 2016 1991 1972 1954 1938 1922 1908 1897 1885 1872 1857 1842 1828 1811 1797 1790 1788 1787 1787 1786 1786 1787 1788 1788 1788 1788 1790 1795 1803 1812 1822 1833 1842 1851 1859 1867 1872 1876 1880 1887 1897 1909 1919 1927 1936 1951 1966 1976 1979 1977 1975 1973 1975 1981 1991 2003 2011 2011 2009 2011 2025 2050 2083 2125 2164 2198 2232 2263 2294 2319 2336 2351 2359 2369 2381 2395 2411 2427 2446 2473 2500 2531 2561 2579 2587 2586 2591 2610 2634 2664 2698 2733 2768 2794 2816 2838 2859 2878 2888 2884 2865 2836 2809 2793 2791 2795 2804 2805 2790 2766 2729 2685 2638 2588 2544 2498 2455 2404 2338 2285 2245 2205 2169 2115 2044 1975 1923 1894 1878 1866 1859 1851 1847 1845 1844 1846 1851 1858 1871 1895 1924 1962 2008 2051 2094 2127 2160 2206 2257 2316 2373 2414 2440 2451 2447 2428 2402 2377 2354 2333 2312 2299 2288 2273 2258 2242 2228 2213 2191 2170 2139 2096 2053 2015 1986 1962 1940 1923 1905 1887 1868 1854 1846 1843 1841 1840 1838 1837 1837 1841 1843 1848 1860 1880 1909 1938 1962 1980
2181 2186 2188 2189 2193 2198 2200 2200 2201 2207 2212 2218 2230 2247 2263 2271 2280 2294 2317 2349 2379 2406 2432 2452 2473 2495 2519 2543 2558 2564 2560 2552 2539 2523 2505 2482 2458 2430 2407 2388 2369 2356 2341 2319 2292 2264 2245 2229 2210 2196 2182 2167 2151 2130 2112 2089 2060 2029 1997 1974 1958 1942 1927 1910 1894 1882 1871 1860 1846 1831 1814 1798 1788 1785 1785 1785 1785 1785 1785 1785 1787 1788 1785 1783 1787 1798 1813 1828 1842 1853 1862 1868 1873 1879 1884 1888 1892 1899 1910 1922 1933 1941 1951 1966 1982 1997 2005 2007 2004 1998 1995 1997 2005 2017 2025 2028 2029 2034 2050 2073 2107 2154 2201 2241 2274 2301 2331 2355 2375 2393 2406 2417 2427 2434 2441 2447 2460 2483 2511 2543 2573 2594 2605 2606 2610 2625 2648 2680 2713 2744 2773 2795 2816 2838 2862 2887 2902 2906 2898 2880 2858 2841 2835 2835 2835 2824 2799 2763 2716 2671 2630 2587 2547 2499 2451 2392 2322 2280 2254 2215 2172 2110 2037 1969 1918 1888 1870 1858 1851 1845 1844 1846 1850 1855 1863 1874 1890 1917 1949 1986 2026 2064 2105 2140 2181 2235 2289 2344 2394 2432 2458 2468 2460 2438 2411 2386 2363 2344 2323 2308 2291 2272 2256 2240 2225 2209 2186 2165 2137 2101 2063 2025 1995 1969 1946 1928 1911 1894 1877 1861 1850 1845 1842 1841 1839 1837 1837 1840 1843 1847 1854 1868 1890 1915 1939 1960
2169 2170 2170 2170 2174 2178 2178 2175 2173 2178 2185 2193 2206 2222 2238 2247 2255 2267 2289 2319 2346 2370 2391 2408 2433 2460 2490 2518 2534 2542 2543 2539 2530 2514 2493 2469 2444 2416 2390 2366 2345 2332 2319 2299 2270 2236 2213 2199 2185 2175 2161 2145 2128 2106 2088 2067 2040 2012 1983 1963 1948 1932 1916 1898 1882 1870 1860 1850 1836 1818 1801 1789 1784 1783 1784 1785 1785 1785 1785 1785 1786 1786 1784 1783 1791 1807 1827 1846 1860 1869 1875 1877 1878 1882 1885 1890 1895 1903 1915 1927 1938 1947 1958 1975 1993 2011 2026 2032 2030 2021 2013 2012 2019 2028 2037 2042 2048 2056 2074 2097 2131 2183 2235 2278 2309 2333 2363 2390 2413 2436 2454 2467 2474 2474 2473 2472 2479 2500 2527 2556 2585 2607 2622 2627 2633 2645 2665 2695 2723 2748 2772 2789 2809 2833 2862 2893 2914 2924 2926 2918 2902 2885 2875 2869 2863 2844 2812 2768 2715 2673 2638 2599 2560 2508 2452 2386 2315 2283 2268 2231 2177 2104 2027 1964 1916 1887 1866 1852 1843 1838 1841 1848 1855 1864 1877 1892 1911 1938 1969 2005 2041 2073 2114 2155 2202 2259 2312 2363 2410 2445 2470 2477 2466 2443 2416 2391 2369 2351 2331 2314 2294 2272 2253 2236 2221 2204 2181 2160 2134 2105 2072 2035 2004 1978 1953 1934 1916 1901 1887 1871 1858 1850 1845 1844 1841 1838 1837 1841 1845 1850 1853 1860 1875 1895 1919 1942
2162 2160 2158 2157 2160 2162 2161 2155 2152 2156 2163 2174 2187 2201 2215 2224 2233 2244 2262 2288 2310 2328 2348 2368 2398 2430 2463 2494 2513 2524 2530 2529 2521 2506 2484 2457 2432 2405 2379 2356 2331 2315 2300 2279 2249 2214 2189 2174 2160 2150 2136 2119 2101 2081 2063 2044 2021 1997 1973 1954 1938 1921 1905 1888 1872 1861 1851 1841 1825 1804 1790 1784 1783 1784 1784 1785 1785 1785 1786 1786 1784 1782 1785 1791 1804 1823 1844 1864 1875 1879 1880 1877 1875 1877 1880 1886 1892 1902 1915 1928 1939 1949 1961 1980 2001 2023 2043 2052 2051 2042 2033 2030 2034 2042 2050 2058 2067 2079 2099 2123 2161 2214 2264 2303 2333 2360 2396 2426 2454 2482 2501 2512 2515 2512 2508 2503 2506 2523 2545 2570 2596 2619 2640 2652 2659 2667 2680 2702 2726 2749 2771 2786 2805 2832 2866 2903 2931 2946 2952 2949 2938 2924 2912 2900 2886 2862 2825 2780 2730 2692 2660 2617 2575 2520 2459 2390 2322 2292 2278 2242 2181 2096 2016 1957 1915 1889 1866 1849 1838 1833 1839 1850 1862 1875 1892 1911 1931 1956 1985 2020 2055 2086 2125 2170 2218 2271 2321 2373 2422 2456 2475 2478 2468 2445 2420 2395 2373 2355 2334 2316 2295 2273 2253 2234 2217 2199 2176 2154 2130 2105 2079 2045 2016 1988 1962 1942 1924 1910 1897 1882 1869 1859 1853 1850 1845 1840 1838 1841 1846 1850 1853 1855 1864 1880 1902 1925
2158 2154 2150 2147 2147 2148 2146 2141 2138 2139 2145 2156 2168 2179 2190 2199 2208 2218 2232 2252 2269 2284 2305 2330 2364 2398 2431 2463 2485 2501 2511 2514 2508 2495 2474 2447 2420 2395 2374 2353 2327 2306 2286 2262 2233 2200 2174 2155 2138 2126 2111 2093 2075 2057 2041 2024 2004 1985 1964 1945 1928 1909 1893 1877 1863 1853 1843 1831 1813 1791 1782 1783 1785 1785 1785 1785 1786 1786 1787 1787 1782 1782 1794 1810 1828 1846 1864 1879 1886 1884 1879 1873 1870 1870 1873 1879 1887 1899 1913 1927 1940 1952 1967 1989 2014 2039 2061 2072 2072 2064 2056 2052 2054 2060 2068 2077 2090 2104 2124 2151 2190 2241 2285 2320 2354 2388 2431 2467 2499 2530 2548 2554 2554 2549 2544 2539 2540 2551 2566 2586 2609 2634 2660 2678 2687 2692 2696 2709 2730 2754 2779 2795 2815 2844 2882 2922 2951 2966 2972 2968 2961 2950 2938 2920 2901 2874 2836 2797 2756 2722 2686 2634 2587 2532 2465 2397 2334 2301 2281 2243 2178 2085 2003 1948 1912 1891 1869 1850 1837 1833 1840 1854 1870 1886 1906 1930 1951 1974 2001 2035 2072 2103 2140 2187 2234 2277 2324 2381 2433 2465 2476 2476 2467 2446 2422 2397 2375 2355 2334 2315 2295 2274 2255 2233 2214 2195 2173 2152 2128 2105 2082 2053 2026 1999 1973 1954 1935 1920 1907 1893 1882 1871 1863 1857 1850 1843 1839 1840 1845 1849 1852 1853 1859 1871 1890 1911
2154 2149 2143 2138 2136 2137 2136 2133 2130 2129 2134 2143 2152 2160 2167 2175 2185 2193 2203 2220 2235 2252 2274 2301 2338 2371 2400 2429 2453 2474 2488 2493 2491 2482 2465 2439 2413 2388 2370 2352 2326 2304 2282 2257 2230 2197 2169 2147 2127 2112 2095 2076 2058 2042 2027 2012 1994 1978 1959 1941 1921 1901 1884 1869 1856 1847 1836 1821 1802 1785 1780 1784 1786 1786 1786 1785 1785 1785 1784 1784 1781 1789 1814 1838 1856 1870 1880 1888 1890 1886 1879 1873 1869 1867 1868 1873 1882 1894 1910 1925 1941 1958 1978 2004 2031 2058 2079 2089 2090 2083 2076 2072 2072 2077 2084 2095 2109 2123 2141 2170 2206 2252 2293 2331 2374 2416 2463 2503 2537 2570 2586 2590 2586 2579 2574 2569 2569 2577 2586 2600 2622 2649 2679 2698 2708 2714 2715 2724 2743 2770 2798 2819 2842 2872 2907 2943 2967 2978 2979 2974 2967 2957 2945 2925 2903 2875 2844 2816 2783 2748 2701 2640 2591 2538 2467 2398 2339 2305 2279 2238 2168 2071 1992 1944 1911 1892 1872 1854 1842 1839 1846 1860 1878 1896 1918 1943 1965 1989 2014 2047 2085 2116 2152 2200 2245 2284 2329 2389 2440 2467 2475 2473 2464 2444 2421 2396 2374 2354 2332 2313 2294 2274 2255 2232 2212 2193 2172 2151 2127 2104 2082 2056 2030 2004 1981 1963 1945 1929 1915 1902 1891 1880 1870 1862 1853 1844 1839 1841 1846 1851 1854 1855 1859 1868 1884 1901
2150 2144 2137 2129 2126 2126 2126 2125 2123 2122 2123 2127 2132 2137 2142 2148 2156 2162 2169 2184 2202 2222 2243 2270 2305 2334 2358 2382 2406 2431 2449 2458 2461 2458 2446 2426 2403 2380 2363 2347 2323 2301 2279 2255 2228 2196 2166 2142 2121 2105 2085 2065 2048 2032 2019 2004 1987 1972 1954 1935 1914 1892 1875 1861 1848 1839 1827 1809 1792 1783 1782 1785 1785 1786 1787 1787 1785 1784 1782 1781 1784 1803 1837 1866 1882 1890 1892 1893 1891 1888 1883 1879 1875 1872 1871 1875 1884 1896 1912 1930 1952 1975 2000 2030 2058 2084 2102 2109 2110 2105 2099 2096 2096 2099 2106 2117 2132 2145 2161 2187 2218 2257 2298 2344 2398 2446 2494 2535 2570 2601 2619 2623 2617 2607 2600 2596 2595 2599 2604 2615 2636 2665 2697 2716 2726 2735 2739 2748 2766 2794 2825 2853 2881 2909 2935 2961 2975 2979 2974 2967 2958 2949 2937 2918 2895 2869 2846 2829 2801 2760 2704 2637 2589 2538 2465 2394 2335 2300 2271 2227 2153 2056 1983 1941 1909 1890 1872 1858 1850 1848 1854 1868 1887 1906 1928 1954 1978 2006 2033 2064 2100 2130 2167 2215 2261 2300 2346 2404 2448 2470 2477 2474 2464 2444 2420 2395 2373 2354 2333 2315 2296 2276 2256 2234 2214 2195 2176 2155 2131 2107 2083 2057 2031 2008 1988 1972 1955 1938 1923 1909 1898 1886 1875 1866 1855 1846 1840 1841 1847 1853 1856 1857 1860 1867 1879 1891
2147 2140 2131 2121 2116 2115 2116 2117 2116 2115 2114 2114 2115 2118 2121 2126 2131 2135 2141 2157 2177 2199 2219 2242 2272 2298 2317 2336 2358 2385 2407 2421 2430 2431 2424 2411 2393 2374 2360 2345 2323 2299 2274 2249 2224 2194 2165 2142 2121 2104 2082 2062 2045 2028 2014 2000 1984 1970 1952 1932 1909 1885 1868 1854 1842 1833 1820 1801 1786 1784 1786 1785 1785 1785 1784 1783 1782 1783 1781 1782 1791 1816 1851 1878 1891 1896 1894 1892 1889 1887 1886 1884 1882 1879 1879 1883 1891 1904 1920 1939 1967 1994 2024 2057 2085 2109 2122 2125 2124 2120 2116 2115 2115 2119 2127 2138 2153 2165 2179 2202 2227 2260 2302 2355 2415 2466 2513 2553 2586 2616 2636 2645 2640 2628 2616 2610 2609 2611 2612 2621 2641 2671 2704 2724 2733 2744 2751 2763 2781 2806 2840 2874 2908 2933 2951 2965 2968 2963 2954 2943 2934 2925 2916 2902 2882 2861 2846 2834 2807 2762 2701 2635 2586 2534 2462 2390 2329 2292 2259 2212 2138 2045 1978 1938 1906 1888 1871 1860 1855 1856 1862 1874 1892 1912 1935 1960 1987 2020 2050 2081 2115 2144 2183 2232 2279 2319 2365 2419 2457 2477 2482 2477 2465 2444 2420 2394 2372 2354 2335 2318 2300 2281 2261 2240 2221 2204 2185 2166 2140 2113 2087 2058 2033 2010 1991 1976 1960 1944 1929 1915 1903 1891 1879 1869 1859 1848 1842 1843 1848 1854 1858 1859 1862 1868 1876 1886
2151 2143 2132 2119 2111 2108 2109 2110 2109 2108 2106 2103 2101 2101 2103 2105 2108 2111 2118 2133 2152 2171 2189 2207 2231 2253 2271 2288 2307 2332 2358 2379 2392 2396 2394 2388 2377 2364 2354 2341 2319 2290 2258 2231 2209 2183 2159 2138 2118 2101 2079 2059 2040 2022 2007 1993 1979 1968 1950 1928 1902 1877 1860 1847 1835 1825 1812 1795 1783 1783 1786 1786 1787 1785 1780 1779 1782 1784 1785 1790 1803 1824 1850 1871 1884 1890 1890 1889 1887 1887 1888 1888 1887 1887 1889 1895 1904 1917 1935 1957 1987 2018 2050 2083 2110 2130 2139 2139 2138 2134 2133 2134 2136 2142 2151 2163 2178 2189 2203 2223 2243 2273 2315 2368 2425 2475 2522 2560 2590 2618 2643 2660 2659 2645 2629 2619 2616 2617 2616 2622 2639 2670 2706 2729 2739 2748 2756 2771 2787 2808 2840 2877 2914 2939 2951 2955 2949 2938 2924 2912 2902 2896 2891 2882 2869 2855 2843 2830 2800 2756 2700 2640 2589 2531 2461 2392 2327 2284 2248 2199 2129 2040 1973 1933 1903 1885 1869 1859 1856 1860 1868 1880 1897 1917 1941 1967 1996 2033 2068 2102 2134 2162 2203 2255 2304 2344 2385 2433 2471 2490 2493 2485 2470 2448 2423 2397 2374 2357 2340 2325 2309 2290 2271 2251 2234 2218 2201 2181 2154 2125 2096 2065 2039 2016 1996 1979 1963 1949 1936 1923 1911 1898 1885 1874 1864 1853 1846 1844 1848 1854 1858 1860 1863 1867 1873 1880
2166 2156 2145 2131 2119 2113 2110 2108 2106 2104 2101 2097 2094 2092 2092 2093 2094 2095 2101 2114 2129 2144 2158 2171 2191 2212 2231 2248 2264 2286 2313 2336 2353 2360 2362 2361 2357 2350 2344 2334 2311 2276 2237 2208 2188 2167 2148 2130 2112 2096 2075 2055 2036 2015 1998 1984 1972 1962 1945 1921 1893 1869 1853 1841 1829 1818 1806 1792 1784 1784 1785 1785 1786 1784 1781 1785 1794 1797 1799 1805 1814 1826 1840 1855 1869 1878 1882 1885 1885 1887 1889 1890 1892 1894 1899 1909 1920 1935 1955 1980 2013 2045 2076 2106 2129 2144 2150 2149 2147 2146 2147 2151 2157 2166 2177 2189 2202 2214 2228 2245 2262 2288 2324 2373 2424 2471 2516 2553 2581 2607 2635 2657 2663 2651 2635 2624 2620 2619 2618 2623 2640 2671 2711 2739 2752 2758 2767 2783 2795 2810 2836 2870 2906 2930 2939 2937 2925 2909 2894 2881 2871 2868 2868 2864 2858 2848 2836 2818 2785 2746 2702 2650 2596 2531 2464 2397 2327 2278 2238 2191 2126 2041 1972 1929 1900 1883 1867 1856 1854 1861 1871 1884 1902 1923 1948 1975 2005 2044 2082 2116 2149 2179 2223 2277 2326 2367 2403 2445 2484 2504 2503 2493 2476 2453 2428 2402 2380 2363 2347 2334 2319 2301 2283 2264 2247 2231 2213 2192 2165 2135 2106 2077 2051 2027 2004 1985 1967 1954 1943 1929 1917 1904 1890 1880 1869 1858 1849 1845 1847 1852 1856 1859 1861 1864 1869 1875
