2647 2643 2639 2637 2635 2631 2626 2625 2624 2630 2643 2655 2667 2679 2695 2721 2749 2776 2797 2806 2809 2811 2808 2796 2780 2764 2751 2743 2736 2727 2715 2700 2685 2669 2655 2644 2633 2624 2615 2606 2598 2586 2573 2557 2537 2519 2502 2488 2475 2459 2445 2430 2413 2397 2377 2358 2338 2314 2294 2276 2261 2248 2233 2219 2207 2197 2190 2184 2181 2181 2185 2194 2208 2225 2248 2276 2302 2322 2339 2356 2377 2397 2413 2426 2436 2445 2453 2457 2459 2460 2458 2457 2456 2455 2454 2452 2449 2445 2440 2434 2428 2421 2415 2408 2401 2394 2387 2380 2375 2370 2367 2365 2360 2356 2352 2346 2338 2326 2314 2302 2290 2282 2272 2263 2251 2237 2224 2210 2194 2180 2164 2150 2138 2127 2117 2107 2098 2088 2076 2065 2053 2040 2028 2015 2005 1998 1993 1990 1987 1987 1985 1982 1978 1974 1967 1960 1952 1946 1942 1939 1937 1935 1933 1929 1924 1917 1910 1902 1894 1884 1875 1866 1856 1847 1836 1825 1816 1805 1796 1788 1779 1771 1762 1754 1747 1740 1734 1729 1724 1720 1716 1712 1710 1707 1706 1706 1706 1707 1706 1706 1705 1704 1703 1702 1702 1701 1700 1700 1700 1699 1699 1699 1699 1698 1697 1697 1696 1696 1695 1695 1695 1695 1694 1693 1692 1691 1691 1691 1692 1692 1692 1692 1693 1694 1697 1701 1706 1710 1713 1712 1712 1713 1716 1720 1724 1729 1734 1739 1745 1749 1754 1761 1769 1780 1790 1800
2644 2639 2636 2635 2634 2631 2629 2629 2632 2641 2657 2671 2684 2702 2721 2741 2763 2789 2810 2817 2815 2814 2811 2798 2783 2768 2757 2750 2741 2731 2718 2703 2687 2670 2655 2642 2630 2620 2610 2599 2588 2574 2560 2544 2525 2510 2496 2482 2469 2452 2436 2420 2403 2386 2367 2348 2328 2307 2289 2273 2259 2247 2234 2222 2212 2204 2198 2193 2190 2190 2196 2205 2218 2235 2261 2294 2319 2334 2349 2365 2386 2404 2419 2432 2442 2451 2458 2462 2464 2464 2462 2460 2458 2455 2452 2449 2444 2440 2434 2429 2424 2418 2413 2408 2402 2396 2390 2384 2380 2376 2373 2370 2364 2360 2356 2350 2340 2328 2317 2306 2297 2289 2281 2273 2263 2250 2238 2224 2209 2195 2180 2166 2154 2142 2132 2122 2112 2102 2090 2079 2066 2054 2042 2030 2021 2015 2011 2009 2009 2009 2008 2004 2000 1993 1984 1974 1964 1956 1952 1948 1946 1945 1943 1940 1934 1928 1921 1912 1903 1893 1883 1873 1862 1852 1841 1830 1819 1809 1799 1791 1783 1775 1766 1757 1750 1743 1738 1732 1727 1723 1719 1716 1713 1709 1707 1706 1706 1706 1706 1705 1704 1703 1703 1702 1701 1700 1699 1699 1699 1699 1699 1699 1698 1698 1697 1696 1695 1695 1695 1695 1695 1695 1695 1694 1692 1692 1691 1692 1692 1692 1692 1692 1693 1695 1698 1702 1706 1710 1713 1713 1714 1716 1720 1724 1729 1734 1739 1744 1748 1751 1755 1761 1770 1780 1790 1799
2639 2634 2632 2631 2629 2628 2627 2631 2640 2655 2672 2684 2698 2720 2739 2752 2773 2799 2819 2823 2817 2813 2808 2796 2782 2770 2761 2755 2745 2734 2720 2704 2689 2672 2656 2642 2629 2619 2608 2596 2584 2568 2552 2536 2519 2506 2492 2478 2464 2446 2430 2413 2395 2378 2359 2340 2321 2302 2286 2272 2259 2248 2235 2225 2217 2211 2207 2202 2198 2198 2205 2214 2227 2244 2273 2310 2332 2343 2357 2372 2393 2410 2423 2436 2446 2454 2460 2464 2465 2464 2461 2458 2455 2451 2447 2442 2437 2433 2428 2422 2418 2413 2409 2404 2399 2394 2389 2384 2380 2377 2375 2371 2366 2362 2358 2351 2341 2329 2319 2310 2302 2296 2289 2282 2273 2262 2249 2236 2221 2208 2194 2181 2169 2157 2148 2137 2127 2117 2105 2093 2080 2068 2057 2046 2039 2034 2031 2030 2029 2030 2028 2023 2016 2007 1995 1983 1971 1962 1957 1953 1951 1951 1949 1946 1941 1934 1927 1918 1909 1898 1888 1878 1866 1855 1844 1831 1820 1809 1799 1791 1782 1775 1766 1758 1751 1744 1739 1735 1731 1727 1722 1719 1715 1712 1708 1706 1705 1706 1705 1704 1704 1703 1702 1701 1700 1699 1699 1698 1698 1698 1698 1698 1698 1698 1697 1696 1695 1695 1695 1696 1696 1696 1695 1694 1693 1692 1692 1692 1692 1692 1692 1692 1693 1695 1698 1701 1705 1709 1712 1714 1716 1718 1722 1728 1733 1739 1744 1748 1751 1753 1756 1763 1771 1781 1791 1799
2635 2631 2629 2628 2627 2627 2629 2636 2653 2673 2689 2699 2713 2734 2750 2760 2780 2807 2822 2822 2813 2806 2800 2789 2778 2768 2761 2754 2744 2733 2719 2703 2688 2672 2657 2643 2630 2620 2610 2597 2583 2566 2550 2534 2518 2503 2488 2473 2458 2441 2424 2407 2389 2372 2353 2335 2317 2298 2284 2272 2261 2250 2239 2229 2223 2219 2216 2211 2208 2210 2218 2228 2240 2258 2288 2325 2344 2352 2365 2380 2398 2413 2425 2437 2446 2453 2458 2460 2460 2458 2455 2451 2447 2443 2438 2433 2428 2424 2419 2415 2411 2407 2403 2399 2394 2389 2385 2381 2378 2375 2372 2369 2365 2361 2357 2350 2341 2330 2321 2314 2307 2302 2296 2290 2283 2272 2261 2248 2234 2222 2209 2198 2187 2176 2166 2155 2144 2134 2122 2110 2098 2086 2076 2066 2060 2056 2053 2052 2051 2050 2046 2039 2029 2017 2003 1990 1977 1967 1961 1956 1955 1955 1953 1950 1944 1938 1931 1922 1913 1901 1890 1879 1867 1856 1844 1831 1819 1807 1797 1788 1779 1772 1764 1756 1750 1744 1740 1736 1733 1729 1725 1721 1718 1713 1710 1707 1705 1705 1704 1704 1703 1702 1702 1701 1700 1699 1699 1698 1698 1698 1698 1698 1698 1698 1696 1696 1695 1695 1695 1696 1696 1696 1695 1694 1693 1693 1693 1693 1693 1693 1693 1692 1692 1693 1697 1700 1704 1707 1711 1714 1717 1720 1725 1731 1737 1743 1748 1751 1753 1755 1759 1766 1774 1784 1793 1801
2633 2630 2629 2628 2628 2630 2634 2645 2666 2689 2704 2712 2725 2744 2758 2764 2782 2807 2819 2817 2807 2798 2791 2781 2773 2765 2758 2751 2741 2729 2715 2700 2687 2673 2659 2647 2634 2624 2614 2602 2588 2569 2552 2535 2518 2503 2486 2470 2454 2436 2420 2402 2385 2368 2350 2332 2315 2298 2285 2275 2265 2255 2243 2234 2229 2226 2223 2218 2217 2221 2231 2241 2254 2272 2300 2333 2351 2359 2372 2387 2402 2415 2425 2436 2444 2449 2452 2452 2452 2450 2446 2442 2438 2433 2428 2424 2419 2416 2412 2408 2404 2400 2396 2392 2388 2383 2379 2375 2373 2370 2368 2365 2361 2358 2353 2347 2340 2330 2323 2316 2311 2307 2302 2296 2289 2280 2270 2258 2245 2233 2222 2212 2202 2192 2182 2170 2159 2148 2136 2125 2113 2101 2092 2083 2078 2075 2072 2070 2068 2063 2057 2047 2036 2022 2007 1994 1981 1971 1963 1958 1957 1956 1953 1950 1945 1938 1931 1922 1912 1901 1890 1879 1867 1856 1844 1830 1817 1804 1793 1783 1774 1767 1760 1753 1748 1743 1739 1736 1733 1730 1726 1722 1719 1715 1711 1708 1705 1704 1704 1703 1703 1702 1701 1700 1699 1699 1699 1699 1699 1699 1699 1698 1698 1697 1696 1696 1695 1695 1696 1696 1696 1695 1695 1694 1694 1693 1694 1694 1694 1694 1693 1692 1691 1692 1695 1699 1702 1706 1710 1714 1717 1721 1726 1733 1740 1745 1750 1752 1754 1757 1761 1768 1777 1786 1794 1803
2636 2634 2634 2635 2638 2641 2648 2662 2684 2705 2719 2726 2737 2756 2767 2770 2782 2801 2811 2809 2799 2788 2780 2772 2766 2759 2752 2744 2733 2722 2710 2697 2685 2673 2661 2650 2638 2629 2618 2606 2592 2573 2553 2535 2517 2501 2483 2465 2449 2430 2414 2397 2380 2365 2347 2330 2314 2299 2288 2278 2269 2260 2249 2240 2235 2233 2231 2229 2230 2237 2249 2261 2275 2293 2316 2342 2357 2367 2381 2394 2406 2416 2425 2433 2438 2441 2442 2442 2441 2439 2435 2431 2427 2422 2417 2413 2410 2406 2403 2400 2397 2393 2389 2385 2380 2376 2372 2369 2367 2365 2363 2360 2356 2351 2347 2342 2336 2328 2322 2317 2312 2309 2304 2299 2292 2284 2276 2265 2254 2244 2234 2225 2216 2205 2195 2183 2171 2160 2148 2138 2128 2117 2108 2100 2095 2092 2089 2086 2081 2073 2063 2051 2039 2025 2010 1998 1986 1975 1967 1961 1959 1956 1953 1949 1944 1936 1928 1918 1909 1898 1887 1876 1864 1854 1841 1827 1813 1799 1787 1777 1768 1761 1755 1750 1746 1741 1738 1736 1733 1730 1726 1722 1719 1715 1712 1708 1705 1704 1703 1703 1702 1701 1700 1699 1699 1699 1699 1699 1699 1699 1699 1698 1698 1697 1696 1695 1695 1695 1696 1696 1696 1695 1694 1694 1694 1694 1694 1694 1694 1694 1694 1693 1691 1691 1694 1697 1701 1705 1709 1713 1718 1722 1728 1735 1742 1747 1751 1753 1756 1759 1764 1771 1779 1789 1798 1806
2647 2646 2645 2648 2654 2659 2666 2682 2702 2721 2733 2739 2748 2764 2775 2777 2782 2793 2800 2798 2788 2777 2770 2763 2757 2750 2742 2734 2724 2714 2704 2693 2683 2673 2663 2653 2642 2632 2621 2609 2595 2576 2555 2534 2514 2498 2479 2461 2444 2426 2409 2392 2376 2361 2345 2329 2315 2301 2291 2282 2273 2265 2255 2247 2242 2240 2240 2241 2245 2254 2270 2285 2300 2318 2336 2353 2366 2377 2390 2399 2408 2416 2423 2428 2431 2431 2431 2430 2429 2427 2424 2420 2416 2412 2408 2404 2401 2399 2396 2393 2390 2386 2382 2378 2373 2369 2366 2363 2361 2359 2357 2354 2349 2344 2339 2335 2330 2325 2319 2314 2310 2307 2302 2297 2291 2285 2278 2269 2260 2251 2242 2234 2226 2216 2205 2192 2180 2169 2158 2149 2140 2130 2122 2114 2108 2104 2099 2095 2087 2076 2065 2052 2039 2026 2012 2001 1990 1980 1971 1965 1961 1957 1952 1947 1940 1933 1924 1913 1904 1894 1883 1873 1861 1850 1838 1823 1809 1794 1782 1771 1763 1757 1752 1748 1744 1741 1737 1735 1731 1728 1725 1721 1718 1715 1712 1708 1704 1703 1703 1703 1702 1701 1699 1699 1698 1699 1699 1699 1699 1699 1699 1698 1697 1696 1696 1695 1695 1695 1696 1696 1696 1695 1694 1694 1694 1694 1694 1695 1695 1695 1695 1694 1692 1691 1692 1695 1699 1704 1708 1713 1718 1723 1729 1736 1743 1748 1751 1754 1758 1761 1767 1774 1783 1793 1803 1812
2664 2665 2663 2667 2674 2679 2686 2701 2721 2737 2746 2750 2758 2771 2781 2784 2786 2788 2789 2784 2774 2765 2758 2752 2746 2738 2730 2721 2712 2705 2698 2690 2681 2672 2662 2653 2643 2633 2622 2609 2595 2575 2554 2531 2511 2494 2476 2458 2441 2422 2404 2388 2372 2358 2342 2328 2316 2303 2294 2285 2277 2270 2262 2254 2250 2250 2253 2258 2263 2274 2294 2312 2329 2347 2360 2370 2379 2388 2397 2404 2409 2414 2419 2421 2422 2421 2420 2418 2417 2415 2413 2410 2406 2403 2399 2396 2394 2391 2389 2386 2382 2378 2374 2369 2365 2361 2358 2355 2353 2351 2350 2346 2342 2336 2331 2327 2324 2320 2315 2310 2305 2301 2296 2291 2286 2281 2276 2270 2263 2256 2249 2242 2234 2225 2214 2201 2188 2177 2166 2158 2150 2142 2135 2127 2120 2114 2106 2099 2090 2078 2065 2051 2038 2026 2014 2003 1993 1984 1976 1968 1963 1957 1951 1944 1936 1928 1918 1908 1899 1889 1878 1868 1856 1845 1832 1818 1804 1789 1776 1766 1759 1754 1750 1746 1743 1740 1737 1733 1730 1726 1723 1720 1718 1715 1711 1707 1704 1703 1702 1702 1701 1700 1699 1698 1698 1698 1699 1699 1699 1699 1698 1697 1697 1696 1695 1695 1695 1695 1696 1696 1695 1695 1694 1694 1694 1694 1695 1695 1696 1696 1695 1693 1692 1691 1691 1694 1698 1703 1708 1713 1719 1725 1731 1738 1744 1749 1753 1756 1761 1765 1771 1779 1788 1799 1809 1819
2686 2687 2686 2690 2698 2703 2709 2722 2740 2754 2759 2761 2767 2775 2783 2787 2786 2782 2776 2768 2759 2751 2745 2739 2733 2725 2716 2707 2699 2693 2689 2682 2675 2666 2657 2649 2639 2629 2618 2604 2589 2571 2549 2527 2506 2489 2472 2456 2439 2419 2400 2383 2368 2355 2340 2328 2317 2305 2296 2287 2280 2274 2268 2262 2259 2262 2269 2279 2286 2299 2322 2341 2357 2374 2384 2389 2394 2399 2404 2407 2410 2412 2413 2414 2413 2411 2409 2407 2405 2404 2402 2399 2397 2393 2390 2387 2385 2383 2380 2376 2373 2369 2364 2360 2356 2353 2350 2346 2344 2342 2341 2338 2333 2327 2322 2318 2315 2312 2307 2302 2297 2292 2286 2281 2278 2275 2272 2267 2263 2258 2253 2247 2240 2231 2220 2207 2195 2183 2173 2166 2159 2152 2145 2136 2128 2118 2107 2098 2089 2076 2063 2049 2037 2026 2015 2006 1996 1987 1979 1971 1964 1957 1949 1941 1931 1922 1913 1902 1893 1882 1872 1861 1849 1837 1825 1811 1798 1784 1772 1762 1756 1752 1749 1745 1742 1739 1735 1732 1728 1724 1722 1720 1717 1714 1710 1706 1704 1703 1702 1701 1701 1699 1698 1698 1698 1698 1699 1699 1699 1698 1698 1697 1696 1695 1695 1695 1695 1695 1695 1695 1695 1694 1694 1694 1694 1695 1695 1696 1696 1696 1694 1692 1692 1691 1691 1694 1698 1703 1708 1714 1721 1727 1734 1740 1745 1751 1756 1761 1766 1771 1778 1786 1796 1807 1818 1828
2703 2706 2708 2713 2721 2727 2734 2745 2759 2769 2771 2771 2774 2778 2782 2784 2781 2772 2761 2752 2744 2739 2734 2728 2722 2713 2704 2694 2685 2680 2675 2670 2664 2656 2648 2641 2631 2622 2610 2596 2582 2564 2544 2523 2502 2485 2470 2454 2437 2417 2398 2380 2365 2352 2339 2328 2318 2307 2298 2290 2282 2277 2273 2270 2269 2274 2285 2299 2310 2325 2348 2366 2380 2392 2399 2402 2404 2406 2408 2409 2410 2409 2408 2407 2405 2403 2401 2398 2397 2395 2393 2391 2388 2385 2381 2378 2375 2373 2370 2367 2364 2360 2356 2352 2348 2345 2341 2338 2335 2333 2331 2328 2323 2319 2314 2309 2306 2302 2298 2293 2287 2282 2276 2272 2270 2268 2266 2263 2261 2258 2254 2249 2243 2233 2223 2210 2197 2187 2177 2170 2164 2157 2150 2140 2130 2118 2105 2095 2084 2072 2060 2047 2035 2025 2015 2007 1998 1990 1982 1973 1964 1955 1946 1937 1926 1917 1907 1897 1887 1875 1864 1853 1840 1829 1817 1804 1792 1779 1768 1760 1754 1751 1748 1744 1741 1737 1734 1730 1726 1723 1721 1719 1716 1711 1708 1705 1703 1702 1702 1701 1700 1699 1698 1698 1698 1698 1698 1699 1698 1698 1697 1696 1695 1695 1695 1695 1695 1695 1695 1695 1695 1694 1694 1694 1695 1695 1696 1696 1696 1695 1693 1692 1691 1691 1692 1695 1699 1704 1710 1716 1723 1730 1736 1742 1748 1754 1760 1765 1771 1777 1784 1793 1803 1815 1827 1838
2720 2725 2731 2738 2744 2751 2759 2769 2777 2781 2780 2778 2779 2778 2777 2774 2768 2757 2744 2735 2729 2725 2721 2716 2710 2702 2692 2681 2671 2663 2657 2652 2646 2640 2633 2627 2619 2610 2599 2585 2572 2556 2538 2518 2498 2483 2467 2452 2436 2416 2396 2378 2363 2351 2339 2329 2321 2311 2302 2293 2286 2281 2279 2278 2281 2289 2303 2320 2337 2353 2372 2386 2397 2404 2407 2409 2410 2411 2411 2410 2410 2407 2404 2401 2399 2396 2393 2390 2388 2385 2383 2380 2377 2372 2368 2364 2362 2359 2357 2355 2352 2349 2345 2341 2338 2334 2331 2327 2324 2321 2319 2316 2312 2308 2304 2299 2295 2291 2287 2281 2276 2270 2266 2263 2261 2259 2259 2258 2257 2255 2252 2248 2242 2232 2222 2210 2198 2188 2180 2173 2167 2159 2151 2140 2128 2115 2101 2090 2079 2067 2056 2044 2033 2024 2015 2008 1999 1991 1982 1971 1961 1950 1940 1931 1920 1911 1900 1889 1878 1866 1853 1842 1830 1819 1808 1796 1786 1775 1765 1758 1753 1749 1745 1742 1739 1735 1731 1727 1723 1721 1719 1716 1713 1708 1705 1703 1702 1702 1701 1700 1700 1699 1698 1698 1698 1698 1698 1698 1697 1696 1696 1695 1695 1695 1695 1695 1695 1695 1695 1695 1695 1694 1694 1695 1695 1696 1696 1695 1694 1693 1692 1692 1691 1692 1693 1697 1702 1708 1714 1720 1727 1733 1739 1746 1752 1759 1766 1771 1778 1784 1792 1802 1812 1824 1836 1849
2738 2745 2753 2759 2763 2769 2775 2782 2786 2786 2784 2781 2779 2775 2769 2762 2753 2742 2731 2723 2718 2714 2711 2705 2700 2692 2682 2671 2659 2649 2641 2634 2628 2623 2618 2613 2606 2598 2587 2575 2563 2548 2532 2514 2495 2480 2466 2451 2435 2416 2397 2378 2362 2350 2339 2330 2322 2313 2305 2296 2289 2285 2283 2284 2290 2302 2318 2338 2358 2374 2387 2398 2405 2409 2410 2413 2414 2414 2413 2412 2410 2406 2403 2399 2396 2392 2388 2384 2380 2377 2374 2370 2366 2360 2355 2351 2348 2346 2344 2343 2341 2339 2336 2332 2328 2325 2321 2317 2314 2310 2308 2306 2302 2299 2295 2291 2286 2281 2276 2271 2265 2261 2258 2255 2253 2252 2251 2251 2250 2249 2246 2242 2236 2227 2217 2206 2196 2187 2179 2173 2166 2157 2148 2136 2123 2110 2095 2084 2073 2062 2052 2041 2032 2024 2015 2008 1999 1990 1980 1968 1956 1944 1934 1925 1915 1905 1894 1881 1869 1856 1843 1832 1820 1811 1801 1791 1781 1772 1764 1757 1752 1748 1743 1739 1735 1731 1728 1724 1721 1718 1716 1713 1709 1705 1703 1702 1701 1701 1700 1700 1699 1699 1699 1698 1698 1698 1698 1697 1697 1696 1695 1695 1695 1694 1694 1694 1694 1695 1695 1695 1695 1695 1694 1695 1695 1695 1695 1694 1692 1691 1691 1691 1691 1692 1695 1700 1705 1710 1717 1723 1729 1735 1741 1749 1756 1763 1770 1777 1784 1791 1799 1809 1819 1832 1844 1858
2762 2770 2777 2780 2781 2782 2785 2787 2788 2786 2782 2779 2774 2768 2759 2749 2738 2728 2718 2712 2707 2704 2700 2695 2690 2682 2672 2661 2648 2636 2626 2617 2611 2606 2603 2599 2592 2584 2575 2564 2554 2540 2525 2508 2491 2477 2463 2449 2434 2417 2398 2379 2363 2351 2340 2332 2325 2317 2309 2301 2295 2290 2289 2292 2301 2315 2334 2357 2376 2388 2398 2405 2410 2412 2414 2416 2418 2418 2416 2414 2411 2407 2403 2398 2394 2388 2382 2376 2371 2366 2362 2356 2351 2346 2340 2336 2333 2331 2329 2329 2328 2326 2324 2321 2317 2314 2310 2305 2302 2299 2297 2294 2292 2289 2285 2281 2277 2270 2265 2260 2255 2252 2249 2247 2245 2244 2243 2243 2241 2240 2236 2232 2226 2218 2210 2201 2192 2185 2177 2170 2163 2153 2143 2130 2117 2103 2089 2077 2066 2056 2047 2038 2030 2023 2015 2008 1998 1987 1975 1962 1949 1936 1925 1916 1906 1896 1885 1871 1858 1844 1832 1821 1811 1802 1794 1785 1777 1769 1762 1756 1750 1745 1740 1735 1731 1727 1724 1721 1717 1714 1711 1708 1705 1702 1701 1700 1700 1700 1700 1699 1699 1699 1699 1698 1698 1697 1697 1697 1696 1695 1695 1694 1694 1694 1694 1694 1694 1694 1695 1695 1695 1695 1695 1694 1694 1693 1693 1692 1691 1691 1691 1691 1690 1693 1697 1703 1708 1714 1720 1727 1733 1739 1745 1753 1760 1768 1776 1783 1791 1798 1807 1817 1827 1840 1853 1867
2786 2792 2795 2794 2791 2788 2786 2784 2782 2779 2776 2772 2766 2759 2749 2737 2727 2717 2709 2704 2699 2695 2691 2686 2681 2673 2664 2652 2640 2627 2616 2605 2598 2593 2589 2585 2579 2572 2564 2555 2546 2533 2519 2503 2487 2473 2460 2447 2433 2417 2400 2382 2365 2354 2343 2335 2327 2320 2314 2307 2302 2297 2296 2300 2310 2327 2348 2371 2387 2396 2403 2407 2411 2414 2416 2419 2420 2421 2419 2416 2413 2410 2406 2399 2393 2385 2376 2369 2361 2354 2348 2342 2336 2331 2325 2321 2318 2316 2314 2314 2314 2313 2311 2309 2306 2303 2299 2295 2292 2289 2287 2286 2283 2280 2276 2273 2268 2262 2255 2250 2247 2245 2243 2241 2239 2237 2235 2234 2232 2229 2225 2221 2216 2209 2202 2195 2188 2181 2174 2167 2158 2147 2136 2123 2109 2096 2082 2071 2060 2050 2043 2035 2028 2022 2014 2006 1995 1983 1969 1954 1941 1928 1916 1906 1896 1886 1874 1860 1847 1833 1821 1812 1803 1796 1789 1782 1775 1767 1760 1754 1747 1741 1736 1731 1727 1723 1720 1717 1713 1709 1705 1703 1701 1700 1699 1699 1699 1699 1699 1699 1699 1699 1699 1698 1697 1697 1696 1696 1696 1695 1695 1694 1694 1694 1694 1694 1694 1694 1695 1695 1695 1695 1695 1694 1692 1692 1691 1691 1691 1691 1692 1691 1691 1695 1700 1706 1712 1718 1725 1731 1738 1744 1750 1758 1765 1773 1782 1789 1798 1806 1815 1825 1835 1847 1861 1876
2806 2808 2806 2801 2795 2790 2785 2780 2776 2771 2767 2763 2757 2749 2740 2729 2719 2710 2703 2697 2692 2688 2683 2678 2673 2665 2656 2645 2633 2621 2609 2597 2589 2582 2578 2573 2567 2561 2554 2546 2538 2526 2512 2497 2482 2469 2456 2444 2432 2418 2403 2386 2370 2358 2348 2339 2331 2325 2320 2315 2311 2307 2305 2309 2321 2339 2361 2382 2395 2401 2407 2410 2414 2416 2418 2420 2422 2422 2420 2418 2415 2412 2407 2400 2391 2381 2371 2361 2351 2342 2335 2328 2322 2316 2310 2306 2303 2300 2299 2298 2298 2298 2298 2297 2295 2292 2289 2286 2284 2281 2280 2278 2276 2273 2268 2264 2260 2253 2247 2242 2239 2238 2237 2235 2233 2230 2227 2225 2222 2219 2215 2211 2206 2201 2196 2190 2184 2178 2170 2162 2153 2141 2129 2115 2101 2089 2076 2065 2054 2045 2038 2032 2027 2021 2013 2004 1991 1978 1963 1947 1932 1918 1905 1895 1885 1875 1863 1849 1835 1822 1811 1803 1796 1790 1784 1778 1772 1765 1758 1751 1744 1737 1731 1726 1723 1720 1717 1714 1709 1704 1701 1699 1699 1698 1698 1697 1698 1698 1698 1698 1699 1699 1698 1698 1697 1696 1696 1695 1695 1695 1695 1694 1694 1694 1693 1693 1694 1694 1695 1695 1695 1695 1695 1694 1692 1691 1691 1692 1692 1693 1694 1694 1694 1698 1704 1710 1717 1723 1731 1738 1746 1752 1757 1764 1771 1779 1788 1796 1806 1814 1823 1833 1843 1856 1870 1885
2823 2819 2812 2805 2797 2791 2785 2778 2771 2765 2759 2755 2749 2742 2733 2723 2714 2705 2697 2691 2686 2681 2677 2671 2665 2657 2647 2637 2625 2614 2603 2592 2583 2575 2568 2562 2556 2550 2545 2538 2530 2518 2505 2491 2476 2464 2452 2441 2431 2419 2405 2391 2377 2365 2354 2345 2338 2333 2330 2327 2324 2320 2319 2322 2333 2351 2371 2388 2399 2405 2410 2413 2417 2418 2420 2422 2422 2422 2420 2418 2415 2412 2407 2398 2388 2377 2365 2354 2342 2331 2323 2315 2309 2302 2297 2292 2288 2285 2282 2282 2282 2282 2282 2283 2282 2281 2279 2277 2276 2274 2273 2271 2268 2264 2259 2255 2250 2243 2237 2233 2231 2231 2230 2228 2226 2222 2218 2215 2212 2209 2205 2202 2199 2195 2191 2186 2181 2175 2166 2157 2146 2133 2121 2107 2094 2081 2069 2059 2050 2041 2035 2029 2025 2019 2011 2001 1987 1972 1957 1939 1922 1907 1893 1882 1871 1861 1849 1836 1824 1812 1802 1795 1789 1784 1779 1774 1769 1762 1755 1748 1739 1733 1727 1722 1719 1717 1714 1710 1704 1700 1698 1697 1697 1697 1696 1696 1696 1697 1697 1698 1698 1698 1698 1698 1697 1696 1695 1695 1695 1695 1695 1695 1694 1694 1693 1694 1694 1695 1695 1696 1696 1695 1695 1694 1693 1692 1692 1693 1694 1695 1696 1697 1699 1704 1710 1717 1725 1733 1742 1750 1759 1765 1770 1775 1781 1789 1797 1806 1816 1824 1833 1843 1853 1867 1881 1897
2831 2824 2815 2806 2798 2790 2784 2776 2768 2761 2755 2750 2743 2736 2728 2720 2711 2702 2694 2687 2681 2676 2671 2665 2658 2650 2639 2629 2619 2609 2598 2588 2578 2568 2560 2554 2547 2542 2537 2531 2523 2511 2499 2485 2471 2460 2448 2439 2430 2419 2407 2394 2382 2372 2361 2353 2347 2343 2341 2339 2337 2334 2333 2335 2344 2359 2374 2388 2398 2404 2410 2414 2417 2419 2420 2422 2422 2421 2420 2418 2415 2411 2405 2396 2385 2373 2360 2348 2336 2324 2314 2306 2299 2293 2287 2282 2277 2272 2269 2267 2267 2267 2269 2270 2271 2272 2271 2270 2269 2268 2267 2265 2261 2256 2251 2246 2241 2235 2230 2227 2225 2224 2224 2222 2219 2215 2211 2207 2204 2202 2199 2196 2194 2191 2188 2184 2178 2171 2162 2151 2139 2126 2113 2099 2087 2075 2065 2056 2047 2039 2033 2027 2023 2018 2010 1999 1984 1968 1951 1931 1913 1897 1881 1870 1859 1849 1838 1825 1814 1803 1794 1788 1782 1778 1775 1771 1766 1759 1752 1744 1735 1728 1723 1719 1716 1714 1711 1706 1701 1698 1697 1697 1696 1696 1696 1696 1696 1696 1697 1697 1698 1698 1698 1697 1696 1696 1695 1695 1695 1695 1695 1695 1695 1694 1694 1694 1695 1695 1696 1696 1696 1696 1695 1694 1693 1693 1693 1694 1695 1696 1698 1700 1704 1710 1717 1726 1734 1744 1754 1765 1775 1782 1785 1789 1793 1800 1808 1816 1825 1834 1843 1853 1864 1877 1891 1907
2839 2830 2821 2812 2803 2795 2788 2778 2770 2763 2756 2750 2742 2735 2727 2719 2710 2701 2692 2685 2678 2672 2667 2660 2652 2642 2632 2622 2612 2603 2593 2583 2573 2562 2553 2546 2540 2535 2530 2523 2516 2505 2493 2481 2468 2457 2446 2437 2429 2419 2409 2399 2389 2380 2371 2364 2359 2357 2355 2354 2353 2351 2350 2352 2357 2366 2377 2387 2396 2402 2408 2412 2415 2417 2418 2419 2419 2418 2417 2414 2411 2406 2400 2391 2380 2368 2355 2343 2331 2319 2308 2298 2291 2285 2278 2272 2266 2260 2255 2252 2251 2251 2254 2256 2259 2260 2260 2261 2260 2259 2258 2256 2251 2245 2239 2234 2230 2224 2220 2218 2216 2215 2214 2212 2209 2205 2201 2198 2196 2195 2193 2191 2190 2188 2185 2181 2174 2166 2155 2143 2129 2115 2103 2090 2078 2068 2059 2051 2043 2036 2030 2025 2021 2016 2007 1996 1980 1962 1943 1922 1903 1884 1868 1857 1846 1836 1826 1814 1804 1794 1786 1780 1774 1772 1769 1766 1762 1755 1747 1739 1730 1724 1718 1715 1713 1710 1706 1702 1698 1697 1696 1696 1695 1695 1695 1695 1695 1696 1697 1697 1697 1697 1697 1697 1696 1696 1695 1695 1695 1695 1695 1695 1696 1695 1695 1695 1696 1696 1696 1697 1697 1696 1696 1695 1694 1694 1694 1695 1696 1698 1701 1705 1711 1719 1728 1739 1749 1761 1773 1786 1797 1803 1806 1808 1811 1816 1823 1830 1838 1846 1856 1866 1877 1890 1904 1920
2845 2836 2826 2818 2810 2801 2793 2784 2777 2770 2762 2755 2747 2739 2731 2721 2712 2702 2692 2685 2677 2671 2664 2656 2648 2637 2626 2617 2607 2599 2590 2580 2570 2560 2550 2542 2536 2531 2525 2518 2511 2501 2490 2479 2467 2456 2446 2437 2429 2420 2412 2403 2395 2387 2380 2375 2372 2370 2368 2367 2366 2365 2364 2365 2367 2371 2377 2386 2394 2400 2405 2408 2411 2413 2414 2414 2414 2413 2411 2408 2405 2400 2394 2385 2375 2362 2349 2339 2328 2317 2306 2295 2287 2280 2273 2266 2258 2251 2245 2240 2238 2239 2241 2245 2248 2250 2251 2251 2251 2251 2249 2246 2241 2234 2228 2223 2219 2214 2211 2209 2207 2206 2204 2202 2198 2195 2192 2191 2190 2190 2189 2189 2188 2186 2183 2178 2170 2159 2147 2134 2120 2106 2094 2082 2072 2063 2055 2048 2041 2034 2028 2023 2019 2013 2005 1993 1975 1956 1935 1913 1893 1874 1857 1846 1836 1827 1817 1806 1796 1787 1779 1773 1768 1766 1765 1762 1758 1751 1743 1735 1726 1720 1715 1713 1710 1706 1702 1699 1697 1696 1696 1696 1695 1695 1695 1695 1695 1696 1696 1696 1696 1696 1696 1696 1696 1695 1695 1695 1694 1694 1695 1695 1696 1695 1695 1695 1696 1697 1697 1697 1697 1697 1696 1695 1695 1694 1694 1695 1697 1700 1704 1709 1719 1729 1741 1754 1766 1779 1793 1807 1819 1825 1826 1826 1828 1832 1838 1844 1851 1859 1868 1878 1889 1903 1917 1933
2856 2846 2836 2829 2820 2811 2803 2794 2788 2781 2773 2766 2758 2749 2739 2728 2718 2707 2697 2689 2680 2673 2665 2656 2646 2635 2624 2615 2606 2599 2590 2581 2571 2561 2550 2541 2534 2528 2521 2514 2507 2498 2489 2479 2468 2458 2448 2439 2432 2423 2416 2409 2403 2397 2392 2388 2386 2384 2382 2381 2380 2379 2377 2377 2377 2378 2382 2388 2394 2399 2402 2403 2405 2406 2406 2406 2405 2403 2401 2398 2395 2390 2384 2376 2366 2355 2343 2333 2322 2312 2302 2291 2283 2275 2267 2260 2251 2242 2235 2229 2226 2226 2228 2232 2235 2237 2239 2239 2239 2238 2237 2233 2227 2221 2215 2210 2206 2201 2199 2197 2195 2194 2191 2189 2186 2184 2183 2182 2183 2184 2185 2186 2185 2183 2180 2173 2162 2150 2136 2121 2107 2093 2083 2072 2064 2057 2049 2043 2036 2030 2025 2019 2014 2009 2000 1987 1967 1946 1924 1902 1882 1863 1848 1837 1827 1818 1808 1798 1789 1780 1773 1768 1764 1762 1761 1758 1754 1748 1740 1731 1723 1717 1712 1709 1706 1702 1699 1698 1697 1696 1696 1695 1695 1695 1695 1695 1695 1696 1696 1696 1695 1695 1696 1696 1696 1695 1695 1695 1694 1694 1694 1694 1695 1695 1695 1695 1697 1698 1699 1699 1699 1698 1697 1696 1695 1694 1695 1697 1699 1703 1709 1718 1730 1743 1757 1773 1787 1802 1817 1830 1841 1846 1846 1845 1846 1850 1855 1860 1866 1873 1882 1892 1903 1917 1932 1947
2870 2860 2851 2843 2833 2823 2815 2808 2803 2797 2788 2781 2772 2762 2751 2738 2727 2716 2705 2696 2687 2679 2670 2660 2649 2638 2627 2618 2609 2602 2594 2586 2577 2566 2555 2545 2536 2528 2521 2514 2507 2499 2491 2482 2472 2463 2453 2444 2437 2429 2423 2417 2412 2408 2404 2401 2398 2396 2395 2394 2392 2390 2388 2387 2386 2386 2388 2392 2396 2399 2399 2398 2398 2398 2398 2396 2394 2392 2388 2385 2382 2377 2372 2366 2357 2347 2336 2327 2317 2309 2299 2289 2280 2271 2262 2254 2244 2235 2226 2220 2216 2215 2216 2219 2222 2224 2226 2226 2226 2226 2224 2220 2215 2209 2204 2198 2193 2189 2186 2184 2182 2180 2178 2176 2174 2173 2173 2174 2176 2179 2181 2183 2182 2180 2175 2165 2153 2139 2123 2108 2094 2081 2071 2062 2055 2048 2042 2036 2029 2024 2018 2013 2008 2002 1993 1979 1958 1935 1913 1891 1872 1855 1840 1830 1820 1812 1802 1792 1783 1775 1769 1764 1761 1759 1758 1755 1751 1745 1737 1729 1721 1715 1710 1706 1703 1699 1698 1697 1697 1696 1695 1695 1695 1694 1695 1695 1696 1696 1696 1695 1694 1695 1695 1695 1695 1695 1695 1695 1694 1694 1694 1694 1694 1694 1695 1696 1699 1700 1701 1701 1700 1699 1698 1696 1695 1695 1696 1698 1702 1708 1717 1728 1743 1758 1774 1792 1808 1823 1838 1850 1860 1862 1862 1862 1863 1867 1871 1876 1882 1888 1896 1906 1917 1932 1946 1962
2886 2877 2868 2859 2848 2837 2830 2825 2821 2815 2806 2798 2787 2776 2764 2750 2738 2727 2716 2707 2697 2689 2679 2668 2657 2645 2634 2625 2616 2609 2602 2594 2585 2574 2562 2551 2541 2532 2524 2516 2510 2503 2495 2487 2478 2469 2459 2451 2443 2436 2431 2427 2423 2420 2416 2413 2409 2407 2406 2405 2403 2401 2398 2397 2396 2394 2395 2397 2399 2399 2397 2395 2393 2391 2389 2386 2383 2379 2375 2372 2368 2363 2359 2354 2348 2340 2331 2323 2313 2305 2297 2286 2277 2267 2257 2248 2238 2228 2219 2212 2207 2205 2205 2207 2209 2211 2213 2214 2215 2214 2212 2209 2204 2200 2194 2188 2182 2176 2173 2170 2168 2167 2164 2163 2163 2163 2164 2166 2170 2174 2178 2180 2179 2175 2168 2156 2142 2126 2110 2095 2082 2070 2060 2051 2044 2038 2031 2025 2019 2014 2010 2005 2000 1994 1984 1970 1948 1925 1903 1881 1864 1848 1835 1825 1815 1807 1798 1787 1779 1771 1766 1763 1760 1758 1755 1752 1749 1743 1735 1727 1719 1713 1708 1704 1700 1698 1697 1697 1697 1696 1695 1695 1694 1694 1695 1695 1696 1696 1695 1694 1694 1694 1695 1695 1695 1695 1695 1695 1694 1694 1694 1694 1694 1695 1697 1699 1701 1702 1703 1703 1702 1701 1699 1698 1696 1696 1697 1701 1706 1714 1726 1740 1757 1775 1792 1810 1826 1842 1856 1866 1873 1875 1875 1875 1877 1881 1885 1890 1896 1902 1909 1919 1931 1946 1961 1976
2900 2894 2886 2876 2864 2853 2846 2843 2840 2835 2826 2817 2805 2792 2779 2765 2753 2742 2731 2721 2711 2702 2692 2680 2669 2657 2645 2636 2627 2619 2612 2605 2596 2584 2572 2560 2548 2539 2529 2521 2515 2508 2501 2493 2484 2475 2466 2458 2452 2446 2442 2438 2435 2433 2429 2425 2421 2419 2418 2417 2415 2413 2410 2408 2406 2405 2403 2403 2402 2401 2397 2393 2389 2385 2381 2376 2371 2367 2362 2357 2352 2348 2344 2340 2336 2331 2324 2317 2308 2300 2292 2282 2273 2263 2253 2243 2232 2222 2212 2204 2199 2194 2192 2192 2193 2196 2198 2200 2202 2203 2201 2199 2196 2192 2186 2179 2172 2164 2159 2155 2153 2152 2151 2151 2152 2154 2156 2159 2164 2169 2174 2176 2175 2169 2159 2145 2128 2112 2094 2080 2067 2055 2046 2036 2028 2021 2014 2009 2004 2000 1996 1993 1989 1983 1972 1957 1937 1914 1893 1872 1856 1843 1830 1820 1810 1802 1793 1783 1775 1769 1765 1762 1760 1757 1753 1750 1747 1741 1734 1726 1719 1713 1707 1701 1698 1697 1697 1697 1697 1696 1695 1695 1694 1694 1695 1695 1696 1696 1695 1694 1694 1694 1694 1695 1695 1695 1695 1695 1695 1695 1694 1695 1696 1698 1700 1702 1703 1705 1705 1705 1704 1703 1702 1700 1699 1699 1701 1706 1713 1724 1738 1754 1773 1792 1810 1829 1844 1859 1871 1879 1884 1886 1887 1889 1891 1895 1900 1905 1912 1918 1925 1935 1947 1962 1977 1992
2906 2904 2898 2890 2879 2867 2860 2858 2856 2851 2844 2835 2823 2810 2796 2780 2768 2757 2746 2736 2726 2716 2705 2692 2681 2669 2657 2647 2637 2630 2623 2615 2606 2594 2582 2570 2557 2546 2536 2527 2520 2513 2506 2498 2489 2481 2473 2466 2460 2455 2452 2449 2447 2444 2440 2436 2433 2430 2429 2428 2425 2422 2419 2417 2415 2413 2411 2409 2406 2402 2397 2391 2386 2380 2374 2368 2362 2357 2351 2345 2339 2334 2331 2327 2325 2321 2316 2311 2303 2295 2288 2279 2270 2261 2250 2239 2228 2218 2208 2199 2192 2186 2181 2179 2179 2181 2184 2188 2192 2194 2195 2194 2192 2188 2182 2173 2164 2155 2148 2143 2140 2140 2140 2142 2145 2148 2151 2155 2160 2166 2171 2173 2170 2162 2150 2134 2116 2099 2081 2067 2053 2041 2030 2019 2011 2004 1997 1991 1987 1984 1983 1980 1978 1972 1960 1946 1926 1905 1885 1866 1851 1838 1826 1816 1806 1798 1789 1780 1773 1768 1765 1762 1759 1756 1753 1750 1746 1740 1733 1726 1719 1712 1706 1700 1697 1697 1698 1697 1697 1696 1695 1695 1694 1694 1695 1696 1697 1696 1695 1694 1694 1694 1695 1695 1695 1695 1695 1695 1695 1695 1696 1697 1698 1700 1703 1704 1706 1707 1707 1708 1708 1707 1705 1704 1703 1704 1706 1713 1722 1735 1751 1767 1787 1807 1825 1843 1857 1870 1881 1888 1892 1895 1896 1899 1902 1907 1912 1918 1926 1932 1940 1950 1961 1976 1990 2004
2906 2907 2906 2900 2891 2879 2872 2870 2870 2867 2860 2852 2843 2831 2816 2798 2784 2773 2762 2752 2741 2730 2718 2704 2692 2680 2669 2658 2647 2640 2633 2624 2614 2602 2591 2579 2565 2553 2542 2533 2526 2518 2511 2503 2495 2487 2480 2474 2469 2465 2462 2460 2459 2457 2453 2449 2447 2444 2442 2440 2437 2433 2430 2427 2425 2423 2420 2415 2410 2404 2397 2391 2384 2377 2370 2362 2355 2348 2341 2334 2327 2321 2316 2313 2310 2308 2305 2300 2294 2288 2281 2272 2265 2257 2246 2236 2224 2214 2204 2194 2185 2176 2169 2165 2163 2164 2168 2173 2179 2184 2187 2188 2187 2184 2177 2167 2156 2145 2136 2130 2127 2127 2128 2132 2136 2141 2145 2150 2156 2162 2167 2167 2162 2152 2139 2121 2102 2083 2065 2050 2036 2021 2009 1998 1989 1982 1975 1969 1966 1965 1965 1964 1962 1956 1946 1932 1913 1894 1875 1858 1845 1832 1820 1810 1801 1792 1784 1776 1771 1767 1764 1761 1758 1755 1752 1748 1744 1738 1731 1725 1718 1711 1704 1699 1696 1697 1697 1697 1697 1696 1695 1695 1694 1694 1695 1696 1697 1697 1696 1695 1695 1695 1695 1696 1696 1696 1696 1696 1696 1697 1697 1699 1701 1703 1705 1706 1707 1709 1710 1711 1712 1711 1710 1708 1708 1711 1715 1724 1735 1749 1766 1783 1803 1822 1841 1858 1870 1882 1891 1898 1903 1906 1909 1912 1916 1921 1926 1933 1942 1950 1958 1968 1979 1992 2006 2018
2904 2907 2908 2905 2898 2885 2878 2878 2881 2879 2871 2864 2857 2846 2831 2813 2800 2788 2777 2766 2754 2741 2728 2713 2701 2689 2678 2668 2656 2648 2641 2630 2620 2609 2598 2586 2571 2559 2548 2539 2531 2522 2514 2506 2499 2492 2486 2481 2477 2473 2471 2470 2468 2466 2464 2461 2458 2456 2453 2449 2446 2443 2439 2436 2434 2431 2427 2421 2414 2407 2400 2392 2384 2376 2368 2359 2351 2343 2335 2327 2319 2311 2305 2300 2297 2295 2292 2289 2285 2279 2273 2266 2260 2252 2243 2234 2223 2213 2203 2191 2180 2169 2159 2153 2149 2149 2153 2159 2166 2173 2179 2183 2184 2181 2173 2162 2150 2138 2128 2120 2116 2116 2118 2123 2129 2135 2141 2147 2154 2160 2163 2161 2155 2143 2129 2110 2089 2069 2049 2033 2018 2002 1990 1978 1970 1963 1955 1950 1947 1946 1947 1947 1945 1940 1930 1918 1901 1883 1867 1852 1840 1827 1815 1805 1795 1787 1780 1773 1770 1766 1763 1760 1756 1754 1751 1747 1741 1735 1729 1723 1717 1710 1703 1698 1696 1696 1697 1697 1696 1695 1695 1695 1694 1694 1695 1697 1698 1697 1697 1696 1695 1695 1696 1696 1696 1696 1696 1696 1696 1697 1698 1699 1702 1704 1705 1706 1708 1710 1712 1714 1715 1715 1714 1713 1714 1718 1725 1735 1748 1763 1780 1796 1815 1834 1852 1868 1879 1889 1898 1905 1911 1915 1918 1923 1927 1932 1939 1946 1956 1965 1975 1985 1996 2007 2019 2030
2904 2907 2907 2906 2900 2885 2878 2883 2891 2891 2882 2872 2865 2855 2842 2827 2814 2802 2790 2779 2765 2751 2736 2720 2708 2696 2686 2676 2665 2656 2647 2636 2625 2614 2603 2591 2576 2564 2553 2544 2536 2526 2518 2510 2503 2498 2492 2488 2485 2482 2480 2478 2477 2476 2473 2471 2468 2466 2463 2459 2456 2452 2448 2445 2442 2439 2434 2427 2419 2412 2404 2396 2386 2377 2368 2358 2349 2341 2331 2322 2312 2304 2296 2289 2284 2281 2278 2275 2272 2268 2263 2257 2252 2245 2238 2230 2220 2211 2201 2189 2176 2163 2151 2141 2136 2134 2137 2143 2151 2160 2168 2174 2177 2175 2167 2156 2143 2130 2118 2110 2105 2104 2106 2112 2119 2127 2135 2143 2150 2155 2156 2153 2145 2132 2117 2096 2074 2052 2031 2014 1998 1982 1970 1959 1951 1944 1937 1931 1928 1927 1927 1926 1925 1920 1912 1901 1887 1872 1858 1844 1833 1820 1809 1799 1790 1782 1775 1770 1767 1764 1760 1757 1754 1752 1749 1743 1737 1731 1726 1721 1715 1708 1700 1696 1695 1695 1696 1696 1696 1695 1695 1694 1694 1695 1696 1697 1698 1698 1697 1696 1696 1696 1696 1696 1696 1696 1696 1696 1696 1696 1697 1698 1701 1703 1705 1706 1708 1710 1714 1716 1718 1719 1719 1719 1722 1727 1736 1748 1763 1778 1795 1810 1828 1845 1862 1877 1888 1897 1905 1913 1919 1924 1929 1934 1940 1946 1953 1962 1972 1982 1994 2005 2014 2025 2034 2044
2901 2902 2900 2901 2897 2882 2876 2886 2897 2898 2889 2878 2870 2860 2849 2837 2825 2813 2800 2788 2772 2756 2740 2724 2711 2700 2690 2682 2671 2661 2650 2638 2627 2615 2604 2593 2579 2568 2557 2548 2540 2530 2522 2514 2508 2503 2498 2495 2492 2489 2487 2486 2484 2483 2481 2478 2476 2473 2470 2467 2464 2460 2457 2453 2450 2446 2440 2433 2425 2418 2409 2401 2391 2380 2371 2360 2350 2340 2329 2320 2309 2299 2289 2279 2273 2267 2263 2261 2258 2255 2252 2247 2242 2237 2231 2225 2217 2209 2199 2187 2173 2158 2144 2133 2125 2122 2123 2128 2135 2145 2154 2162 2167 2166 2158 2147 2135 2121 2110 2100 2094 2092 2094 2099 2108 2118 2127 2137 2144 2147 2147 2143 2134 2120 2103 2081 2057 2035 2013 1995 1979 1965 1955 1945 1937 1930 1922 1916 1912 1909 1908 1906 1904 1900 1893 1884 1872 1860 1848 1836 1825 1814 1803 1794 1785 1778 1772 1768 1765 1761 1758 1754 1752 1749 1745 1739 1733 1727 1721 1717 1711 1705 1698 1695 1694 1694 1695 1695 1695 1695 1694 1694 1695 1695 1696 1698 1698 1698 1697 1696 1696 1696 1696 1696 1695 1695 1696 1696 1695 1695 1695 1697 1699 1702 1704 1706 1708 1711 1715 1718 1721 1722 1724 1726 1730 1736 1747 1762 1777 1793 1809 1823 1839 1855 1871 1885 1896 1904 1913 1920 1927 1933 1939 1946 1952 1960 1968 1977 1989 2000 2013 2024 2034 2043 2051 2060
2893 2892 2890 2891 2890 2880 2877 2888 2899 2902 2894 2884 2875 2865 2855 2844 2833 2821 2808 2793 2775 2758 2742 2725 2713 2702 2694 2685 2674 2663 2651 2637 2626 2614 2604 2593 2581 2571 2561 2552 2543 2534 2526 2519 2512 2508 2503 2500 2498 2495 2493 2491 2489 2487 2485 2483 2481 2478 2476 2473 2470 2467 2463 2460 2457 2452 2446 2438 2431 2424 2415 2407 2397 2386 2376 2364 2353 2342 2330 2320 2308 2296 2284 2272 2263 2256 2251 2248 2245 2243 2240 2236 2232 2228 2223 2219 2213 2206 2197 2184 2171 2155 2139 2126 2117 2113 2112 2115 2121 2131 2140 2149 2155 2155 2149 2139 2127 2114 2102 2092 2085 2081 2082 2087 2096 2107 2118 2128 2135 2138 2137 2132 2122 2107 2089 2065 2040 2017 1995 1978 1963 1952 1944 1935 1927 1919 1911 1904 1899 1894 1891 1888 1885 1882 1876 1869 1859 1849 1839 1829 1818 1808 1798 1789 1781 1775 1770 1766 1763 1759 1755 1752 1749 1745 1740 1734 1728 1722 1717 1713 1708 1702 1697 1694 1694 1694 1694 1695 1695 1695 1694 1695 1695 1695 1697 1698 1698 1697 1697 1696 1696 1696 1696 1695 1695 1695 1696 1696 1695 1695 1695 1696 1699 1702 1705 1707 1709 1713 1717 1720 1723 1726 1730 1733 1738 1746 1759 1776 1791 1806 1821 1834 1849 1863 1878 1892 1902 1912 1920 1927 1935 1942 1949 1957 1964 1973 1982 1993 2006 2018 2031 2043 2052 2060 2068 2076
2879 2877 2876 2878 2879 2876 2878 2887 2897 2900 2895 2887 2879 2869 2858 2846 2835 2823 2809 2793 2774 2756 2740 2724 2712 2702 2694 2685 2673 2661 2648 2634 2623 2611 2602 2592 2582 2573 2564 2555 2547 2538 2530 2523 2517 2513 2509 2506 2503 2501 2498 2496 2493 2491 2489 2487 2485 2483 2481 2478 2476 2473 2470 2467 2464 2458 2452 2444 2437 2430 2422 2414 2404 2392 2381 2368 2356 2344 2331 2320 2307 2294 2280 2266 2255 2246 2239 2235 2231 2228 2225 2222 2219 2216 2213 2210 2205 2199 2192 2180 2167 2151 2135 2121 2111 2105 2103 2103 2107 2116 2125 2133 2139 2140 2136 2127 2116 2103 2092 2082 2075 2070 2069 2073 2082 2093 2104 2114 2121 2124 2122 2116 2106 2090 2070 2045 2020 1998 1978 1962 1950 1941 1934 1925 1917 1909 1900 1893 1887 1881 1876 1872 1868 1865 1860 1854 1846 1838 1829 1820 1811 1801 1792 1785 1778 1772 1768 1763 1760 1756 1752 1749 1745 1740 1734 1728 1723 1717 1713 1709 1704 1699 1695 1694 1694 1694 1694 1694 1695 1695 1695 1695 1695 1696 1697 1698 1698 1697 1697 1696 1696 1696 1696 1695 1695 1695 1696 1697 1696 1696 1696 1698 1700 1703 1706 1709 1713 1717 1721 1724 1728 1731 1736 1741 1747 1757 1771 1789 1805 1820 1834 1847 1861 1874 1886 1900 1911 1921 1929 1936 1944 1952 1961 1970 1979 1989 2000 2011 2025 2039 2052 2064 2073 2081 2088 2097
2866 2863 2862 2863 2867 2870 2875 2883 2889 2892 2890 2885 2877 2867 2856 2842 2830 2817 2802 2787 2768 2751 2735 2720 2709 2698 2689 2680 2667 2654 2642 2629 2618 2607 2599 2591 2582 2574 2565 2557 2549 2541 2533 2527 2520 2516 2512 2509 2507 2504 2502 2499 2496 2494 2491 2489 2488 2485 2483 2481 2479 2477 2474 2472 2469 2463 2457 2449 2441 2435 2427 2419 2409 2398 2386 2372 2359 2346 2333 2321 2307 2292 2277 2262 2249 2238 2229 2224 2219 2215 2212 2210 2208 2206 2203 2201 2197 2193 2186 2176 2164 2148 2132 2119 2108 2101 2097 2095 2098 2104 2112 2119 2124 2126 2122 2115 2105 2094 2085 2075 2068 2062 2060 2062 2069 2079 2090 2100 2106 2108 2106 2100 2089 2073 2053 2028 2004 1984 1965 1952 1942 1934 1928 1918 1910 1901 1892 1885 1878 1871 1866 1861 1858 1854 1848 1843 1836 1829 1821 1812 1804 1795 1787 1781 1775 1770 1765 1761 1757 1753 1749 1745 1740 1735 1729 1724 1719 1714 1709 1705 1701 1697 1695 1694 1693 1693 1693 1694 1695 1696 1696 1696 1696 1696 1697 1697 1697 1697 1696 1696 1696 1696 1696 1695 1695 1696 1698 1699 1699 1698 1698 1699 1701 1705 1709 1713 1717 1721 1725 1729 1733 1737 1743 1748 1756 1766 1780 1799 1815 1831 1846 1859 1872 1884 1895 1908 1919 1929 1937 1944 1952 1961 1971 1982 1992 2004 2016 2028 2043 2057 2070 2082 2091 2100 2108 2116
2851 2849 2848 2849 2853 2859 2866 2872 2876 2879 2878 2874 2867 2858 2847 2832 2819 2804 2789 2774 2757 2742 2728 2713 2702 2691 2681 2670 2657 2646 2634 2622 2612 2603 2596 2590 2582 2574 2566 2558 2551 2543 2536 2529 2523 2519 2515 2512 2510 2507 2505 2502 2499 2497 2495 2493 2492 2489 2487 2485 2482 2480 2479 2477 2474 2469 2462 2454 2446 2439 2431 2423 2412 2400 2388 2374 2360 2347 2334 2321 2306 2290 2274 2257 2243 2231 2220 2212 2206 2202 2198 2196 2194 2193 2191 2189 2186 2182 2177 2169 2159 2144 2129 2116 2104 2095 2089 2086 2087 2091 2097 2102 2106 2108 2105 2098 2091 2083 2075 2067 2059 2053 2049 2049 2054 2063 2072 2081 2087 2089 2086 2080 2069 2052 2032 2009 1987 1969 1952 1941 1933 1926 1918 1909 1900 1891 1882 1874 1868 1862 1857 1852 1848 1843 1838 1832 1825 1818 1811 1803 1795 1788 1781 1776 1770 1766 1761 1756 1752 1748 1743 1739 1734 1729 1724 1719 1715 1710 1706 1701 1698 1695 1694 1694 1693 1693 1693 1694 1695 1696 1696 1696 1697 1697 1697 1697 1696 1696 1696 1696 1696 1696 1696 1696 1696 1698 1700 1702 1702 1701 1701 1702 1704 1708 1714 1718 1723 1727 1731 1736 1740 1744 1750 1756 1764 1775 1788 1806 1824 1841 1858 1872 1885 1896 1906 1918 1928 1938 1946 1952 1961 1971 1982 1995 2008 2022 2035 2047 2063 2077 2091 2103 2112 2122 2130 2138
2838 2837 2836 2837 2840 2847 2852 2856 2859 2861 2861 2859 2852 2843 2832 2817 2803 2788 2773 2760 2745 2731 2718 2704 2692 2681 2670 2660 2647 2637 2626 2615 2607 2600 2594 2588 2581 2574 2566 2559 2552 2544 2537 2531 2524 2519 2516 2514 2512 2509 2506 2504 2502 2500 2498 2497 2495 2492 2489 2487 2485 2483 2481 2480 2478 2472 2466 2457 2449 2441 2432 2424 2413 2400 2388 2373 2360 2348 2334 2321 2305 2288 2272 2254 2239 2225 2213 2204 2196 2191 2187 2184 2182 2181 2179 2177 2174 2171 2167 2161 2153 2140 2127 2113 2100 2090 2083 2078 2077 2080 2083 2087 2090 2090 2088 2083 2078 2072 2066 2059 2052 2045 2040 2038 2040 2047 2055 2062 2067 2069 2066 2060 2049 2033 2015 1994 1974 1958 1944 1934 1926 1917 1909 1900 1891 1882 1873 1866 1860 1854 1850 1846 1841 1837 1830 1824 1817 1809 1802 1794 1788 1781 1775 1770 1765 1761 1756 1751 1747 1742 1737 1733 1728 1724 1720 1716 1712 1707 1703 1699 1696 1694 1694 1694 1693 1693 1693 1694 1695 1696 1697 1697 1697 1697 1697 1696 1696 1696 1696 1696 1696 1696 1696 1696 1697 1699 1702 1704 1704 1704 1703 1704 1707 1712 1718 1723 1728 1732 1736 1742 1746 1751 1756 1762 1770 1780 1793 1810 1827 1846 1865 1880 1893 1904 1914 1925 1935 1945 1952 1959 1969 1979 1992 2007 2021 2037 2050 2064 2079 2094 2108 2120 2130 2141 2149 2158
2826 2826 2825 2825 2827 2831 2835 2837 2838 2840 2840 2838 2832 2824 2813 2799 2786 2772 2758 2746 2732 2720 2707 2693 2682 2670 2660 2650 2639 2629 2619 2610 2603 2597 2591 2586 2579 2573 2566 2559 2552 2545 2538 2531 2524 2519 2516 2514 2512 2510 2508 2506 2504 2503 2502 2500 2498 2495 2492 2490 2488 2487 2485 2484 2481 2476 2469 2460 2451 2442 2433 2423 2411 2398 2385 2371 2359 2347 2333 2320 2304 2287 2270 2251 2235 2220 2207 2197 2187 2181 2176 2172 2170 2167 2165 2163 2160 2158 2155 2150 2144 2134 2123 2110 2096 2084 2075 2068 2066 2065 2067 2069 2070 2071 2070 2068 2065 2061 2056 2050 2042 2034 2028 2024 2024 2030 2036 2042 2046 2047 2044 2038 2028 2014 1998 1980 1962 1948 1934 1925 1916 1907 1899 1889 1881 1873 1865 1859 1853 1847 1843 1838 1834 1829 1823 1816 1808 1800 1793 1786 1779 1774 1768 1764 1759 1754 1749 1744 1740 1736 1731 1727 1723 1720 1716 1712 1709 1705 1700 1697 1695 1694 1694 1694 1694 1694 1694 1695 1696 1697 1697 1698 1698 1697 1697 1696 1696 1696 1696 1696 1696 1696 1696 1696 1697 1700 1703 1706 1707 1707 1706 1707 1710 1715 1721 1727 1732 1737 1742 1747 1752 1756 1761 1767 1774 1784 1795 1811 1828 1847 1867 1882 1897 1909 1919 1931 1941 1950 1959 1966 1976 1988 2002 2018 2034 2050 2065 2079 2095 2110 2124 2137 2148 2159 2169 2177
2814 2815 2814 2814 2815 2816 2817 2817 2818 2818 2818 2816 2811 2803 2793 2781 2770 2758 2745 2734 2721 2708 2696 2682 2672 2661 2651 2642 2632 2623 2614 2606 2600 2594 2589 2583 2577 2571 2564 2557 2551 2544 2537 2530 2523 2519 2516 2514 2512 2511 2509 2507 2507 2506 2505 2503 2501 2499 2497 2495 2494 2492 2490 2488 2485 2479 2472 2463 2453 2443 2432 2422 2409 2395 2382 2368 2356 2345 2332 2320 2303 2286 2268 2249 2233 2217 2203 2192 2181 2174 2168 2162 2158 2154 2150 2148 2145 2143 2140 2137 2133 2126 2116 2104 2089 2077 2066 2058 2053 2050 2049 2050 2051 2052 2052 2052 2050 2047 2043 2036 2028 2019 2012 2006 2006 2011 2017 2021 2024 2025 2023 2018 2009 1996 1982 1966 1951 1937 1925 1915 1906 1896 1888 1879 1871 1864 1857 1852 1846 1841 1836 1831 1826 1821 1815 1808 1800 1792 1784 1777 1771 1766 1761 1757 1752 1747 1742 1738 1734 1730 1726 1722 1719 1716 1713 1710 1707 1702 1698 1696 1694 1694 1694 1694 1694 1695 1695 1696 1696 1697 1698 1698 1698 1698 1697 1696 1696 1696 1695 1695 1696 1696 1696 1696 1698 1700 1703 1706 1708 1708 1709 1710 1713 1718 1724 1729 1735 1740 1745 1751 1756 1760 1765 1770 1777 1784 1794 1809 1826 1844 1864 1880 1895 1908 1920 1933 1944 1955 1964 1973 1984 1997 2012 2029 2045 2061 2076 2091 2108 2123 2138 2152 2165 2177 2186 2195
2803 2803 2803 2803 2802 2802 2801 2801 2800 2800 2798 2795 2790 2783 2775 2766 2757 2747 2736 2725 2712 2699 2687 2674 2664 2654 2645 2637 2628 2619 2610 2603 2597 2592 2587 2581 2574 2568 2562 2555 2549 2542 2535 2528 2522 2518 2515 2514 2512 2510 2509 2508 2508 2509 2508 2507 2505 2503 2502 2502 2501 2499 2497 2494 2489 2482 2475 2466 2455 2444 2432 2420 2406 2392 2379 2366 2355 2344 2332 2319 2302 2284 2267 2248 2232 2216 2201 2189 2178 2169 2162 2155 2149 2143 2137 2134 2131 2128 2126 2123 2121 2116 2108 2097 2083 2070 2058 2047 2040 2035 2034 2033 2033 2034 2036 2036 2035 2032 2027 2020 2011 2001 1993 1988 1987 1991 1997 2002 2004 2005 2004 2000 1992 1981 1968 1954 1939 1927 1915 1905 1896 1887 1879 1870 1863 1857 1850 1846 1841 1836 1831 1825 1820 1814 1807 1801 1793 1785 1777 1770 1764 1759 1754 1750 1745 1740 1736 1732 1728 1725 1722 1719 1716 1713 1711 1708 1705 1701 1697 1695 1694 1694 1694 1695 1695 1696 1696 1696 1696 1697 1698 1699 1698 1698 1697 1696 1696 1696 1695 1695 1695 1695 1696 1697 1699 1701 1704 1706 1708 1709 1710 1712 1716 1721 1726 1731 1736 1742 1748 1753 1758 1762 1768 1772 1777 1784 1793 1806 1822 1839 1858 1874 1891 1905 1918 1933 1946 1959 1970 1980 1991 2004 2019 2037 2052 2069 2085 2100 2118 2134 2150 2165 2179 2191 2202 2211
2790 2789 2788 2788 2787 2787 2786 2785 2784 2782 2779 2776 2771 2766 2760 2753 2747 2739 2728 2717 2704 2691 2679 2668 2658 2649 2640 2632 2623 2615 2607 2600 2595 2590 2584 2578 2572 2566 2559 2553 2547 2539 2532 2526 2521 2518 2516 2514 2512 2511 2510 2510 2511 2512 2512 2512 2511 2510 2511 2511 2511 2509 2506 2502 2496 2488 2479 2470 2458 2447 2433 2420 2405 2390 2377 2364 2353 2343 2330 2317 2301 2283 2266 2247 2231 2216 2202 2189 2176 2166 2157 2148 2140 2132 2125 2119 2115 2112 2110 2108 2106 2102 2096 2086 2074 2061 2049 2036 2027 2021 2018 2016 2015 2016 2017 2017 2016 2012 2007 1999 1989 1979 1972 1967 1966 1970 1975 1980 1983 1985 1985 1982 1974 1963 1951 1938 1925 1914 1903 1894 1886 1877 1870 1862 1855 1849 1843 1839 1834 1830 1825 1818 1812 1806 1799 1793 1785 1778 1770 1763 1758 1753 1748 1743 1738 1734 1730 1726 1724 1721 1718 1715 1713 1711 1709 1706 1703 1699 1697 1695 1694 1694 1695 1695 1696 1697 1697 1697 1697 1697 1698 1699 1699 1698 1697 1697 1696 1696 1695 1695 1695 1695 1696 1698 1701 1703 1704 1707 1709 1710 1711 1714 1719 1723 1728 1732 1738 1744 1750 1756 1761 1766 1771 1775 1779 1784 1792 1804 1818 1834 1852 1868 1885 1900 1916 1932 1947 1963 1976 1987 2000 2012 2027 2044 2060 2076 2092 2108 2127 2144 2162 2179 2193 2207 2217 2226
2778 2777 2775 2774 2773 2773 2773 2773 2771 2768 2765 2762 2758 2754 2750 2746 2740 2732 2722 2711 2698 2685 2674 2663 2654 2645 2637 2629 2620 2613 2605 2599 2594 2588 2583 2576 2570 2564 2557 2551 2545 2537 2530 2524 2520 2518 2516 2514 2513 2511 2511 2512 2514 2516 2516 2516 2516 2517 2519 2520 2520 2518 2514 2509 2502 2492 2484 2473 2462 2449 2434 2420 2405 2388 2375 2362 2352 2341 2328 2315 2299 2282 2265 2247 2232 2217 2203 2191 2177 2166 2155 2144 2134 2124 2115 2108 2102 2098 2096 2093 2092 2088 2083 2075 2064 2053 2041 2027 2017 2010 2005 2003 2001 2001 2000 2000 1998 1994 1987 1978 1969 1960 1953 1950 1950 1953 1958 1963 1967 1969 1970 1967 1960 1949 1937 1925 1913 1903 1893 1886 1878 1871 1864 1857 1850 1844 1838 1834 1830 1826 1821 1813 1806 1799 1793 1787 1780 1773 1766 1759 1754 1748 1743 1739 1734 1729 1726 1722 1720 1718 1715 1713 1711 1709 1707 1704 1701 1698 1696 1695 1695 1695 1695 1696 1697 1697 1697 1697 1697 1697 1698 1698 1698 1698 1697 1697 1696 1696 1695 1696 1696 1696 1697 1699 1702 1704 1706 1707 1709 1710 1712 1716 1720 1725 1729 1733 1739 1745 1750 1757 1763 1768 1774 1778 1781 1785 1791 1801 1813 1828 1846 1862 1880 1897 1913 1931 1947 1965 1980 1993 2006 2018 2033 2049 2064 2080 2095 2112 2132 2152 2172 2191 2205 2219 2229 2237
2765 2763 2761 2760 2759 2759 2758 2757 2756 2754 2751 2749 2746 2743 2741 2737 2732 2724 2714 2703 2690 2679 2668 2657 2648 2639 2631 2624 2616 2609 2603 2597 2592 2587 2581 2574 2568 2562 2555 2549 2543 2536 2529 2524 2520 2518 2517 2515 2514 2514 2515 2516 2519 2521 2523 2524 2525 2527 2530 2531 2529 2527 2522 2516 2508 2498 2489 2478 2466 2452 2436 2421 2405 2387 2373 2361 2350 2339 2326 2313 2297 2281 2265 2248 2233 2219 2205 2193 2180 2168 2155 2141 2129 2116 2106 2098 2090 2085 2080 2077 2075 2073 2069 2062 2053 2043 2031 2018 2008 1999 1994 1990 1987 1985 1983 1981 1978 1973 1966 1957 1949 1942 1937 1934 1935 1938 1942 1946 1949 1952 1953 1950 1942 1932 1921 1910 1900 1891 1883 1877 1871 1864 1858 1851 1845 1839 1833 1829 1825 1820 1815 1808 1801 1793 1786 1781 1775 1769 1762 1755 1750 1745 1739 1734 1729 1725 1721 1718 1716 1714 1712 1710 1708 1706 1704 1701 1699 1697 1696 1696 1695 1695 1696 1697 1698 1698 1698 1697 1697 1697 1697 1698 1698 1698 1697 1696 1696 1696 1696 1696 1697 1697 1698 1701 1704 1706 1707 1708 1709 1710 1713 1716 1721 1725 1730 1735 1740 1747 1753 1760 1767 1775 1781 1784 1786 1789 1792 1800 1811 1825 1841 1858 1877 1894 1911 1929 1947 1965 1982 1996 2011 2025 2039 2054 2068 2083 2099 2116 2137 2159 2182 2202 2218 2231 2241 2248
2755 2753 2750 2748 2747 2746 2746 2745 2744 2742 2741 2739 2738 2735 2734 2731 2726 2718 2707 2697 2685 2674 2663 2652 2642 2634 2626 2620 2613 2607 2602 2596 2591 2586 2580 2573 2566 2560 2554 2547 2541 2534 2529 2525 2521 2519 2518 2516 2516 2517 2518 2521 2524 2526 2529 2532 2534 2537 2540 2540 2538 2535 2530 2523 2514 2503 2494 2483 2469 2454 2438 2423 2406 2387 2372 2359 2348 2337 2323 2310 2295 2280 2265 2250 2236 2222 2209 2197 2184 2171 2158 2142 2127 2112 2100 2090 2080 2073 2067 2063 2061 2058 2055 2050 2042 2033 2022 2011 2001 1992 1986 1981 1976 1973 1970 1966 1962 1957 1950 1942 1935 1930 1926 1925 1925 1928 1930 1933 1935 1937 1937 1934 1927 1917 1908 1898 1890 1883 1876 1871 1865 1859 1854 1847 1841 1835 1829 1824 1820 1816 1810 1803 1796 1789 1782 1777 1771 1766 1760 1754 1748 1743 1737 1732 1726 1722 1718 1715 1713 1711 1710 1708 1706 1704 1701 1698 1697 1697 1697 1696 1696 1696 1696 1697 1698 1698 1698 1698 1697 1697 1697 1697 1697 1697 1697 1696 1696 1696 1696 1696 1697 1698 1699 1702 1705 1707 1709 1709 1710 1711 1713 1717 1721 1725 1730 1735 1741 1749 1756 1765 1774 1783 1790 1793 1795 1795 1797 1802 1811 1824 1840 1857 1876 1894 1910 1928 1946 1964 1982 1997 2014 2028 2043 2058 2072 2087 2102 2119 2141 2164 2188 2211 2227 2240 2249 2256
2747 2745 2741 2739 2737 2736 2734 2733 2732 2731 2730 2730 2729 2727 2725 2723 2718 2711 2702 2691 2680 2668 2657 2646 2636 2628 2621 2616 2610 2606 2601 2596 2591 2585 2579 2571 2564 2557 2551 2545 2539 2534 2529 2526 2523 2521 2519 2519 2519 2521 2523 2527 2530 2534 2538 2541 2545 2548 2550 2550 2547 2543 2537 2530 2520 2509 2499 2487 2472 2457 2440 2425 2408 2389 2373 2358 2346 2335 2322 2309 2295 2280 2267 2252 2239 2226 2213 2202 2189 2176 2161 2144 2127 2110 2095 2083 2071 2063 2056 2050 2047 2044 2041 2037 2031 2024 2014 2004 1995 1986 1979 1973 1968 1964 1959 1954 1950 1944 1938 1931 1926 1921 1918 1917 1918 1919 1920 1920 1920 1921 1919 1916 1911 1903 1896 1888 1881 1875 1869 1864 1859 1853 1848 1841 1835 1829 1824 1819 1815 1811 1805 1798 1792 1785 1778 1773 1768 1763 1758 1752 1747 1741 1735 1729 1724 1719 1715 1712 1710 1709 1707 1706 1704 1701 1698 1697 1697 1697 1697 1697 1697 1697 1697 1697 1698 1698 1698 1698 1697 1696 1696 1697 1697 1697 1697 1696 1696 1696 1696 1697 1698 1699 1700 1702 1705 1708 1709 1710 1710 1711 1714 1717 1720 1724 1730 1735 1742 1751 1761 1773 1784 1793 1801 1805 1806 1805 1804 1807 1814 1825 1841 1857 1876 1893 1909 1928 1944 1963 1980 1996 2015 2031 2046 2063 2076 2091 2105 2122 2145 2168 2193 2216 2232 2246 2255 2263
2742 2739 2735 2733 2730 2727 2725 2723 2722 2721 2721 2720 2719 2718 2716 2714 2710 2704 2696 2686 2674 2663 2651 2639 2630 2622 2616 2612 2607 2604 2600 2595 2590 2584 2577 2569 2562 2555 2549 2543 2538 2534 2530 2527 2525 2523 2522 2522 2523 2526 2529 2534 2538 2543 2548 2553 2558 2561 2562 2560 2556 2551 2545 2537 2526 2515 2505 2492 2476 2459 2442 2427 2411 2391 2374 2358 2346 2335 2321 2309 2295 2281 2269 2256 2244 2231 2219 2207 2194 2181 2166 2148 2130 2112 2094 2080 2066 2056 2047 2040 2036 2032 2028 2025 2020 2014 2006 1997 1989 1980 1973 1967 1961 1955 1949 1944 1940 1934 1929 1923 1918 1915 1912 1910 1910 1910 1910 1908 1907 1905 1902 1899 1895 1890 1885 1879 1873 1868 1862 1857 1852 1846 1841 1835 1829 1824 1818 1814 1810 1805 1800 1793 1787 1780 1774 1769 1764 1759 1755 1750 1745 1739 1733 1727 1721 1716 1713 1710 1708 1706 1705 1703 1701 1699 1697 1697 1697 1697 1697 1697 1697 1697 1697 1697 1698 1698 1698 1697 1697 1696 1696 1697 1697 1697 1697 1696 1696 1696 1697 1697 1698 1699 1700 1702 1705 1707 1709 1709 1710 1712 1714 1716 1720 1723 1729 1735 1744 1756 1769 1785 1797 1807 1815 1820 1822 1820 1817 1817 1821 1830 1844 1859 1876 1893 1908 1926 1943 1960 1978 1995 2014 2031 2049 2067 2081 2095 2110 2127 2149 2171 2194 2217 2234 2248 2259 2269
2740 2735 2731 2728 2724 2721 2718 2716 2715 2714 2713 2713 2712 2710 2708 2706 2704 2699 2690 2680 2668 2657 2646 2634 2625 2617 2612 2609 2605 2603 2599 2593 2588 2581 2574 2567 2560 2554 2548 2543 2538 2534 2531 2529 2527 2525 2525 2525 2527 2531 2535 2541 2547 2553 2559 2565 2570 2573 2573 2570 2564 2559 2551 2542 2531 2519 2510 2497 2480 2462 2444 2429 2413 2394 2377 2361 2348 2336 2323 2311 2297 2284 2272 2260 2249 2236 2224 2213 2200 2187 2172 2154 2136 2117 2098 2082 2066 2054 2044 2035 2029 2023 2018 2015 2010 2006 2000 1992 1985 1977 1970 1963 1956 1949 1942 1937 1932 1927 1922 1917 1912 1909 1905 1904 1903 1902 1901 1899 1896 1892 1889 1886 1883 1880 1876 1872 1866 1861 1855 1850 1844 1839 1834 1828 1823 1818 1813 1809 1805 1800 1795 1789 1783 1777 1770 1765 1760 1756 1752 1747 1742 1737 1730 1724 1718 1714 1711 1708 1706 1705 1703 1702 1700 1698 1697 1697 1697 1697 1698 1698 1698 1698 1698 1697 1697 1697 1697 1697 1697 1696 1696 1697 1697 1697 1697 1697 1697 1697 1697 1697 1698 1699 1700 1702 1704 1706 1707 1709 1710 1711 1713 1716 1718 1722 1728 1735 1745 1760 1778 1797 1811 1821 1830 1835 1837 1835 1831 1829 1830 1836 1847 1860 1876 1891 1907 1925 1941 1959 1976 1993 2013 2031 2050 2069 2084 2099 2114 2130 2151 2171 2193 2214 2232 2248 2261 2273
2738 2733 2728 2724 2720 2716 2713 2710 2708 2707 2705 2704 2703 2701 2699 2697 2695 2690 2682 2672 2660 2649 2639 2628 2620 2613 2608 2605 2602 2600 2596 2591 2585 2578 2571 2565 2559 2554 2549 2544 2539 2535 2532 2531 2529 2529 2529 2530 2533 2538 2544 2551 2558 2565 2572 2579 2583 2586 2585 2581 2575 2568 2559 2549 2537 2525 2515 2502 2485 2466 2446 2430 2415 2398 2382 2366 2352 2340 2327 2315 2301 2287 2276 2264 2253 2241 2229 2219 2206 2192 2178 2160 2143 2123 2104 2087 2070 2056 2043 2032 2024 2016 2010 2005 2000 1996 1991 1986 1980 1972 1965 1957 1949 1941 1934 1928 1924 1918 1913 1908 1903 1899 1896 1894 1892 1891 1890 1887 1884 1880 1876 1873 1871 1869 1866 1862 1857 1851 1845 1840 1835 1830 1825 1820 1816 1812 1807 1803 1798 1794 1789 1783 1777 1771 1765 1760 1755 1751 1747 1742 1737 1732 1726 1720 1715 1711 1708 1706 1705 1703 1702 1701 1699 1698 1698 1698 1698 1698 1698 1699 1698 1698 1698 1698 1697 1697 1697 1697 1697 1697 1697 1696 1696 1697 1697 1697 1697 1697 1697 1697 1698 1699 1700 1701 1703 1704 1706 1707 1709 1710 1712 1715 1717 1721 1728 1737 1749 1768 1789 1811 1827 1838 1848 1853 1856 1855 1851 1846 1844 1845 1852 1862 1875 1889 1904 1922 1938 1956 1974 1991 2011 2030 2050 2069 2085 2102 2117 2133 2152 2171 2191 2210 2228 2246 2263 2277
2739 2734 2728 2723 2718 2714 2710 2707 2704 2702 2700 2698 2696 2694 2692 2689 2687 2682 2674 2664 2652 2642 2633 2623 2616 2609 2605 2602 2599 2596 2592 2587 2582 2576 2569 2563 2558 2555 2551 2547 2542 2537 2534 2533 2531 2531 2533 2536 2540 2546 2553 2561 2569 2576 2584 2590 2595 2597 2596 2591 2584 2576 2565 2555 2543 2530 2520 2507 2490 2470 2449 2432 2418 2402 2387 2372 2358 2345 2331 2319 2304 2290 2278 2266 2256 2245 2233 2223 2209 2196 2182 2165 2149 2130 2112 2094 2076 2060 2047 2034 2023 2013 2004 1998 1992 1988 1984 1980 1975 1968 1961 1953 1944 1935 1927 1921 1916 1910 1905 1900 1895 1891 1887 1884 1883 1881 1880 1878 1874 1871 1867 1864 1862 1860 1857 1854 1848 1842 1836 1831 1826 1822 1818 1814 1810 1806 1801 1797 1793 1788 1783 1778 1772 1766 1760 1755 1751 1747 1742 1737 1732 1727 1721 1716 1712 1709 1706 1704 1703 1702 1701 1700 1699 1698 1698 1698 1698 1699 1699 1699 1699 1698 1698 1698 1697 1697 1696 1696 1696 1697 1697 1697 1696 1696 1697 1697 1697 1697 1697 1697 1697 1698 1699 1700 1702 1703 1705 1706 1707 1709 1711 1714 1717 1721 1729 1739 1755 1775 1799 1823 1840 1852 1863 1870 1873 1873 1869 1864 1858 1855 1857 1863 1873 1886 1901 1918 1935 1953 1972 1990 2010 2029 2048 2068 2084 2102 2118 2134 2152 2170 2188 2206 2223 2244 2263 2279
2742 2736 2729 2723 2717 2712 2708 2703 2699 2697 2694 2692 2689 2685 2682 2679 2677 2671 2663 2654 2643 2634 2626 2618 2611 2605 2601 2598 2594 2591 2587 2583 2579 2574 2568 2563 2559 2557 2555 2551 2546 2541 2537 2536 2535 2536 2538 2543 2549 2556 2564 2573 2582 2589 2597 2602 2606 2608 2606 2600 2593 2584 2572 2561 2550 2536 2525 2511 2495 2476 2453 2436 2422 2407 2393 2378 2365 2351 2337 2323 2308 2294 2281 2269 2258 2248 2237 2226 2212 2199 2185 2168 2153 2135 2117 2100 2081 2065 2050 2035 2023 2010 1999 1991 1984 1979 1976 1972 1969 1963 1956 1947 1937 1928 1920 1913 1908 1901 1896 1891 1885 1881 1877 1874 1872 1871 1869 1867 1864 1861 1857 1854 1851 1848 1846 1842 1837 1832 1826 1821 1817 1813 1810 1806 1803 1799 1794 1790 1785 1781 1776 1771 1766 1761 1755 1750 1746 1741 1737 1731 1726 1720 1716 1712 1709 1706 1704 1703 1702 1702 1701 1700 1699 1698 1698 1698 1699 1699 1699 1699 1699 1698 1698 1698 1698 1697 1697 1696 1696 1697 1697 1697 1696 1696 1696 1697 1697 1697 1697 1697 1697 1697 1698 1699 1701 1702 1704 1704 1706 1708 1710 1714 1717 1722 1732 1744 1762 1785 1809 1834 1852 1866 1879 1886 1891 1892 1889 1883 1875 1867 1864 1866 1873 1884 1897 1913 1930 1949 1969 1987 2007 2026 2046 2065 2083 2101 2118 2134 2152 2169 2186 2203 2220 2243 2264 2282
2744 2738 2731 2725 2718 2712 2706 2701 2696 2692 2689 2686 2682 2678 2674 2670 2667 2661 2653 2644 2635 2627 2620 2613 2607 2602 2597 2593 2589 2586 2583 2580 2577 2574 2570 2565 2562 2560 2559 2555 2550 2544 2541 2539 2539 2541 2545 2551 2558 2566 2576 2585 2594 2601 2607 2611 2614 2614 2612 2607 2599 2589 2577 2566 2554 2540 2528 2514 2499 2480 2458 2441 2427 2412 2398 2384 2371 2358 2342 2327 2312 2297 2284 2271 2260 2250 2239 2227 2213 2200 2186 2169 2153 2137 2120 2103 2084 2068 2052 2036 2022 2008 1995 1985 1976 1971 1967 1964 1962 1957 1950 1942 1931 1922 1913 1906 1901 1894 1888 1882 1877 1872 1868 1865 1863 1861 1859 1857 1855 1852 1848 1844 1841 1837 1835 1831 1827 1821 1816 1812 1809 1806 1803 1799 1795 1791 1786 1782 1778 1773 1769 1765 1760 1755 1749 1745 1740 1736 1731 1726 1720 1715 1711 1708 1706 1704 1703 1702 1702 1702 1701 1700 1698 1698 1698 1698 1699 1700 1700 1700 1699 1699 1698 1698 1698 1698 1698 1697 1697 1697 1697 1697 1696 1696 1696 1697 1697 1697 1697 1697 1697 1697 1698 1699 1700 1701 1702 1703 1705 1708 1711 1715 1719 1725 1735 1750 1770 1794 1818 1842 1861 1876 1890 1900 1906 1908 1906 1901 1892 1881 1874 1872 1875 1883 1893 1908 1924 1943 1964 1983 2004 2023 2042 2062 2080 2100 2118 2134 2152 2169 2186 2203 2221 2244 2266 2285
2746 2740 2733 2726 2719 2712 2705 2698 2693 2688 2684 2680 2676 2671 2666 2662 2657 2651 2643 2636 2628 2621 2615 2608 2603 2598 2593 2589 2585 2582 2581 2579 2577 2575 2573 2570 2567 2565 2562 2558 2553 2548 2544 2542 2543 2547 2553 2560 2568 2577 2587 2596 2605 2610 2615 2617 2618 2618 2616 2611 2604 2593 2580 2568 2556 2542 2530 2515 2500 2483 2463 2447 2433 2417 2403 2389 2377 2363 2348 2333 2317 2301 2287 2274 2263 2253 2240 2228 2213 2199 2184 2167 2152 2136 2119 2103 2084 2068 2052 2036 2021 2005 1991 1979 1969 1963 1959 1956 1954 1950 1944 1935 1926 1916 1908 1900 1895 1888 1882 1876 1869 1864 1860 1857 1855 1852 1850 1848 1846 1843 1838 1834 1830 1826 1823 1820 1816 1812 1808 1805 1802 1798 1795 1791 1787 1782 1778 1774 1770 1766 1762 1757 1753 1748 1743 1739 1735 1730 1726 1721 1716 1711 1707 1705 1703 1702 1702 1702 1702 1701 1701 1700 1699 1698 1698 1698 1699 1700 1700 1700 1699 1698 1698 1698 1699 1699 1700 1699 1698 1697 1697 1697 1697 1696 1696 1697 1697 1697 1697 1697 1697 1697 1698 1699 1699 1700 1701 1703 1705 1709 1713 1717 1722 1728 1740 1756 1778 1803 1825 1848 1868 1885 1900 1910 1918 1922 1922 1917 1909 1897 1888 1882 1881 1884 1891 1903 1918 1937 1957 1977 1999 2019 2039 2059 2079 2099 2118 2135 2153 2169 2186 2205 2224 2248 2270 2289
2746 2740 2734 2727 2719 2711 2704 2696 2690 2684 2679 2675 2670 2664 2659 2654 2648 2642 2635 2628 2621 2615 2610 2604 2600 2595 2589 2585 2582 2581 2580 2579 2579 2578 2577 2575 2572 2569 2565 2561 2556 2552 2548 2548 2550 2555 2563 2571 2578 2588 2597 2606 2614 2618 2621 2622 2622 2620 2618 2613 2605 2595 2581 2568 2555 2542 2529 2515 2501 2486 2469 2454 2438 2422 2409 2395 2382 2369 2354 2339 2323 2307 2293 2278 2267 2256 2242 2229 2214 2199 2183 2166 2150 2133 2116 2099 2081 2065 2049 2032 2016 2000 1985 1972 1961 1954 1950 1947 1945 1941 1935 1928 1919 1910 1902 1894 1889 1883 1876 1869 1862 1857 1853 1850 1848 1844 1841 1839 1836 1832 1827 1823 1819 1814 1812 1809 1806 1804 1800 1798 1794 1791 1787 1782 1778 1773 1769 1765 1762 1758 1754 1750 1745 1741 1736 1733 1728 1724 1720 1716 1712 1707 1705 1703 1702 1701 1702 1702 1702 1701 1701 1700 1699 1698 1698 1699 1700 1700 1700 1700 1699 1698 1698 1699 1699 1700 1701 1702 1700 1698 1697 1697 1697 1697 1697 1697 1698 1698 1698 1697 1697 1697 1698 1699 1698 1698 1700 1702 1707 1712 1716 1720 1725 1733 1746 1763 1787 1811 1833 1854 1873 1891 1907 1919 1928 1934 1935 1933 1925 1915 1904 1895 1890 1888 1891 1900 1913 1930 1950 1970 1993 2014 2034 2056 2077 2099 2119 2137 2154 2170 2189 2209 2229 2253 2275 2294
2745 2740 2733 2726 2718 2710 2702 2694 2687 2682 2676 2672 2666 2660 2654 2647 2641 2634 2628 2622 2616 2611 2607 2602 2597 2592 2587 2584 2582 2582 2582 2582 2582 2581 2580 2579 2576 2572 2568 2563 2559 2556 2555 2555 2559 2565 2573 2580 2587 2596 2605 2613 2620 2625 2626 2625 2623 2620 2617 2611 2603 2593 2580 2567 2553 2540 2527 2513 2500 2487 2472 2458 2443 2427 2413 2400 2388 2375 2359 2345 2329 2313 2298 2284 2272 2260 2245 2231 2216 2201 2185 2167 2149 2130 2111 2094 2075 2060 2045 2027 2011 1994 1979 1966 1954 1947 1941 1938 1935 1931 1927 1920 1912 1904 1896 1890 1884 1877 1871 1863 1856 1851 1847 1844 1841 1837 1834 1831 1827 1822 1818 1813 1809 1806 1803 1801 1799 1797 1794 1792 1788 1784 1779 1775 1770 1766 1762 1758 1755 1751 1748 1744 1739 1735 1730 1727 1723 1719 1716 1712 1709 1706 1704 1702 1701 1701 1702 1702 1702 1701 1701 1700 1699 1698 1698 1699 1700 1700 1700 1700 1699 1698 1698 1699 1700 1701 1702 1702 1701 1699 1698 1697 1697 1697 1697 1698 1698 1698 1698 1698 1697 1698 1698 1699 1698 1697 1699 1703 1709 1714 1718 1722 1729 1738 1753 1772 1794 1818 1838 1858 1877 1895 1911 1925 1936 1943 1945 1944 1938 1930 1919 1908 1899 1893 1893 1898 1908 1924 1943 1964 1988 2009 2030 2053 2075 2100 2121 2139 2158 2173 2192 2214 2235 2258 2279 2297
2744 2738 2731 2724 2716 2708 2700 2691 2684 2679 2674 2669 2662 2655 2648 2640 2634 2627 2622 2617 2612 2608 2604 2599 2595 2590 2586 2584 2583 2584 2585 2585 2585 2585 2584 2582 2579 2576 2572 2568 2565 2564 2564 2567 2571 2577 2584 2590 2596 2604 2612 2620 2627 2632 2632 2630 2627 2622 2616 2609 2600 2590 2578 2565 2552 2538 2526 2513 2500 2488 2474 2461 2446 2431 2418 2405 2393 2381 2365 2351 2335 2320 2305 2290 2278 2265 2250 2236 2220 2205 2190 2171 2151 2129 2107 2088 2069 2054 2038 2020 2004 1987 1972 1959 1947 1938 1931 1927 1924 1920 1916 1910 1904 1897 1889 1883 1877 1870 1863 1855 1849 1845 1841 1837 1834 1830 1826 1822 1817 1813 1808 1804 1801 1798 1796 1794 1792 1790 1787 1784 1780 1776 1771 1766 1762 1758 1755 1752 1749 1746 1742 1738 1733 1728 1724 1721 1717 1714 1711 1708 1706 1704 1703 1702 1701 1702 1702 1702 1702 1701 1700 1700 1699 1699 1699 1699 1700 1700 1700 1700 1699 1698 1698 1699 1700 1701 1701 1702 1701 1699 1698 1697 1697 1697 1697 1698 1698 1698 1698 1698 1697 1698 1699 1699 1698 1697 1698 1703 1710 1716 1719 1725 1732 1744 1762 1781 1803 1825 1844 1863 1881 1899 1917 1931 1943 1951 1955 1955 1951 1944 1934 1923 1910 1901 1897 1899 1906 1920 1938 1958 1982 2004 2025 2049 2072 2098 2122 2142 2161 2177 2195 2217 2238 2260 2280 2297
2744 2737 2729 2721 2713 2705 2697 2689 2683 2678 2672 2667 2660 2653 2645 2636 2629 2623 2617 2613 2608 2605 2601 2597 2593 2589 2586 2585 2585 2586 2587 2587 2587 2587 2586 2584 2581 2579 2576 2574 2573 2573 2575 2578 2583 2587 2593 2597 2602 2609 2616 2624 2632 2637 2638 2636 2632 2624 2616 2606 2596 2586 2575 2564 2551 2538 2526 2513 2500 2488 2474 2462 2448 2434 2421 2408 2397 2385 2370 2356 2341 2326 2311 2295 2282 2270 2255 2242 2226 2211 2196 2177 2156 2131 2106 2085 2064 2047 2031 2014 1998 1981 1966 1953 1940 1930 1922 1917 1913 1909 1905 1901 1895 1889 1882 1876 1869 1862 1855 1849 1843 1839 1836 1832 1828 1824 1820 1816 1811 1806 1802 1799 1795 1793 1791 1789 1786 1784 1781 1778 1774 1769 1764 1760 1757 1754 1750 1748 1745 1742 1739 1734 1729 1724 1720 1716 1713 1711 1709 1706 1704 1703 1703 1702 1702 1702 1702 1702 1701 1701 1700 1700 1699 1699 1699 1700 1700 1700 1700 1699 1699 1698 1698 1699 1700 1700 1701 1701 1700 1699 1698 1697 1697 1697 1698 1698 1698 1698 1698 1697 1697 1698 1699 1699 1698 1697 1698 1704 1710 1715 1719 1726 1736 1750 1770 1789 1809 1830 1848 1868 1886 1904 1921 1936 1948 1957 1961 1962 1960 1955 1947 1935 1922 1911 1904 1902 1907 1918 1935 1955 1979 2000 2021 2045 2069 2096 2121 2143 2164 2180 2198 2219 2239 2259 2278 2294
2744 2736 2727 2719 2710 2702 2694 2687 2682 2677 2671 2666 2658 2649 2641 2632 2624 2618 2614 2610 2606 2602 2599 2596 2593 2590 2587 2587 2587 2588 2589 2590 2590 2589 2588 2586 2584 2583 2582 2582 2582 2584 2586 2590 2594 2597 2600 2604 2609 2614 2621 2630 2638 2643 2646 2644 2639 2629 2619 2607 2595 2585 2574 2564 2553 2541 2530 2516 2502 2489 2474 2462 2449 2436 2424 2411 2400 2388 2374 2361 2346 2331 2316 2300 2287 2274 2260 2247 2232 2217 2202 2184 2162 2135 2107 2083 2060 2042 2026 2009 1994 1976 1961 1947 1934 1923 1913 1907 1902 1897 1894 1890 1884 1879 1873 1867 1860 1853 1847 1841 1836 1833 1830 1826 1822 1818 1814 1810 1805 1801 1797 1794 1791 1788 1785 1783 1780 1777 1773 1770 1766 1762 1758 1754 1751 1749 1747 1745 1742 1740 1736 1731 1726 1721 1716 1713 1710 1708 1706 1704 1703 1703 1702 1702 1702 1702 1702 1702 1701 1701 1700 1700 1700 1699 1699 1700 1700 1700 1700 1699 1698 1698 1699 1699 1700 1700 1700 1700 1700 1699 1698 1697 1697 1697 1697 1698 1698 1698 1697 1697 1697 1697 1698 1699 1698 1697 1698 1703 1709 1714 1719 1728 1740 1757 1777 1796 1815 1835 1853 1873 1892 1910 1928 1942 1955 1963 1968 1970 1969 1966 1960 1950 1936 1923 1914 1909 1911 1919 1935 1954 1976 1995 2015 2040 2063 2090 2117 2141 2164 2181 2198 2216 2234 2254 2271 2288
2745 2735 2725 2716 2707 2699 2693 2686 2681 2676 2670 2664 2656 2647 2638 2629 2622 2616 2611 2608 2604 2601 2599 2596 2594 2592 2589 2588 2589 2590 2591 2591 2591 2591 2590 2589 2589 2588 2589 2590 2592 2594 2597 2599 2602 2604 2606 2610 2614 2619 2626 2635 2644 2650 2654 2653 2646 2636 2623 2610 2597 2586 2574 2565 2556 2545 2534 2519 2504 2489 2473 2461 2449 2437 2425 2412 2401 2390 2377 2364 2350 2335 2320 2304 2291 2278 2264 2251 2236 2220 2205 2187 2166 2139 2109 2083 2058 2039 2022 2005 1990 1973 1957 1943 1929 1916 1906 1899 1893 1888 1884 1880 1875 1870 1864 1858 1852 1846 1840 1835 1831 1827 1824 1821 1817 1813 1810 1806 1801 1798 1794 1791 1788 1784 1781 1778 1774 1771 1766 1763 1759 1756 1753 1750 1748 1746 1745 1743 1741 1738 1734 1729 1724 1719 1714 1710 1708 1706 1705 1704 1703 1702 1702 1702 1702 1702 1702 1701 1701 1701 1700 1700 1700 1700 1699 1700 1700 1700 1700 1699 1698 1698 1699 1699 1700 1700 1700 1700 1700 1699 1697 1696 1696 1696 1697 1697 1698 1697 1697 1696 1696 1697 1698 1698 1698 1696 1697 1701 1707 1713 1719 1730 1744 1762 1783 1800 1818 1838 1856 1878 1897 1916 1933 1947 1959 1967 1972 1975 1976 1975 1971 1963 1951 1937 1926 1919 1918 1923 1937 1954 1974 1992 2011 2034 2057 2083 2110 2136 2160 2178 2194 2211 2227 2245 2262 2279
2744 2734 2723 2714 2706 2698 2692 2686 2681 2676 2669 2662 2654 2645 2637 2627 2620 2615 2610 2607 2605 2603 2601 2599 2597 2595 2592 2591 2591 2592 2593 2593 2593 2594 2594 2594 2594 2595 2595 2597 2600 2602 2605 2607 2609 2610 2611 2615 2619 2625 2632 2642 2651 2658 2662 2660 2653 2642 2629 2615 2601 2589 2576 2567 2559 2549 2538 2522 2506 2489 2472 2459 2448 2436 2425 2412 2401 2390 2378 2366 2352 2337 2323 2308 2294 2281 2267 2253 2237 2220 2205 2187 2166 2138 2109 2083 2057 2036 2019 2002 1988 1971 1955 1940 1924 1911 1901 1893 1887 1880 1876 1872 1867 1863 1857 1851 1846 1840 1835 1830 1826 1823 1820 1816 1812 1809 1805 1802 1798 1794 1791 1788 1785 1781 1777 1773 1769 1765 1760 1757 1754 1751 1748 1747 1745 1744 1743 1742 1740 1737 1733 1728 1723 1718 1713 1709 1707 1705 1704 1703 1703 1702 1702 1702 1702 1702 1702 1702 1701 1701 1701 1700 1700 1700 1700 1700 1700 1700 1699 1699 1698 1699 1699 1700 1700 1700 1700 1700 1699 1698 1697 1696 1696 1696 1696 1697 1697 1697 1696 1696 1696 1697 1698 1698 1697 1695 1696 1699 1706 1712 1720 1733 1748 1765 1785 1803 1821 1840 1859 1882 1902 1920 1938 1951 1963 1970 1975 1979 1981 1983 1982 1977 1967 1953 1940 1930 1926 1930 1940 1955 1972 1988 2007 2029 2050 2075 2101 2127 2152 2172 2188 2204 2218 2235 2252 2268
2741 2731 2720 2712 2704 2697 2691 2685 2680 2674 2667 2660 2652 2644 2636 2627 2620 2616 2611 2609 2607 2607 2606 2604 2602 2600 2598 2596 2595 2596 2596 2596 2597 2598 2599 2600 2601 2602 2603 2604 2607 2609 2611 2613 2614 2615 2616 2619 2624 2632 2641 2651 2661 2668 2671 2668 2660 2649 2637 2623 2608 2594 2581 2570 2562 2551 2540 2523 2506 2489 2471 2458 2447 2435 2424 2411 2400 2390 2378 2367 2353 2339 2326 2311 2298 2284 2268 2253 2235 2218 2201 2182 2161 2134 2107 2081 2056 2035 2017 2001 1986 1969 1953 1938 1921 1908 1897 1888 1882 1875 1870 1866 1861 1857 1852 1846 1841 1836 1831 1826 1821 1818 1814 1810 1807 1803 1800 1797 1794 1790 1787 1784 1781 1777 1772 1768 1763 1759 1755 1752 1749 1746 1745 1743 1742 1742 1741 1740 1738 1735 1731 1726 1721 1715 1711 1708 1706 1705 1704 1703 1702 1702 1702 1702 1702 1702 1702 1702 1702 1701 1701 1701 1700 1700 1700 1700 1700 1700 1699 1699 1699 1699 1700 1700 1700 1700 1700 1700 1699 1697 1697 1696 1696 1695 1696 1696 1696 1696 1696 1696 1697 1697 1698 1699 1697 1694 1694 1698 1705 1713 1722 1736 1751 1768 1787 1804 1823 1843 1863 1886 1906 1925 1942 1955 1966 1973 1978 1983 1988 1992 1994 1992 1984 1971 1956 1944 1937 1938 1945 1956 1970 1985 2002 2022 2042 2066 2090 2114 2140 2160 2177 2192 2206 2223 2238 2254
2737 2727 2717 2709 2701 2695 2690 2684 2678 2672 2665 2658 2651 2643 2636 2627 2622 2618 2614 2611 2611 2612 2612 2610 2608 2606 2604 2602 2601 2601 2601 2600 2600 2602 2604 2606 2607 2608 2609 2610 2612 2614 2616 2617 2618 2618 2618 2621 2627 2637 2648 2660 2670 2677 2679 2674 2666 2656 2644 2630 2614 2600 2585 2574 2564 2553 2540 2524 2506 2488 2471 2457 2445 2433 2423 2410 2399 2388 2376 2365 2353 2340 2327 2313 2300 2285 2268 2252 2232 2214 2196 2177 2156 2131 2104 2080 2055 2034 2017 2000 1986 1970 1953 1937 1920 1906 1895 1886 1880 1873 1868 1863 1859 1854 1849 1844 1840 1834 1829 1824 1818 1814 1810 1805 1802 1799 1796 1793 1790 1786 1783 1780 1777 1773 1769 1764 1759 1755 1751 1748 1745 1743 1742 1741 1740 1740 1739 1738 1736 1733 1729 1723 1718 1713 1709 1706 1705 1704 1703 1703 1703 1703 1703 1703 1703 1703 1703 1702 1702 1702 1701 1701 1701 1701 1701 1700 1700 1700 1700 1700 1700 1700 1701 1701 1701 1700 1701 1700 1698 1697 1696 1696 1695 1695 1695 1695 1696 1696 1696 1696 1697 1697 1699 1699 1697 1693 1693 1697 1705 1714 1724 1739 1754 1770 1788 1805 1824 1846 1867 1890 1911 1930 1947 1959 1969 1977 1982 1988 1994 1999 2003 2003 1996 1985 1970 1956 1948 1947 1950 1958 1969 1982 1997 2016 2034 2056 2078 2102 2126 2146 2163 2179 2192 2209 2224 2241
2731 2722 2713 2705 2698 2692 2687 2681 2675 2669 2663 2658 2651 2644 2636 2629 2625 2622 2619 2618 2618 2620 2620 2619 2618 2616 2614 2612 2610 2610 2609 2608 2607 2608 2610 2612 2614 2615 2616 2617 2618 2619 2621 2622 2623 2622 2622 2625 2633 2646 2659 2671 2682 2688 2688 2681 2672 2662 2651 2636 2620 2605 2590 2578 2566 2553 2540 2523 2506 2488 2470 2456 2443 2432 2421 2409 2398 2387 2374 2364 2352 2340 2328 2315 2302 2286 2268 2249 2229 2209 2191 2171 2152 2127 2101 2077 2053 2034 2017 2000 1986 1970 1953 1936 1919 1906 1894 1885 1878 1871 1866 1862 1857 1853 1848 1843 1838 1832 1826 1820 1814 1809 1804 1799 1796 1793 1791 1787 1784 1781 1778 1775 1772 1769 1765 1761 1756 1752 1748 1745 1742 1740 1739 1738 1737 1737 1736 1735 1733 1730 1725 1720 1714 1710 1706 1705 1705 1704 1703 1703 1703 1703 1703 1703 1703 1703 1703 1703 1702 1702 1701 1701 1701 1701 1701 1701 1701 1701 1702 1702 1701 1701 1701 1701 1701 1701 1700 1699 1698 1697 1697 1696 1696 1695 1695 1695 1695 1695 1696 1697 1698 1698 1699 1699 1697 1693 1692 1696 1705 1716 1727 1741 1757 1773 1792 1809 1829 1851 1874 1898 1918 1936 1953 1964 1975 1983 1989 1997 2004 2010 2014 2014 2009 1999 1986 1971 1962 1957 1957 1961 1968 1979 1992 2008 2025 2045 2065 2087 2110 2128 2145 2161 2175 2192 2207 2224
2725 2716 2708 2700 2694 2688 2683 2677 2672 2667 2661 2656 2650 2644 2638 2632 2629 2627 2626 2627 2628 2630 2631 2631 2630 2628 2626 2624 2622 2620 2619 2617 2615 2615 2616 2617 2619 2620 2621 2621 2621 2622 2623 2624 2625 2625 2626 2630 2640 2654 2669 2683 2693 2697 2695 2688 2679 2668 2657 2641 2624 2609 2594 2581 2567 2552 2538 2522 2505 2487 2469 2454 2442 2431 2420 2408 2397 2385 2372 2361 2350 2338 2327 2315 2301 2285 2265 2246 2225 2204 2186 2166 2148 2124 2098 2074 2052 2034 2017 2001 1987 1971 1954 1938 1921 1907 1895 1885 1877 1871 1866 1862 1857 1853 1849 1844 1838 1831 1825 1818 1811 1805 1798 1794 1791 1788 1786 1783 1780 1777 1774 1771 1768 1765 1762 1758 1754 1751 1747 1743 1740 1738 1737 1736 1735 1735 1734 1733 1731 1727 1723 1717 1711 1707 1704 1704 1704 1704 1703 1703 1703 1704 1704 1704 1703 1703 1703 1703 1702 1702 1701 1700 1700 1701 1701 1701 1701 1702 1702 1702 1701 1701 1701 1701 1701 1701 1700 1699 1697 1697 1697 1697 1696 1695 1695 1695 1695 1696 1696 1697 1698 1698 1699 1700 1697 1693 1692 1696 1706 1717 1729 1744 1760 1776 1795 1813 1834 1858 1881 1904 1924 1941 1958 1970 1980 1989 1997 2005 2013 2020 2024 2023 2018 2010 1998 1984 1974 1967 1964 1965 1969 1977 1987 2001 2016 2034 2054 2073 2094 2111 2127 2143 2158 2176 2192 2209
2719 2711 2703 2696 2690 2685 2680 2674 2669 2664 2659 2655 2650 2645 2640 2637 2635 2635 2637 2638 2641 2643 2646 2647 2647 2645 2642 2640 2637 2635 2632 2629 2626 2625 2623 2623 2624 2626 2626 2625 2625 2625 2626 2627 2629 2631 2635 2642 2653 2667 2683 2696 2705 2706 2703 2695 2686 2674 2661 2645 2629 2613 2597 2583 2568 2552 2537 2521 2504 2486 2467 2453 2441 2429 2419 2407 2396 2383 2370 2359 2347 2336 2326 2312 2299 2281 2261 2242 2219 2199 2181 2161 2143 2120 2094 2072 2050 2033 2017 2001 1988 1972 1956 1939 1923 1909 1896 1885 1877 1871 1866 1861 1857 1853 1849 1844 1838 1830 1823 1814 1806 1799 1793 1789 1786 1784 1781 1778 1775 1773 1770 1767 1764 1762 1759 1756 1753 1750 1746 1742 1739 1736 1735 1734 1733 1732 1732 1730 1728 1725 1720 1714 1709 1705 1703 1704 1704 1704 1703 1703 1703 1704 1704 1704 1704 1703 1703 1703 1702 1702 1701 1700 1700 1701 1702 1702 1702 1702 1702 1701 1700 1700 1700 1700 1700 1700 1700 1699 1698 1697 1697 1697 1696 1696 1696 1695 1696 1696 1697 1697 1698 1698 1700 1700 1697 1693 1692 1697 1707 1719 1732 1748 1765 1781 1800 1820 1843 1867 1890 1913 1932 1948 1964 1976 1987 1997 2006 2016 2025 2032 2035 2034 2030 2022 2011 1999 1988 1979 1974 1972 1973 1977 1984 1996 2009 2025 2042 2059 2077 2093 2108 2125 2140 2158 2175 2194
2714 2706 2699 2693 2688 2683 2679 2673 2668 2663 2658 2654 2651 2647 2644 2643 2643 2646 2649 2653 2656 2660 2663 2665 2665 2663 2660 2656 2653 2650 2646 2641 2638 2634 2631 2629 2629 2630 2630 2629 2628 2629 2631 2633 2637 2641 2649 2659 2672 2685 2700 2712 2717 2716 2710 2703 2693 2679 2664 2648 2631 2615 2598 2583 2568 2551 2536 2520 2503 2485 2466 2452 2440 2429 2419 2407 2395 2382 2369 2357 2345 2334 2323 2309 2294 2276 2256 2236 2214 2193 2175 2155 2136 2114 2090 2068 2047 2030 2015 2000 1987 1972 1957 1942 1925 1910 1896 1885 1877 1870 1865 1860 1856 1852 1848 1842 1836 1828 1819 1810 1800 1793 1787 1784 1782 1779 1777 1774 1772 1769 1766 1764 1761 1759 1757 1755 1752 1749 1745 1742 1738 1735 1733 1732 1731 1730 1729 1728 1725 1722 1718 1713 1708 1705 1704 1704 1704 1704 1703 1703 1704 1704 1704 1704 1703 1703 1703 1702 1702 1702 1700 1700 1700 1701 1702 1702 1702 1702 1701 1700 1700 1700 1700 1700 1700 1700 1699 1699 1698 1698 1698 1698 1697 1697 1696 1696 1696 1697 1697 1697 1698 1698 1700 1700 1696 1692 1693 1699 1709 1721 1734 1751 1768 1785 1807 1830 1856 1879 1900 1921 1939 1956 1971 1983 1995 2005 2015 2027 2037 2044 2047 2047 2042 2035 2025 2014 2002 1992 1985 1982 1980 1980 1984 1993 2004 2017 2032 2047 2063 2077 2092 2109 2125 2143 2160 2179
2711 2704 2697 2693 2688 2684 2681 2675 2670 2664 2660 2656 2653 2651 2650 2650 2653 2657 2663 2668 2673 2676 2680 2683 2683 2681 2676 2672 2669 2665 2660 2654 2648 2643 2638 2636 2634 2634 2633 2632 2632 2634 2638 2643 2649 2656 2667 2679 2692 2707 2721 2729 2729 2725 2718 2710 2698 2682 2665 2648 2630 2615 2598 2583 2568 2551 2535 2518 2501 2484 2465 2451 2440 2428 2418 2406 2395 2382 2368 2355 2343 2331 2319 2305 2289 2270 2249 2229 2207 2187 2169 2148 2129 2107 2084 2063 2042 2025 2011 1997 1985 1971 1957 1943 1927 1912 1897 1885 1876 1868 1863 1858 1854 1850 1845 1840 1833 1824 1815 1804 1795 1788 1783 1780 1778 1776 1774 1771 1769 1766 1764 1761 1759 1757 1756 1754 1751 1749 1745 1741 1737 1734 1732 1730 1729 1728 1727 1726 1723 1720 1717 1713 1709 1706 1704 1704 1704 1704 1704 1704 1704 1704 1704 1704 1703 1703 1702 1702 1702 1701 1700 1700 1700 1700 1701 1702 1702 1701 1700 1699 1699 1699 1699 1699 1700 1699 1699 1698 1698 1698 1698 1698 1698 1697 1697 1697 1697 1697 1697 1698 1698 1698 1699 1699 1695 1692 1695 1701 1711 1724 1737 1753 1769 1789 1816 1844 1871 1893 1910 1930 1948 1963 1979 1991 2003 2014 2025 2037 2047 2056 2060 2061 2057 2050 2041 2030 2018 2007 1999 1994 1990 1987 1988 1993 2001 2013 2026 2038 2052 2065 2080 2097 2113 2130 2148 2166
2712 2705 2700 2696 2693 2690 2686 2681 2675 2669 2664 2661 2659 2658 2658 2660 2665 2672 2679 2685 2690 2694 2698 2701 2701 2698 2693 2689 2684 2680 2673 2666 2660 2653 2648 2644 2642 2640 2639 2639 2641 2645 2652 2660 2669 2679 2692 2704 2717 2733 2744 2747 2742 2734 2725 2715 2701 2683 2665 2647 2629 2613 2596 2581 2566 2549 2534 2516 2499 2482 2465 2451 2439 2428 2418 2406 2395 2382 2367 2354 2341 2328 2316 2300 2283 2264 2242 2221 2199 2180 2161 2139 2120 2098 2077 2056 2035 2018 2005 1992 1981 1968 1956 1943 1926 1911 1897 1884 1874 1866 1859 1854 1849 1845 1840 1834 1827 1818 1808 1798 1789 1783 1778 1776 1774 1772 1771 1768 1766 1763 1761 1759 1757 1755 1754 1752 1750 1747 1744 1741 1737 1733 1730 1728 1727 1726 1725 1724 1721 1719 1717 1714 1711 1708 1705 1704 1704 1704 1704 1704 1704 1704 1704 1703 1703 1702 1702 1702 1702 1702 1701 1700 1700 1700 1700 1700 1701 1701 1700 1700 1699 1699 1699 1699 1699 1699 1699 1698 1698 1698 1699 1699 1698 1698 1697 1697 1697 1697 1698 1698 1698 1699 1699 1697 1695 1694 1698 1705 1715 1728 1740 1756 1772 1794 1828 1861 1889 1909 1924 1942 1958 1974 1988 2000 2012 2023 2035 2048 2060 2069 2076 2078 2076 2070 2060 2049 2037 2026 2017 2010 2004 1999 1997 1998 2003 2011 2022 2033 2045 2056 2070 2086 2102 2120 2136 2154
2716 2709 2704 2702 2699 2696 2693 2688 2682 2676 2671 2668 2666 2666 2667 2671 2677 2685 2693 2699 2705 2709 2713 2715 2714 2711 2706 2701 2696 2690 2683 2675 2668 2661 2656 2652 2649 2646 2646 2648 2652 2658 2668 2679 2689 2700 2715 2727 2742 2758 2765 2761 2751 2741 2730 2717 2702 2682 2663 2644 2626 2610 2594 2580 2565 2548 2533 2515 2498 2481 2464 2451 2439 2428 2418 2407 2395 2381 2366 2352 2339 2326 2314 2297 2280 2259 2236 2214 2191 2172 2153 2132 2112 2091 2069 2048 2027 2010 1998 1986 1976 1964 1953 1940 1924 1909 1895 1882 1872 1862 1855 1849 1843 1838 1833 1827 1820 1811 1802 1792 1784 1779 1775 1773 1772 1770 1768 1766 1764 1761 1759 1757 1755 1753 1752 1750 1748 1746 1743 1740 1736 1732 1729 1726 1724 1723 1723 1722 1720 1718 1717 1715 1712 1708 1705 1704 1704 1704 1704 1704 1704 1703 1703 1703 1702 1701 1701 1701 1702 1702 1701 1700 1700 1699 1699 1699 1700 1700 1700 1700 1699 1699 1699 1699 1699 1699 1698 1698 1698 1698 1699 1699 1699 1698 1698 1697 1697 1697 1698 1698 1698 1699 1699 1698 1696 1696 1701 1708 1718 1730 1742 1758 1775 1801 1841 1878 1905 1924 1937 1954 1969 1983 1996 2007 2020 2032 2044 2059 2071 2083 2091 2095 2093 2088 2079 2067 2055 2043 2033 2025 2018 2012 2008 2006 2008 2013 2020 2030 2040 2052 2065 2080 2095 2112 2129 2146
2725 2718 2713 2711 2709 2706 2703 2698 2692 2686 2681 2677 2675 2676 2679 2684 2691 2699 2707 2713 2719 2723 2726 2728 2727 2724 2720 2715 2709 2703 2696 2689 2682 2674 2668 2664 2661 2660 2661 2665 2671 2679 2691 2703 2714 2725 2739 2753 2768 2781 2782 2772 2758 2745 2732 2717 2700 2680 2662 2642 2623 2608 2592 2577 2562 2546 2530 2513 2495 2479 2463 2450 2439 2428 2419 2407 2394 2380 2364 2351 2337 2324 2311 2294 2276 2253 2228 2205 2181 2162 2145 2124 2105 2084 2062 2040 2018 2002 1990 1979 1970 1959 1947 1935 1919 1905 1891 1878 1867 1857 1849 1842 1836 1830 1825 1819 1812 1804 1795 1787 1780 1775 1772 1770 1769 1767 1765 1763 1761 1758 1756 1754 1752 1750 1749 1747 1746 1743 1741 1738 1735 1731 1727 1724 1722 1721 1720 1720 1719 1717 1717 1715 1712 1707 1705 1705 1704 1704 1704 1704 1704 1703 1702 1702 1701 1701 1701 1701 1702 1702 1701 1700 1700 1699 1699 1699 1699 1700 1700 1700 1700 1699 1699 1699 1699 1699 1698 1698 1697 1698 1699 1699 1699 1699 1698 1698 1698 1697 1698 1698 1699 1699 1699 1699 1700 1701 1706 1714 1724 1736 1749 1766 1784 1815 1859 1896 1922 1941 1955 1970 1983 1995 2007 2017 2030 2043 2056 2072 2086 2099 2109 2113 2112 2107 2099 2088 2076 2063 2052 2044 2036 2029 2023 2018 2016 2017 2021 2028 2038 2048 2061 2075 2089 2106 2122 2139
2736 2729 2724 2721 2719 2717 2714 2709 2703 2697 2692 2688 2686 2686 2690 2696 2703 2711 2718 2723 2729 2732 2735 2737 2737 2735 2732 2728 2721 2714 2709 2704 2699 2691 2683 2678 2675 2676 2679 2686 2693 2701 2713 2726 2739 2751 2765 2777 2790 2797 2793 2778 2760 2745 2730 2713 2696 2678 2660 2640 2622 2606 2589 2573 2558 2542 2527 2509 2492 2477 2461 2449 2438 2428 2418 2406 2393 2378 2363 2350 2336 2322 2309 2291 2271 2246 2219 2196 2173 2154 2137 2117 2099 2078 2055 2033 2011 1995 1983 1972 1963 1952 1941 1928 1913 1899 1885 1872 1862 1852 1843 1836 1829 1823 1818 1812 1806 1798 1791 1783 1777 1773 1770 1768 1767 1765 1762 1760 1758 1756 1753 1751 1749 1747 1746 1744 1743 1741 1738 1736 1733 1730 1726 1722 1720 1719 1718 1718 1718 1718 1717 1715 1710 1706 1705 1705 1705 1705 1704 1704 1703 1703 1702 1701 1701 1701 1701 1701 1702 1702 1701 1701 1700 1700 1699 1699 1700 1700 1700 1700 1700 1700 1700 1700 1700 1699 1699 1698 1698 1698 1699 1700 1700 1699 1699 1698 1698 1698 1698 1699 1699 1700 1700 1701 1703 1707 1713 1721 1732 1747 1761 1780 1801 1833 1876 1911 1935 1956 1970 1985 1996 2006 2016 2026 2039 2053 2068 2084 2099 2113 2123 2128 2128 2124 2117 2106 2094 2081 2069 2060 2051 2044 2037 2031 2027 2025 2026 2030 2038 2048 2060 2073 2086 2103 2120 2137
2751 2743 2737 2734 2732 2730 2727 2722 2716 2710 2705 2700 2698 2698 2701 2707 2713 2720 2726 2731 2736 2739 2742 2744 2746 2747 2746 2742 2736 2730 2728 2727 2724 2715 2705 2697 2696 2698 2703 2712 2720 2727 2734 2747 2764 2780 2792 2801 2807 2808 2798 2780 2759 2741 2724 2708 2692 2675 2658 2639 2621 2604 2585 2568 2552 2536 2521 2504 2488 2473 2459 2448 2437 2427 2417 2404 2390 2376 2360 2348 2334 2320 2306 2286 2263 2235 2208 2185 2164 2145 2128 2110 2093 2073 2050 2027 2005 1988 1976 1965 1956 1945 1933 1921 1906 1892 1879 1866 1856 1846 1838 1830 1823 1817 1812 1808 1802 1795 1787 1781 1775 1772 1769 1767 1764 1762 1759 1757 1755 1752 1750 1748 1746 1744 1742 1741 1739 1738 1736 1734 1731 1727 1724 1721 1719 1718 1717 1717 1718 1718 1717 1713 1708 1705 1705 1706 1705 1705 1704 1704 1703 1702 1702 1701 1701 1701 1701 1702 1702 1702 1701 1701 1701 1700 1700 1700 1701 1701 1701 1701 1700 1700 1700 1700 1700 1700 1699 1699 1698 1699 1699 1700 1700 1699 1699 1698 1698 1698 1699 1699 1700 1701 1702 1703 1707 1713 1722 1733 1747 1766 1783 1803 1827 1857 1895 1924 1948 1969 1985 2000 2009 2018 2027 2037 2051 2065 2080 2097 2113 2127 2137 2143 2144 2141 2135 2125 2113 2100 2087 2077 2068 2060 2052 2045 2040 2036 2034 2036 2041 2049 2060 2072 2085 2102 2118 2134
2768 2759 2753 2749 2746 2744 2740 2735 2729 2723 2717 2712 2709 2709 2711 2715 2720 2725 2730 2734 2738 2742 2745 2749 2753 2757 2759 2757 2753 2750 2751 2753 2753 2746 2734 2725 2724 2727 2732 2742 2748 2753 2757 2768 2787 2803 2813 2816 2814 2809 2797 2777 2754 2734 2717 2703 2689 2672 2657 2639 2621 2602 2579 2560 2544 2528 2514 2498 2483 2470 2457 2447 2436 2425 2414 2401 2387 2373 2358 2345 2331 2317 2302 2280 2254 2224 2196 2175 2155 2137 2120 2103 2087 2067 2044 2022 2000 1983 1971 1959 1950 1938 1926 1914 1899 1885 1872 1860 1850 1841 1833 1826 1819 1814 1809 1805 1800 1793 1786 1780 1775 1772 1769 1766 1763 1759 1757 1754 1751 1749 1747 1745 1743 1741 1739 1737 1736 1735 1733 1731 1728 1725 1722 1719 1717 1717 1716 1716 1717 1717 1715 1710 1707 1705 1706 1706 1706 1705 1704 1703 1703 1702 1701 1701 1701 1702 1702 1702 1702 1702 1701 1701 1701 1701 1701 1701 1701 1701 1701 1701 1701 1700 1700 1700 1700 1701 1700 1700 1699 1699 1700 1700 1700 1699 1699 1699 1699 1699 1700 1701 1702 1703 1703 1706 1712 1722 1735 1748 1765 1788 1808 1831 1855 1882 1911 1935 1958 1980 1998 2012 2022 2029 2038 2049 2062 2077 2092 2109 2124 2137 2148 2154 2158 2156 2152 2144 2133 2119 2105 2094 2083 2075 2067 2060 2054 2049 2046 2045 2048 2053 2061 2071 2083 2099 2115 2130
2784 2776 2769 2765 2761 2756 2752 2746 2741 2736 2729 2723 2718 2717 2718 2720 2723 2727 2730 2733 2737 2741 2746 2751 2757 2764 2769 2770 2770 2770 2774 2779 2782 2777 2766 2758 2757 2759 2763 2770 2775 2779 2782 2790 2805 2818 2822 2819 2812 2803 2789 2770 2747 2728 2712 2699 2687 2671 2656 2639 2619 2598 2573 2553 2536 2520 2507 2492 2479 2468 2456 2445 2434 2423 2412 2398 2384 2370 2355 2342 2327 2313 2296 2273 2246 2216 2187 2166 2147 2130 2113 2095 2080 2061 2039 2018 1996 1980 1966 1954 1945 1933 1921 1907 1893 1879 1866 1854 1845 1836 1829 1823 1817 1812 1808 1804 1799 1793 1786 1780 1775 1772 1769 1766 1762 1758 1754 1751 1748 1746 1744 1742 1740 1738 1737 1735 1733 1732 1730 1728 1726 1723 1720 1718 1716 1716 1715 1715 1715 1715 1712 1708 1705 1705 1706 1707 1706 1705 1704 1703 1702 1701 1701 1701 1701 1701 1702 1702 1702 1702 1702 1702 1701 1701 1701 1702 1702 1702 1701 1701 1701 1700 1700 1700 1701 1701 1701 1700 1700 1700 1700 1700 1700 1699 1699 1699 1699 1700 1701 1702 1703 1704 1705 1709 1719 1732 1748 1763 1782 1807 1831 1857 1880 1901 1925 1945 1967 1989 2008 2023 2032 2040 2049 2060 2073 2088 2103 2118 2132 2145 2156 2164 2169 2170 2168 2162 2151 2138 2123 2111 2099 2090 2082 2074 2069 2063 2059 2057 2057 2059 2063 2069 2080 2095 2109 2123
2801 2794 2787 2782 2776 2770 2765 2758 2753 2747 2740 2732 2726 2723 2722 2722 2724 2726 2728 2730 2733 2737 2743 2750 2759 2768 2775 2781 2787 2791 2797 2804 2808 2808 2800 2794 2792 2792 2793 2797 2800 2802 2805 2810 2817 2821 2819 2811 2802 2791 2778 2760 2740 2723 2708 2696 2685 2670 2656 2638 2616 2592 2566 2544 2526 2511 2500 2488 2476 2465 2454 2443 2431 2420 2409 2395 2382 2367 2351 2337 2321 2305 2288 2265 2240 2210 2180 2158 2140 2122 2105 2087 2071 2053 2033 2013 1992 1976 1962 1950 1940 1928 1916 1902 1887 1873 1860 1848 1840 1832 1826 1821 1816 1812 1808 1804 1799 1793 1787 1781 1776 1773 1769 1765 1760 1756 1752 1748 1745 1743 1741 1739 1738 1736 1734 1732 1731 1729 1727 1725 1723 1721 1719 1716 1715 1714 1713 1713 1713 1712 1709 1706 1705 1706 1706 1706 1706 1705 1704 1703 1702 1701 1700 1700 1700 1701 1701 1702 1702 1702 1702 1702 1702 1702 1702 1702 1702 1702 1701 1701 1701 1700 1700 1700 1700 1701 1700 1700 1700 1700 1700 1700 1700 1700 1700 1700 1700 1701 1702 1703 1704 1706 1709 1716 1730 1746 1763 1780 1801 1827 1853 1880 1900 1917 1937 1955 1977 1999 2017 2031 2041 2050 2061 2072 2085 2099 2113 2127 2140 2153 2164 2174 2181 2186 2186 2182 2173 2160 2146 2132 2119 2109 2100 2092 2086 2081 2076 2072 2069 2067 2067 2070 2077 2088 2100 2113
2816 2810 2804 2798 2791 2783 2776 2770 2764 2757 2748 2738 2730 2725 2724 2722 2722 2722 2723 2724 2726 2730 2736 2746 2756 2767 2779 2789 2800 2807 2815 2823 2828 2830 2827 2822 2820 2818 2817 2817 2817 2817 2819 2820 2819 2815 2807 2797 2787 2776 2764 2750 2733 2719 2705 2694 2683 2669 2655 2636 2612 2586 2559 2536 2518 2504 2495 2484 2474 2463 2451 2441 2429 2417 2407 2393 2380 2364 2347 2332 2315 2298 2281 2259 2236 2209 2178 2154 2133 2116 2099 2080 2064 2046 2027 2009 1989 1973 1960 1947 1937 1925 1913 1899 1884 1870 1856 1844 1836 1829 1824 1820 1816 1813 1809 1804 1800 1794 1788 1782 1777 1773 1769 1764 1760 1755 1750 1746 1743 1741 1739 1737 1735 1733 1732 1730 1728 1727 1725 1723 1721 1719 1717 1715 1714 1712 1711 1711 1710 1708 1706 1705 1705 1706 1706 1706 1705 1705 1703 1702 1701 1700 1700 1700 1700 1700 1701 1701 1702 1702 1702 1702 1702 1702 1702 1702 1701 1701 1701 1701 1701 1700 1700 1700 1700 1700 1700 1700 1700 1700 1700 1700 1700 1700 1700 1701 1701 1702 1703 1704 1705 1707 1713 1725 1741 1759 1778 1797 1820 1846 1872 1898 1915 1928 1945 1963 1984 2005 2022 2037 2048 2058 2070 2081 2094 2107 2120 2133 2145 2158 2170 2181 2191 2198 2202 2201 2194 2182 2168 2153 2138 2126 2116 2108 2102 2096 2091 2087 2081 2076 2072 2072 2075 2084 2093 2105
2829 2824 2819 2813 2805 2796 2789 2782 2776 2767 2754 2742 2732 2727 2724 2721 2719 2717 2717 2717 2718 2722 2728 2739 2750 2764 2779 2793 2807 2818 2827 2836 2841 2844 2843 2841 2838 2835 2832 2830 2828 2825 2823 2819 2812 2803 2792 2781 2771 2760 2750 2739 2726 2714 2702 2690 2679 2666 2653 2633 2607 2579 2550 2528 2511 2498 2490 2481 2471 2460 2448 2438 2427 2415 2405 2391 2377 2361 2343 2326 2307 2290 2273 2253 2233 2208 2177 2150 2128 2110 2093 2074 2056 2038 2019 2003 1985 1970 1957 1944 1934 1922 1909 1896 1881 1867 1852 1840 1832 1827 1823 1819 1816 1814 1809 1804 1799 1794 1789 1784 1778 1773 1768 1763 1759 1753 1749 1744 1741 1738 1736 1734 1732 1730 1729 1727 1725 1724 1722 1720 1718 1717 1715 1714 1712 1711 1710 1709 1708 1706 1705 1705 1705 1706 1706 1705 1705 1704 1703 1702 1701 1700 1699 1699 1699 1700 1700 1701 1702 1702 1702 1702 1702 1702 1702 1701 1701 1701 1701 1701 1701 1700 1700 1700 1700 1700 1700 1700 1700 1700 1700 1700 1700 1700 1701 1701 1702 1703 1704 1705 1707 1710 1719 1736 1754 1772 1794 1816 1840 1866 1890 1912 1928 1939 1954 1970 1990 2010 2026 2042 2054 2066 2078 2090 2102 2116 2128 2141 2152 2164 2178 2190 2202 2212 2219 2222 2218 2208 2195 2180 2164 2150 2138 2128 2121 2115 2109 2104 2096 2088 2081 2078 2078 2083 2090 2099
2834 2831 2827 2823 2815 2806 2799 2791 2783 2772 2758 2744 2733 2726 2722 2718 2715 2712 2711 2710 2712 2715 2721 2731 2744 2759 2776 2792 2808 2820 2830 2839 2844 2847 2848 2846 2843 2840 2837 2833 2829 2824 2818 2809 2798 2787 2776 2766 2757 2747 2739 2730 2721 2710 2698 2687 2676 2664 2650 2629 2602 2572 2543 2522 2507 2495 2487 2477 2467 2457 2445 2435 2424 2413 2402 2389 2375 2359 2340 2322 2302 2284 2268 2249 2231 2207 2177 2149 2125 2107 2090 2070 2051 2032 2014 1998 1981 1967 1954 1941 1931 1918 1906 1894 1879 1865 1851 1838 1830 1825 1822 1819 1816 1814 1809 1804 1799 1795 1790 1785 1779 1773 1768 1763 1758 1753 1748 1743 1739 1736 1733 1731 1729 1727 1726 1724 1723 1721 1719 1718 1716 1715 1714 1713 1711 1709 1708 1707 1706 1706 1705 1705 1705 1705 1705 1705 1704 1704 1703 1702 1701 1700 1699 1699 1699 1699 1700 1701 1701 1702 1703 1703 1703 1702 1702 1701 1701 1701 1701 1701 1701 1700 1700 1700 1700 1700 1700 1701 1701 1700 1700 1700 1700 1700 1701 1702 1702 1703 1704 1706 1708 1712 1725 1745 1765 1784 1808 1831 1855 1879 1900 1919 1933 1944 1958 1974 1993 2012 2028 2045 2059 2072 2084 2095 2108 2121 2133 2146 2158 2170 2184 2198 2211 2223 2232 2237 2237 2230 2220 2206 2189 2172 2158 2147 2138 2131 2125 2119 2110 2100 2092 2086 2084 2085 2089 2097
2831 2831 2830 2828 2821 2813 2806 2798 2788 2774 2759 2745 2734 2725 2720 2715 2711 2707 2706 2705 2707 2710 2716 2725 2737 2753 2770 2786 2802 2815 2825 2834 2840 2843 2843 2841 2838 2835 2832 2828 2824 2817 2807 2795 2783 2771 2760 2752 2744 2736 2730 2723 2715 2705 2693 2682 2672 2659 2646 2625 2596 2566 2537 2517 2504 2493 2484 2473 2463 2452 2441 2431 2421 2410 2399 2386 2373 2358 2337 2318 2299 2281 2265 2246 2228 2204 2175 2149 2125 2106 2088 2067 2049 2029 2010 1994 1978 1964 1951 1938 1927 1915 1903 1891 1877 1864 1850 1838 1830 1824 1822 1819 1816 1813 1809 1803 1798 1794 1790 1785 1779 1774 1768 1762 1757 1752 1747 1741 1737 1733 1730 1728 1725 1724 1723 1721 1720 1719 1717 1716 1715 1714 1713 1712 1710 1708 1707 1706 1706 1705 1705 1705 1705 1705 1704 1704 1704 1704 1703 1702 1701 1700 1699 1699 1699 1699 1699 1700 1701 1702 1703 1703 1703 1703 1702 1702 1701 1701 1701 1701 1701 1700 1700 1700 1700 1700 1701 1701 1701 1701 1701 1701 1700 1701 1701 1701 1703 1704 1705 1706 1709 1716 1730 1751 1773 1795 1820 1843 1865 1886 1904 1921 1934 1946 1960 1976 1994 2013 2030 2048 2063 2077 2090 2101 2114 2126 2138 2151 2164 2177 2191 2205 2220 2233 2243 2250 2253 2252 2245 2233 2216 2198 2181 2167 2157 2148 2142 2136 2126 2116 2105 2097 2092 2090 2091 2096
2824 2825 2827 2826 2821 2814 2807 2799 2787 2773 2758 2746 2734 2724 2717 2711 2707 2703 2702 2702 2704 2707 2712 2721 2731 2745 2761 2776 2791 2803 2813 2821 2826 2829 2827 2824 2821 2818 2816 2814 2810 2802 2791 2778 2766 2756 2747 2741 2735 2728 2723 2718 2709 2699 2687 2676 2666 2652 2639 2617 2589 2559 2532 2514 2501 2490 2481 2469 2458 2447 2437 2427 2417 2406 2395 2383 2371 2356 2335 2315 2296 2279 2263 2243 2223 2199 2172 2148 2126 2106 2088 2066 2047 2027 2008 1991 1974 1959 1947 1933 1922 1910 1898 1887 1874 1862 1850 1838 1830 1824 1821 1819 1815 1812 1807 1802 1797 1793 1789 1785 1780 1774 1767 1762 1757 1751 1745 1739 1734 1731 1727 1725 1723 1721 1720 1719 1718 1716 1715 1714 1713 1713 1712 1711 1709 1707 1706 1705 1705 1705 1705 1705 1705 1704 1704 1704 1704 1704 1703 1702 1701 1700 1700 1699 1699 1699 1699 1700 1701 1702 1703 1703 1703 1703 1702 1702 1702 1702 1702 1701 1701 1701 1700 1701 1701 1701 1701 1702 1702 1702 1702 1701 1701 1701 1701 1701 1703 1704 1706 1707 1711 1720 1735 1755 1779 1803 1828 1849 1868 1887 1903 1919 1932 1945 1960 1975 1993 2013 2031 2050 2066 2080 2094 2105 2117 2130 2142 2156 2169 2183 2198 2212 2227 2240 2251 2260 2266 2269 2266 2258 2242 2224 2205 2188 2176 2165 2159 2152 2143 2132 2120 2110 2103 2098 2097 2099
2816 2818 2819 2819 2815 2809 2803 2795 2783 2769 2756 2745 2733 2723 2715 2709 2704 2700 2698 2699 2701 2704 2709 2717 2725 2737 2749 2762 2776 2788 2797 2804 2808 2808 2805 2801 2797 2795 2793 2792 2789 2782 2771 2760 2750 2743 2737 2732 2728 2723 2718 2712 2703 2694 2682 2671 2659 2644 2628 2606 2579 2552 2528 2511 2499 2488 2477 2465 2453 2443 2432 2423 2413 2402 2392 2381 2369 2354 2332 2312 2293 2276 2260 2240 2219 2194 2169 2147 2125 2106 2087 2066 2046 2025 2005 1988 1970 1956 1943 1929 1918 1906 1894 1883 1871 1860 1849 1839 1831 1825 1821 1818 1814 1810 1806 1801 1796 1791 1787 1783 1779 1774 1767 1761 1756 1749 1743 1737 1733 1729 1725 1723 1721 1720 1719 1717 1716 1715 1714 1713 1712 1712 1711 1710 1708 1706 1705 1705 1705 1705 1705 1705 1704 1704 1704 1704 1703 1704 1703 1703 1702 1701 1700 1699 1699 1699 1699 1700 1701 1702 1703 1703 1703 1702 1702 1702 1702 1702 1702 1701 1701 1701 1701 1701 1701 1701 1702 1702 1703 1703 1703 1702 1702 1701 1701 1701 1703 1705 1707 1709 1714 1725 1739 1760 1783 1807 1831 1851 1869 1886 1901 1916 1929 1942 1958 1973 1991 2011 2031 2050 2067 2082 2096 2107 2120 2133 2146 2160 2174 2188 2203 2217 2232 2246 2257 2267 2276 2281 2282 2277 2265 2247 2227 2207 2193 2181 2174 2168 2159 2148 2134 2123 2115 2107 2104 2105
2809 2809 2810 2808 2805 2800 2795 2787 2777 2765 2754 2744 2732 2722 2714 2707 2701 2697 2695 2695 2697 2701 2706 2713 2719 2727 2737 2748 2760 2770 2779 2784 2785 2783 2778 2773 2769 2767 2766 2765 2763 2758 2751 2743 2736 2730 2726 2722 2720 2716 2711 2705 2695 2686 2675 2662 2648 2631 2613 2590 2565 2543 2523 2508 2496 2483 2473 2460 2448 2438 2428 2419 2409 2399 2389 2378 2366 2349 2327 2306 2288 2271 2255 2235 2214 2190 2166 2145 2123 2104 2085 2064 2044 2023 2002 1985 1967 1952 1939 1925 1914 1901 1889 1878 1867 1858 1848 1839 1832 1825 1821 1817 1813 1809 1804 1799 1794 1789 1785 1781 1777 1773 1767 1761 1754 1747 1741 1735 1730 1727 1723 1721 1720 1718 1717 1716 1715 1714 1713 1712 1712 1711 1710 1708 1706 1705 1705 1705 1705 1705 1705 1704 1704 1703 1703 1703 1703 1704 1704 1703 1702 1701 1700 1700 1700 1700 1700 1701 1702 1702 1703 1703 1703 1702 1702 1702 1702 1702 1702 1701 1702 1702 1702 1702 1702 1702 1702 1703 1703 1703 1703 1703 1702 1702 1701 1702 1705 1707 1709 1712 1718 1730 1746 1766 1788 1809 1832 1851 1868 1886 1900 1915 1928 1941 1957 1972 1991 2012 2031 2051 2069 2084 2099 2110 2123 2137 2150 2166 2179 2193 2208 2222 2238 2252 2265 2277 2286 2294 2297 2295 2287 2272 2251 2230 2213 2201 2193 2186 2177 2165 2151 2138 2128 2120 2115 2114
2800 2800 2799 2798 2795 2792 2787 2780 2772 2763 2753 2743 2732 2723 2715 2707 2701 2696 2693 2692 2694 2698 2704 2709 2714 2720 2727 2735 2745 2754 2761 2765 2765 2760 2754 2748 2744 2742 2742 2741 2740 2738 2734 2729 2725 2722 2718 2715 2713 2710 2706 2698 2689 2679 2666 2652 2636 2616 2596 2573 2552 2535 2518 2504 2492 2480 2468 2456 2444 2434 2424 2416 2406 2396 2387 2375 2361 2343 2320 2300 2282 2266 2250 2229 2209 2186 2163 2142 2120 2101 2082 2061 2041 2020 1999 1982 1964 1949 1935 1922 1910 1897 1885 1875 1865 1856 1847 1839 1832 1826 1821 1817 1812 1807 1802 1797 1792 1787 1783 1779 1775 1771 1766 1760 1753 1746 1739 1733 1728 1724 1722 1720 1719 1718 1717 1715 1714 1713 1711 1711 1710 1709 1708 1707 1706 1705 1705 1705 1705 1705 1705 1704 1703 1703 1703 1703 1703 1704 1704 1704 1703 1701 1701 1700 1700 1700 1701 1701 1702 1703 1703 1703 1702 1702 1702 1702 1702 1702 1702 1702 1702 1702 1702 1702 1702 1703 1703 1703 1703 1703 1703 1703 1702 1701 1702 1704 1707 1709 1711 1715 1722 1735 1751 1771 1792 1811 1832 1850 1867 1884 1898 1914 1928 1941 1958 1974 1993 2013 2032 2052 2069 2085 2101 2113 2126 2140 2154 2169 2182 2196 2211 2226 2243 2259 2273 2286 2295 2303 2307 2308 2301 2289 2271 2250 2232 2218 2209 2202 2191 2179 2164 2151 2141 2132 2126 2123
2790 2789 2789 2788 2787 2785 2782 2775 2768 2761 2752 2744 2734 2724 2716 2707 2700 2695 2691 2690 2691 2695 2700 2705 2709 2713 2718 2723 2730 2737 2743 2746 2743 2737 2731 2726 2721 2719 2719 2718 2719 2719 2718 2716 2714 2712 2709 2706 2704 2702 2697 2689 2679 2668 2654 2638 2619 2597 2576 2555 2539 2526 2511 2499 2487 2475 2464 2451 2440 2430 2420 2412 2403 2393 2383 2370 2354 2335 2312 2292 2275 2259 2244 2224 2204 2182 2160 2139 2117 2097 2079 2058 2038 2017 1996 1979 1961 1945 1931 1918 1906 1893 1882 1872 1862 1854 1846 1839 1833 1827 1822 1817 1811 1806 1800 1795 1791 1786 1781 1777 1773 1770 1765 1759 1751 1743 1736 1730 1725 1721 1719 1718 1718 1716 1715 1714 1713 1711 1710 1709 1709 1708 1707 1706 1705 1705 1705 1705 1705 1705 1705 1704 1703 1703 1703 1703 1703 1704 1704 1704 1703 1702 1701 1701 1701 1701 1702 1702 1703 1703 1703 1703 1702 1702 1702 1702 1702 1702 1702 1702 1702 1703 1703 1703 1703 1703 1703 1703 1703 1703 1703 1703 1702 1701 1703 1706 1710 1712 1715 1720 1728 1742 1758 1777 1797 1815 1834 1851 1867 1884 1898 1915 1930 1945 1962 1979 1997 2017 2035 2054 2072 2089 2105 2118 2132 2146 2159 2174 2187 2200 2216 2232 2251 2268 2283 2298 2308 2315 2320 2320 2316 2307 2292 2272 2255 2240 2229 2220 2209 2195 2180 2167 2157 2148 2141 2136
2779 2779 2779 2779 2779 2779 2777 2772 2766 2760 2752 2745 2736 2727 2718 2709 2701 2694 2690 2688 2689 2693 2698 2703 2706 2709 2712 2715 2720 2725 2729 2730 2726 2719 2713 2709 2705 2702 2701 2701 2702 2705 2706 2706 2706 2704 2702 2699 2697 2693 2688 2679 2668 2655 2639 2622 2602 2579 2559 2541 2528 2518 2505 2494 2482 2470 2459 2447 2436 2426 2416 2408 2400 2390 2379 2364 2348 2328 2305 2286 2269 2254 2239 2220 2200 2179 2157 2137 2114 2094 2075 2054 2035 2014 1994 1977 1958 1943 1928 1915 1903 1891 1880 1870 1861 1854 1846 1839 1833 1828 1822 1817 1811 1806 1800 1795 1790 1785 1780 1776 1772 1769 1764 1757 1749 1741 1733 1727 1721 1718 1717 1716 1716 1715 1714 1713 1712 1710 1709 1708 1707 1706 1706 1706 1706 1706 1705 1705 1705 1705 1705 1704 1703 1703 1704 1704 1704 1704 1704 1704 1703 1702 1702 1701 1701 1702 1702 1703 1703 1703 1703 1703 1703 1702 1702 1702 1702 1702 1702 1702 1703 1703 1703 1704 1704 1703 1703 1703 1702 1703 1703 1702 1701 1702 1705 1709 1713 1715 1719 1724 1734 1748 1765 1784 1802 1818 1836 1852 1868 1885 1900 1918 1934 1951 1969 1985 2004 2022 2039 2058 2076 2092 2109 2123 2138 2152 2165 2179 2191 2205 2222 2239 2259 2277 2294 2309 2319 2326 2330 2330 2327 2320 2308 2291 2275 2260 2248 2238 2225 2212 2197 2183 2173 2163 2156 2150
2767 2768 2769 2769 2770 2771 2770 2767 2763 2758 2751 2745 2737 2728 2719 2709 2701 2694 2689 2687 2688 2692 2697 2701 2704 2705 2707 2708 2710 2714 2717 2715 2709 2702 2697 2693 2689 2686 2684 2684 2687 2691 2694 2695 2695 2695 2694 2692 2689 2684 2677 2667 2653 2640 2623 2605 2585 2562 2544 2530 2520 2511 2499 2488 2477 2465 2454 2442 2431 2421 2411 2403 2394 2384 2373 2358 2341 2322 2300 2282 2266 2251 2236 2217 2198 2177 2155 2136 2113 2092 2072 2051 2033 2013 1994 1976 1957 1941 1926 1912 1900 1888 1878 1869 1861 1854 1847 1840 1834 1828 1823 1818 1812 1807 1801 1795 1790 1785 1780 1775 1771 1768 1763 1755 1746 1737 1730 1723 1718 1715 1714 1714 1713 1712 1712 1711 1711 1710 1709 1707 1706 1706 1706 1706 1706 1706 1706 1705 1705 1705 1705 1704 1704 1704 1704 1704 1704 1704 1704 1704 1703 1703 1702 1702 1702 1702 1703 1703 1703 1703 1703 1703 1703 1703 1703 1702 1702 1702 1702 1702 1703 1703 1704 1704 1704 1703 1703 1702 1702 1702 1702 1701 1701 1703 1707 1712 1715 1718 1723 1730 1740 1756 1773 1791 1808 1822 1838 1853 1869 1887 1904 1922 1940 1958 1977 1993 2011 2029 2046 2064 2081 2098 2115 2129 2145 2159 2171 2185 2198 2212 2229 2247 2268 2287 2304 2319 2330 2336 2340 2341 2338 2332 2322 2309 2295 2280 2268 2257 2245 2232 2217 2203 2192 2182 2174 2167
2756 2758 2759 2760 2761 2762 2763 2762 2758 2754 2749 2744 2737 2728 2719 2709 2700 2692 2688 2686 2688 2691 2695 2698 2700 2700 2699 2699 2700 2702 2703 2699 2692 2685 2680 2678 2674 2671 2668 2668 2672 2677 2681 2683 2684 2685 2685 2683 2680 2673 2663 2650 2636 2621 2605 2587 2568 2547 2533 2522 2513 2504 2493 2483 2472 2460 2449 2436 2425 2415 2405 2397 2387 2376 2365 2350 2334 2317 2296 2279 2263 2249 2234 2215 2196 2175 2155 2136 2114 2092 2071 2051 2033 2014 1995 1977 1957 1941 1926 1911 1899 1887 1877 1868 1860 1854 1848 1841 1835 1828 1823 1818 1813 1809 1803 1797 1790 1784 1779 1775 1771 1767 1761 1752 1742 1733 1725 1719 1714 1712 1711 1711 1710 1710 1710 1710 1709 1709 1708 1707 1706 1706 1706 1706 1707 1707 1706 1706 1705 1705 1705 1705 1705 1704 1704 1704 1704 1704 1704 1704 1704 1704 1703 1703 1703 1703 1703 1703 1703 1704 1704 1704 1704 1704 1703 1703 1702 1702 1702 1702 1703 1703 1704 1704 1704 1703 1703 1702 1702 1702 1702 1701 1701 1705 1711 1715 1718 1721 1728 1736 1748 1765 1782 1799 1814 1826 1841 1856 1873 1892 1910 1930 1949 1967 1986 2002 2020 2037 2053 2071 2088 2105 2122 2137 2152 2167 2180 2194 2207 2222 2240 2257 2277 2297 2314 2329 2339 2346 2350 2351 2349 2344 2337 2326 2314 2301 2290 2280 2268 2256 2241 2227 2215 2204 2195 2187
2748 2750 2751 2751 2753 2755 2757 2756 2753 2748 2744 2740 2734 2726 2717 2707 2698 2691 2686 2685 2687 2690 2692 2694 2695 2693 2691 2690 2689 2690 2688 2682 2675 2669 2665 2663 2661 2658 2655 2655 2659 2664 2668 2671 2673 2675 2676 2674 2668 2659 2647 2633 2618 2604 2588 2571 2553 2537 2526 2517 2508 2499 2488 2479 2468 2455 2443 2430 2419 2409 2399 2389 2379 2369 2357 2342 2328 2312 2292 2276 2261 2247 2233 2214 2195 2175 2155 2137 2116 2095 2074 2054 2037 2018 1998 1980 1960 1942 1926 1910 1898 1886 1877 1868 1860 1854 1848 1842 1835 1828 1823 1818 1814 1811 1805 1798 1791 1785 1779 1775 1771 1766 1758 1749 1739 1729 1722 1716 1711 1709 1709 1709 1708 1708 1708 1708 1708 1708 1707 1707 1706 1706 1707 1707 1707 1707 1706 1706 1705 1705 1705 1705 1705 1705 1704 1704 1704 1704 1704 1704 1704 1704 1704 1704 1704 1703 1703 1703 1703 1704 1704 1704 1704 1704 1704 1703 1702 1702 1702 1702 1702 1703 1703 1704 1704 1703 1702 1702 1702 1702 1702 1701 1703 1709 1714 1718 1721 1725 1733 1743 1756 1774 1791 1807 1820 1831 1845 1860 1877 1897 1917 1938 1958 1976 1995 2011 2027 2044 2060 2078 2094 2111 2129 2144 2160 2175 2188 2204 2217 2233 2250 2267 2286 2304 2320 2335 2345 2353 2357 2359 2358 2354 2349 2340 2331 2320 2310 2300 2290 2279 2266 2252 2238 2225 2215 2207
2740 2741 2741 2742 2743 2746 2748 2747 2745 2741 2737 2733 2728 2722 2714 2704 2695 2688 2684 2683 2684 2686 2687 2687 2686 2682 2678 2676 2674 2673 2669 2662 2656 2650 2646 2645 2643 2642 2640 2640 2642 2646 2651 2654 2657 2660 2661 2658 2652 2640 2627 2613 2598 2585 2570 2554 2540 2527 2519 2511 2502 2492 2483 2473 2462 2449 2436 2423 2412 2401 2390 2380 2369 2359 2348 2334 2320 2305 2288 2272 2257 2244 2230 2212 2194 2175 2155 2138 2118 2099 2080 2060 2043 2024 2003 1984 1963 1944 1927 1911 1899 1887 1877 1868 1860 1854 1848 1841 1835 1828 1823 1818 1815 1811 1806 1799 1792 1785 1779 1775 1770 1764 1755 1745 1735 1726 1718 1712 1709 1707 1707 1707 1707 1707 1707 1707 1707 1707 1707 1707 1707 1707 1707 1707 1706 1706 1706 1706 1705 1705 1705 1705 1705 1705 1705 1705 1705 1705 1704 1704 1704 1705 1705 1705 1704 1704 1703 1703 1703 1704 1704 1704 1704 1704 1704 1703 1703 1703 1703 1703 1702 1702 1702 1703 1703 1703 1702 1702 1702 1702 1702 1703 1707 1713 1717 1719 1724 1730 1739 1751 1766 1784 1800 1814 1826 1837 1851 1866 1885 1905 1926 1948 1969 1986 2005 2020 2036 2052 2067 2085 2102 2119 2137 2153 2170 2185 2200 2216 2230 2245 2262 2277 2295 2312 2327 2342 2352 2360 2365 2368 2369 2367 2363 2357 2349 2341 2332 2324 2315 2306 2295 2282 2267 2253 2242 2234
2735 2735 2735 2735 2736 2739 2740 2740 2737 2733 2729 2725 2721 2716 2709 2701 2693 2686 2682 2681 2681 2681 2680 2679 2676 2671 2666 2662 2659 2656 2652 2646 2641 2636 2632 2631 2629 2629 2629 2629 2629 2631 2635 2639 2642 2645 2646 2642 2634 2622 2609 2596 2583 2572 2558 2543 2531 2521 2515 2507 2497 2488 2478 2469 2457 2443 2430 2417 2405 2395 2383 2372 2361 2351 2340 2325 2312 2298 2283 2269 2254 2241 2228 2210 2193 2175 2157 2140 2122 2104 2086 2067 2050 2030 2009 1989 1967 1947 1929 1913 1901 1889 1878 1869 1860 1854 1847 1841 1835 1828 1823 1818 1814 1811 1806 1800 1792 1785 1780 1775 1769 1762 1752 1742 1732 1722 1715 1710 1707 1706 1706 1707 1707 1707 1706 1706 1706 1706 1706 1707 1707 1707 1707 1707 1706 1706 1705 1705 1705 1705 1705 1705 1705 1705 1705 1705 1705 1705 1705 1705 1705 1705 1705 1705 1705 1704 1703 1703 1703 1703 1704 1704 1704 1704 1704 1704 1703 1703 1703 1703 1702 1702 1702 1702 1703 1703 1703 1703 1703 1702 1703 1705 1710 1715 1719 1721 1726 1733 1743 1756 1772 1790 1805 1819 1831 1842 1856 1872 1892 1914 1935 1958 1978 1995 2013 2027 2043 2058 2073 2091 2108 2126 2145 2161 2179 2195 2210 2226 2240 2255 2271 2286 2302 2317 2332 2347 2358 2367 2373 2376 2378 2377 2374 2370 2364 2357 2351 2344 2336 2329 2319 2308 2295 2280 2269 2259
2729 2727 2727 2727 2727 2728 2730 2729 2727 2723 2720 2716 2713 2709 2704 2697 2690 2683 2679 2677 2675 2674 2671 2669 2664 2658 2652 2647 2643 2640 2635 2631 2627 2623 2620 2617 2615 2615 2615 2615 2614 2614 2616 2620 2622 2625 2625 2621 2614 2603 2592 2581 2570 2560 2547 2534 2523 2515 2510 2502 2492 2482 2472 2461 2449 2435 2422 2409 2398 2388 2375 2363 2352 2342 2331 2316 2303 2290 2276 2264 2250 2237 2224 2207 2191 2174 2157 2142 2124 2107 2091 2073 2056 2037 2015 1993 1970 1950 1932 1916 1904 1892 1880 1870 1861 1853 1846 1839 1834 1828 1823 1818 1814 1811 1806 1800 1793 1785 1780 1774 1767 1759 1749 1738 1729 1720 1713 1708 1706 1706 1706 1707 1707 1706 1706 1705 1705 1705 1706 1707 1707 1707 1707 1706 1706 1705 1705 1705 1705 1704 1704 1705 1705 1704 1705 1705 1705 1705 1705 1705 1705 1705 1705 1705 1705 1704 1704 1703 1703 1704 1704 1704 1704 1704 1704 1704 1704 1704 1703 1703 1702 1701 1701 1702 1702 1702 1703 1703 1703 1703 1704 1707 1712 1717 1720 1723 1729 1736 1747 1761 1778 1795 1810 1824 1836 1847 1863 1881 1901 1924 1945 1968 1988 2004 2021 2035 2050 2064 2079 2098 2116 2134 2154 2171 2189 2206 2222 2238 2251 2265 2280 2294 2310 2325 2340 2354 2366 2376 2383 2386 2388 2389 2387 2384 2380 2375 2370 2365 2358 2352 2344 2336 2326 2313 2302 2290
2723 2720 2720 2719 2718 2717 2717 2718 2717 2715 2712 2709 2706 2703 2699 2694 2687 2680 2676 2673 2669 2666 2662 2658 2652 2646 2639 2635 2631 2627 2624 2621 2618 2614 2611 2608 2605 2604 2604 2603 2601 2598 2597 2599 2601 2602 2603 2600 2594 2586 2578 2570 2561 2552 2541 2529 2519 2511 2505 2497 2487 2477 2465 2454 2441 2427 2415 2403 2392 2381 2367 2355 2344 2333 2323 2309 2296 2284 2271 2259 2246 2233 2220 2204 2189 2173 2156 2142 2125 2109 2094 2077 2061 2041 2019 1997 1974 1953 1936 1920 1908 1895 1883 1872 1861 1853 1845 1838 1833 1827 1822 1817 1813 1809 1805 1799 1792 1785 1779 1773 1765 1756 1746 1736 1726 1717 1711 1707 1706 1706 1706 1706 1707 1706 1705 1705 1705 1705 1706 1707 1708 1708 1707 1706 1705 1704 1704 1704 1704 1704 1704 1704 1704 1704 1704 1705 1705 1705 1705 1705 1705 1705 1705 1705 1705 1704 1704 1704 1704 1704 1704 1704 1704 1704 1704 1704 1704 1704 1703 1702 1702 1701 1701 1702 1702 1702 1703 1703 1703 1704 1705 1709 1713 1716 1720 1725 1731 1738 1749 1764 1781 1799 1815 1830 1843 1855 1871 1890 1911 1933 1955 1978 1996 2012 2028 2042 2056 2070 2085 2104 2122 2141 2162 2181 2199 2216 2231 2248 2261 2274 2288 2301 2318 2334 2349 2364 2376 2386 2393 2396 2398 2399 2399 2397 2394 2390 2386 2382 2376 2370 2364 2358 2352 2342 2332 2319
2716 2714 2712 2710 2706 2703 2703 2704 2705 2706 2706 2703 2701 2698 2695 2690 2684 2677 2672 2668 2663 2658 2653 2647 2641 2634 2628 2624 2621 2618 2615 2614 2612 2608 2605 2601 2596 2593 2592 2590 2587 2581 2577 2577 2577 2579 2580 2579 2576 2571 2566 2560 2553 2545 2535 2524 2515 2507 2500 2491 2481 2470 2457 2444 2431 2418 2407 2396 2386 2374 2360 2347 2336 2326 2315 2302 2290 2279 2267 2256 2243 2230 2217 2201 2186 2170 2154 2139 2124 2109 2095 2079 2064 2044 2022 2000 1976 1957 1940 1924 1912 1899 1885 1873 1862 1852 1844 1836 1831 1827 1822 1817 1812 1809 1804 1797 1791 1784 1777 1770 1762 1753 1743 1733 1724 1716 1710 1707 1705 1705 1705 1706 1706 1706 1705 1705 1705 1706 1707 1708 1708 1708 1707 1706 1705 1704 1704 1704 1704 1704 1704 1704 1704 1704 1704 1705 1705 1705 1705 1705 1705 1705 1705 1705 1705 1704 1704 1704 1704 1704 1704 1704 1704 1704 1704 1704 1704 1703 1703 1702 1702 1702 1702 1702 1702 1703 1703 1703 1703 1704 1706 1709 1712 1716 1720 1726 1733 1740 1753 1768 1785 1804 1820 1837 1851 1864 1882 1900 1921 1942 1963 1986 2005 2020 2035 2048 2062 2076 2091 2110 2128 2148 2171 2190 2209 2225 2240 2256 2269 2282 2296 2310 2327 2343 2359 2375 2386 2396 2403 2406 2409 2410 2410 2408 2406 2403 2400 2396 2391 2387 2382 2378 2374 2368 2360 2347
2709 2707 2703 2698 2692 2687 2686 2688 2693 2697 2699 2698 2696 2694 2691 2686 2680 2674 2668 2663 2656 2650 2644 2637 2630 2623 2618 2616 2613 2612 2610 2609 2607 2603 2599 2594 2588 2583 2580 2577 2572 2565 2558 2555 2554 2556 2557 2558 2558 2556 2554 2550 2545 2538 2528 2518 2509 2502 2494 2484 2473 2461 2447 2433 2420 2408 2399 2389 2379 2367 2353 2340 2329 2319 2309 2297 2286 2276 2264 2253 2241 2227 2214 2198 2183 2167 2150 2135 2120 2106 2094 2079 2065 2045 2023 2002 1979 1960 1944 1929 1917 1904 1890 1876 1863 1852 1843 1836 1831 1826 1821 1817 1812 1808 1802 1795 1788 1781 1774 1767 1759 1751 1741 1731 1722 1715 1710 1706 1705 1704 1705 1706 1706 1706 1705 1705 1706 1707 1707 1708 1708 1708 1707 1706 1705 1704 1704 1704 1704 1704 1704 1704 1704 1704 1704 1705 1705 1705 1705 1705 1705 1705 1705 1705 1705 1704 1704 1704 1704 1704 1705 1705 1705 1705 1704 1704 1704 1703 1702 1702 1702 1702 1702 1703 1703 1703 1703 1703 1704 1705 1708 1710 1712 1716 1721 1728 1736 1745 1758 1774 1791 1811 1829 1847 1862 1876 1893 1911 1931 1952 1972 1994 2013 2027 2041 2053 2067 2082 2096 2116 2134 2155 2179 2200 2218 2235 2249 2265 2278 2292 2306 2320 2338 2355 2372 2387 2397 2406 2412 2416 2419 2420 2421 2420 2418 2416 2413 2410 2406 2403 2400 2396 2393 2389 2383 2373
2701 2699 2693 2686 2678 2672 2671 2674 2681 2688 2692 2692 2690 2690 2688 2683 2677 2670 2664 2658 2651 2645 2638 2629 2622 2616 2611 2609 2608 2608 2607 2606 2604 2600 2595 2589 2583 2576 2570 2565 2560 2552 2544 2539 2537 2537 2538 2540 2542 2543 2543 2541 2536 2530 2521 2512 2503 2496 2488 2477 2464 2450 2435 2421 2409 2397 2390 2381 2371 2360 2347 2336 2325 2314 2305 2294 2284 2274 2262 2251 2239 2225 2212 2196 2180 2164 2146 2131 2116 2103 2091 2077 2063 2045 2024 2003 1982 1964 1949 1935 1923 1909 1895 1880 1865 1854 1844 1836 1831 1826 1821 1817 1813 1808 1801 1793 1785 1779 1772 1765 1756 1749 1739 1730 1722 1715 1710 1706 1704 1704 1705 1705 1706 1706 1706 1706 1707 1708 1708 1708 1708 1708 1707 1706 1705 1704 1704 1704 1704 1704 1704 1704 1704 1704 1704 1704 1704 1704 1704 1704 1704 1704 1704 1705 1705 1705 1705 1705 1705 1705 1705 1705 1705 1705 1704 1704 1703 1703 1702 1702 1702 1703 1703 1703 1703 1703 1702 1703 1704 1707 1711 1712 1713 1717 1724 1732 1741 1751 1766 1782 1800 1820 1838 1856 1872 1886 1904 1922 1941 1961 1980 2001 2019 2033 2046 2058 2072 2086 2101 2120 2139 2160 2185 2207 2226 2243 2257 2273 2286 2300 2315 2330 2348 2366 2383 2397 2406 2413 2419 2423 2427 2428 2429 2428 2428 2426 2423 2421 2417 2415 2413 2410 2408 2404 2399 2391
2691 2687 2680 2671 2662 2656 2655 2659 2668 2677 2682 2683 2683 2684 2684 2680 2674 2667 2660 2654 2647 2640 2632 2623 2615 2609 2605 2603 2602 2603 2602 2600 2598 2593 2588 2582 2575 2568 2560 2554 2547 2540 2532 2526 2523 2522 2521 2523 2526 2528 2529 2527 2524 2518 2510 2502 2494 2486 2478 2466 2452 2438 2421 2407 2396 2386 2379 2371 2362 2353 2342 2332 2321 2310 2301 2291 2281 2271 2259 2248 2236 2223 2209 2192 2177 2160 2142 2126 2111 2098 2087 2074 2061 2044 2025 2005 1985 1968 1954 1941 1930 1916 1901 1885 1869 1857 1846 1837 1832 1826 1822 1817 1813 1808 1800 1791 1784 1777 1770 1763 1755 1747 1738 1729 1721 1715 1710 1706 1704 1704 1704 1705 1706 1706 1706 1707 1707 1708 1708 1708 1708 1708 1707 1706 1705 1705 1704 1704 1704 1705 1704 1704 1704 1704 1704 1704 1704 1704 1704 1704 1704 1704 1704 1704 1705 1705 1705 1706 1706 1706 1706 1706 1705 1705 1704 1704 1703 1703 1702 1702 1703 1703 1703 1703 1703 1702 1702 1703 1706 1711 1714 1715 1716 1721 1729 1739 1750 1762 1777 1795 1813 1832 1848 1865 1881 1896 1914 1931 1950 1970 1988 2008 2024 2038 2051 2063 2077 2092 2106 2125 2144 2167 2193 2215 2235 2252 2267 2283 2296 2310 2325 2341 2359 2377 2393 2406 2413 2419 2425 2430 2434 2436 2437 2438 2438 2437 2436 2433 2431 2429 2428 2426 2423 2419 2415 2408
2681 2675 2667 2658 2649 2643 2643 2648 2658 2667 2673 2676 2677 2679 2680 2676 2671 2663 2656 2650 2643 2636 2628 2618 2610 2605 2601 2599 2598 2599 2598 2595 2592 2587 2581 2575 2568 2561 2553 2545 2538 2531 2524 2519 2516 2514 2512 2512 2513 2515 2516 2515 2512 2507 2499 2492 2485 2477 2468 2456 2442 2427 2411 2397 2387 2378 2371 2363 2355 2348 2339 2329 2319 2308 2299 2290 2280 2269 2257 2247 2234 2221 2206 2189 2173 2156 2138 2123 2107 2094 2083 2071 2059 2043 2025 2007 1988 1971 1958 1947 1937 1923 1907 1891 1874 1860 1849 1839 1833 1828 1823 1818 1813 1808 1800 1791 1784 1776 1770 1762 1754 1746 1737 1728 1721 1715 1710 1706 1704 1704 1705 1705 1706 1706 1707 1707 1708 1708 1708 1708 1708 1707 1707 1706 1706 1705 1705 1705 1705 1705 1705 1704 1704 1704 1704 1704 1704 1704 1704 1704 1703 1703 1704 1704 1705 1706 1706 1706 1706 1706 1706 1706 1705 1705 1704 1704 1703 1703 1703 1703 1703 1704 1703 1703 1702 1702 1702 1704 1709 1714 1717 1719 1721 1727 1736 1748 1761 1774 1791 1808 1825 1843 1857 1872 1887 1902 1920 1938 1957 1977 1994 2012 2027 2040 2054 2067 2081 2095 2109 2127 2147 2172 2199 2222 2242 2260 2275 2291 2305 2319 2334 2349 2367 2385 2399 2411 2418 2423 2428 2433 2438 2441 2443 2445 2446 2446 2445 2444 2442 2441 2440 2438 2435 2430 2425 2419
2668 2661 2653 2644 2636 2631 2631 2637 2647 2657 2663 2667 2670 2672 2674 2671 2666 2659 2652 2646 2639 2632 2623 2613 2606 2601 2596 2594 2592 2592 2591 2587 2583 2578 2572 2565 2558 2551 2543 2535 2528 2521 2515 2512 2510 2508 2504 2502 2501 2501 2502 2501 2498 2494 2488 2481 2475 2466 2456 2444 2431 2417 2401 2388 2379 2370 2363 2355 2348 2342 2334 2325 2315 2305 2297 2287 2278 2268 2256 2245 2232 2217 2202 2184 2168 2152 2134 2119 2103 2090 2080 2069 2058 2044 2027 2010 1991 1976 1963 1952 1942 1929 1913 1896 1879 1864 1852 1842 1836 1829 1825 1820 1814 1808 1801 1793 1786 1778 1770 1762 1753 1745 1736 1728 1721 1716 1711 1707 1705 1705 1705 1706 1706 1706 1707 1707 1708 1708 1708 1708 1707 1707 1706 1706 1706 1706 1705 1705 1705 1705 1705 1704 1704 1704 1704 1704 1704 1704 1704 1704 1703 1703 1704 1704 1705 1706 1707 1707 1707 1707 1707 1706 1706 1705 1704 1704 1704 1703 1703 1704 1704 1704 1704 1703 1702 1702 1703 1706 1712 1717 1720 1723 1727 1734 1744 1757 1772 1787 1805 1822 1837 1852 1864 1877 1891 1907 1926 1944 1962 1982 1998 2014 2027 2041 2056 2071 2085 2099 2112 2130 2151 2177 2205 2229 2250 2268 2284 2301 2315 2329 2343 2357 2375 2391 2404 2415 2422 2427 2432 2436 2442 2446 2450 2453 2455 2456 2456 2457 2456 2455 2453 2451 2448 2443 2438 2432
2655 2648 2640 2632 2625 2620 2621 2628 2638 2648 2655 2659 2664 2667 2668 2666 2662 2655 2648 2643 2636 2628 2619 2610 2603 2597 2593 2590 2587 2585 2582 2578 2573 2568 2562 2555 2548 2541 2534 2527 2520 2512 2508 2507 2506 2504 2500 2496 2492 2490 2489 2487 2485 2482 2477 2471 2464 2455 2445 2433 2420 2408 2393 2381 2372 2364 2356 2348 2342 2338 2330 2321 2311 2302 2294 2285 2276 2266 2254 2243 2229 2214 2198 2180 2163 2148 2131 2116 2101 2088 2078 2068 2058 2045 2029 2012 1995 1979 1967 1956 1946 1932 1916 1899 1882 1867 1855 1845 1839 1832 1827 1821 1814 1809 1803 1796 1789 1780 1772 1763 1753 1744 1735 1727 1722 1717 1713 1708 1706 1705 1706 1706 1706 1707 1707 1708 1708 1708 1708 1707 1707 1706 1706 1706 1706 1706 1706 1705 1705 1705 1704 1704 1704 1704 1704 1704 1705 1705 1705 1704 1704 1703 1704 1704 1705 1706 1707 1707 1707 1707 1707 1707 1706 1705 1705 1704 1704 1704 1704 1704 1704 1704 1703 1703 1702 1703 1705 1709 1715 1719 1722 1726 1732 1741 1752 1766 1782 1798 1817 1833 1846 1859 1869 1880 1894 1910 1929 1947 1965 1985 2000 2014 2026 2040 2057 2073 2089 2104 2116 2135 2157 2183 2212 2235 2256 2276 2292 2309 2323 2337 2351 2364 2380 2394 2406 2417 2424 2430 2435 2439 2444 2450 2456 2460 2462 2464 2466 2468 2468 2467 2465 2463 2460 2455 2449 2442
2644 2636 2628 2621 2614 2611 2612 2619 2629 2639 2647 2653 2658 2661 2663 2661 2657 2651 2644 2639 2633 2626 2617 2608 2601 2595 2590 2586 2582 2578 2574 2569 2564 2558 2551 2545 2537 2530 2524 2518 2511 2504 2501 2501 2500 2499 2495 2490 2484 2479 2476 2475 2472 2470 2466 2461 2453 2443 2433 2421 2410 2399 2385 2374 2365 2357 2349 2342 2336 2332 2325 2316 2307 2298 2290 2282 2273 2264 2253 2241 2227 2211 2194 2176 2160 2144 2129 2114 2099 2086 2076 2067 2058 2046 2031 2015 1998 1983 1970 1959 1949 1934 1917 1900 1882 1869 1857 1848 1842 1835 1830 1823 1816 1810 1805 1800 1793 1784 1774 1765 1755 1745 1735 1727 1722 1718 1715 1710 1707 1706 1706 1706 1707 1707 1708 1708 1708 1708 1707 1707 1706 1706 1705 1705 1705 1705 1705 1705 1705 1705 1704 1704 1704 1704 1704 1705 1705 1706 1706 1705 1704 1704 1704 1704 1705 1706 1706 1707 1707 1708 1708 1708 1707 1706 1706 1705 1705 1704 1704 1704 1704 1704 1703 1703 1703 1705 1708 1712 1717 1719 1722 1727 1734 1745 1757 1772 1789 1806 1826 1841 1852 1864 1872 1882 1896 1912 1933 1951 1968 1986 2000 2013 2025 2040 2058 2076 2094 2110 2124 2143 2164 2190 2218 2241 2262 2282 2299 2317 2331 2344 2358 2370 2385 2398 2409 2419 2426 2432 2437 2442 2447 2454 2461 2465 2469 2472 2476 2478 2479 2479 2477 2474 2471 2466 2461 2454
2632 2625 2617 2610 2604 2601 2602 2609 2619 2629 2638 2645 2650 2654 2656 2655 2651 2645 2639 2635 2630 2622 2614 2606 2599 2592 2586 2582 2577 2571 2564 2559 2553 2546 2540 2533 2525 2519 2513 2507 2502 2496 2493 2493 2492 2491 2487 2481 2475 2468 2464 2462 2460 2459 2455 2450 2442 2432 2422 2411 2400 2389 2377 2366 2356 2348 2341 2334 2328 2324 2317 2309 2301 2292 2285 2277 2269 2261 2250 2239 2224 2208 2191 2173 2157 2142 2127 2113 2098 2085 2075 2067 2059 2047 2034 2018 2001 1986 1974 1962 1950 1934 1916 1898 1882 1869 1859 1851 1845 1838 1832 1825 1817 1812 1808 1803 1796 1787 1777 1767 1757 1747 1737 1729 1723 1720 1716 1712 1708 1706 1706 1706 1707 1707 1708 1708 1708 1708 1707 1706 1706 1705 1705 1704 1704 1705 1705 1705 1705 1704 1704 1704 1704 1704 1705 1705 1706 1706 1706 1706 1705 1704 1704 1704 1705 1705 1706 1707 1707 1708 1709 1709 1708 1707 1706 1706 1705 1705 1705 1704 1704 1704 1703 1703 1704 1706 1710 1714 1717 1719 1722 1727 1735 1747 1760 1776 1793 1811 1830 1846 1857 1867 1874 1884 1898 1915 1936 1954 1970 1987 2000 2013 2026 2040 2060 2079 2099 2118 2134 2154 2175 2198 2224 2246 2268 2288 2306 2324 2337 2351 2364 2377 2390 2402 2413 2422 2428 2433 2439 2444 2451 2458 2465 2470 2474 2480 2484 2488 2490 2490 2488 2485 2482 2479 2474 2468
2623 2616 2608 2601 2596 2592 2593 2599 2608 2618 2627 2635 2641 2645 2648 2648 2645 2640 2635 2630 2626 2619 2612 2605 2598 2590 2583 2578 2572 2565 2557 2550 2544 2536 2528 2522 2515 2509 2504 2499 2494 2489 2487 2486 2485 2483 2478 2472 2465 2458 2454 2452 2450 2449 2446 2441 2433 2423 2413 2403 2392 2382 2369 2359 2349 2340 2333 2326 2320 2315 2308 2301 2294 2286 2279 2271 2264 2257 2246 2235 2221 2206 2190 2172 2156 2142 2127 2113 2098 2085 2075 2066 2059 2049 2036 2022 2006 1991 1978 1965 1951 1933 1914 1896 1880 1869 1860 1852 1846 1840 1833 1825 1818 1813 1808 1804 1798 1789 1780 1770 1760 1750 1740 1731 1725 1721 1718 1714 1709 1706 1706 1706 1707 1707 1708 1708 1708 1707 1706 1706 1705 1705 1704 1704 1704 1704 1705 1705 1705 1704 1704 1704 1704 1704 1705 1706 1706 1707 1707 1706 1706 1705 1704 1704 1705 1705 1706 1706 1707 1708 1709 1709 1708 1707 1707 1706 1706 1706 1705 1705 1704 1704 1704 1704 1704 1706 1711 1715 1717 1718 1721 1727 1736 1748 1761 1776 1794 1812 1832 1847 1859 1869 1877 1886 1900 1917 1938 1955 1971 1987 2000 2013 2027 2042 2062 2083 2104 2125 2144 2165 2184 2204 2228 2250 2272 2293 2311 2328 2342 2356 2369 2382 2395 2407 2416 2424 2429 2434 2440 2445 2452 2460 2467 2473 2478 2485 2491 2495 2497 2498 2497 2495 2492 2490 2487 2482
2612 2605 2598 2591 2585 2581 2581 2585 2593 2603 2612 2620 2627 2633 2637 2638 2637 2633 2628 2624 2620 2614 2607 2601 2595 2587 2579 2573 2565 2557 2548 2540 2533 2525 2517 2510 2503 2498 2494 2490 2486 2481 2479 2478 2476 2472 2465 2458 2450 2444 2441 2440 2439 2438 2435 2431 2423 2414 2404 2394 2384 2373 2360 2350 2340 2329 2322 2315 2309 2304 2297 2291 2284 2277 2271 2264 2258 2251 2240 2230 2218 2205 2189 2172 2157 2142 2127 2113 2098 2085 2075 2066 2059 2049 2038 2026 2011 1996 1982 1967 1951 1931 1912 1894 1879 1868 1860 1853 1847 1840 1833 1826 1819 1813 1808 1804 1799 1791 1782 1773 1764 1755 1744 1735 1728 1723 1720 1715 1710 1707 1706 1707 1707 1707 1707 1708 1707 1707 1706 1706 1705 1705 1704 1703 1703 1704 1704 1705 1705 1705 1705 1705 1705 1705 1705 1706 1706 1707 1706 1706 1706 1705 1705 1705 1705 1705 1706 1706 1707 1707 1708 1708 1708 1707 1707 1707 1707 1707 1706 1705 1705 1705 1705 1705 1705 1706 1711 1715 1717 1718 1721 1728 1736 1748 1761 1776 1794 1812 1832 1848 1861 1872 1880 1890 1903 1920 1940 1958 1974 1990 2002 2016 2031 2047 2068 2089 2112 2135 2154 2175 2192 2211 2233 2254 2277 2298 2316 2333 2347 2361 2375 2388 2401 2413 2421 2428 2431 2435 2440 2446 2454 2461 2468 2475 2482 2490 2496 2501 2504 2506 2507 2506 2504 2502 2501 2498
2603 2596 2590 2583 2577 2572 2571 2574 2580 2589 2598 2606 2614 2620 2625 2628 2628 2626 2622 2618 2614 2609 2604 2598 2592 2584 2576 2568 2560 2551 2542 2533 2525 2517 2509 2502 2496 2491 2487 2484 2480 2476 2473 2470 2467 2461 2453 2444 2437 2432 2431 2431 2431 2430 2426 2422 2415 2407 2398 2388 2377 2366 2353 2342 2331 2320 2311 2303 2297 2292 2285 2280 2274 2269 2264 2258 2252 2245 2236 2227 2216 2204 2190 2173 2158 2144 2128 2114 2098 2085 2076 2067 2060 2051 2040 2029 2015 2001 1985 1967 1950 1929 1909 1892 1878 1868 1860 1853 1847 1840 1833 1826 1819 1813 1807 1803 1799 1792 1785 1777 1768 1759 1749 1739 1732 1725 1721 1716 1710 1707 1707 1707 1707 1707 1707 1707 1707 1706 1706 1706 1705 1705 1704 1703 1703 1703 1704 1705 1705 1706 1706 1706 1705 1705 1706 1706 1706 1706 1706 1706 1705 1705 1705 1705 1705 1705 1706 1707 1707 1707 1707 1707 1707 1707 1707 1707 1707 1707 1707 1706 1706 1706 1706 1706 1706 1706 1711 1715 1717 1718 1722 1729 1737 1748 1760 1775 1793 1810 1830 1847 1862 1874 1884 1895 1908 1925 1944 1962 1978 1993 2005 2020 2035 2052 2074 2096 2121 2144 2163 2183 2200 2217 2238 2258 2280 2302 2320 2337 2350 2364 2379 2392 2406 2417 2425 2430 2433 2436 2441 2447 2454 2461 2468 2476 2484 2492 2499 2505 2510 2512 2514 2514 2513 2512 2512 2511
2594 2587 2580 2574 2568 2563 2561 2563 2568 2575 2584 2592 2600 2607 2612 2617 2618 2618 2615 2611 2607 2603 2599 2593 2588 2580 2572 2563 2553 2543 2534 2526 2519 2511 2503 2496 2489 2485 2481 2478 2474 2469 2464 2460 2455 2448 2438 2428 2422 2419 2419 2420 2420 2419 2416 2411 2405 2398 2390 2380 2369 2358 2345 2333 2321 2309 2299 2290 2283 2277 2272 2268 2264 2260 2256 2251 2245 2239 2231 2223 2214 2203 2190 2174 2159 2144 2129 2114 2098 2086 2077 2068 2061 2051 2041 2031 2017 2002 1985 1966 1946 1925 1906 1890 1877 1868 1860 1853 1846 1839 1832 1826 1819 1813 1807 1802 1799 1794 1788 1781 1773 1765 1754 1743 1735 1727 1722 1716 1711 1708 1707 1707 1707 1707 1707 1707 1706 1706 1706 1705 1705 1704 1704 1703 1702 1703 1704 1705 1706 1706 1707 1706 1706 1706 1706 1706 1706 1706 1706 1706 1705 1705 1705 1705 1705 1706 1707 1707 1707 1707 1707 1706 1706 1706 1706 1707 1707 1708 1708 1708 1707 1707 1707 1707 1706 1707 1711 1716 1717 1719 1724 1730 1738 1748 1759 1774 1791 1808 1828 1846 1862 1876 1888 1901 1916 1932 1951 1969 1985 1999 2011 2026 2042 2060 2083 2107 2131 2154 2172 2190 2207 2224 2243 2262 2284 2306 2324 2341 2354 2368 2382 2396 2410 2421 2429 2433 2435 2438 2442 2447 2454 2461 2468 2477 2485 2494 2502 2509 2515 2519 2521 2522 2522 2522 2522 2523
2586 2579 2572 2566 2560 2556 2554 2555 2559 2565 2572 2580 2588 2595 2601 2606 2609 2610 2608 2604 2600 2597 2593 2588 2582 2575 2567 2558 2547 2537 2528 2521 2515 2507 2499 2492 2486 2481 2477 2472 2468 2462 2455 2449 2443 2435 2425 2415 2408 2406 2407 2408 2409 2407 2404 2400 2395 2388 2381 2372 2361 2350 2336 2324 2312 2299 2288 2278 2270 2264 2259 2256 2254 2251 2248 2244 2239 2233 2227 2220 2211 2200 2188 2173 2158 2143 2127 2113 2097 2086 2078 2070 2062 2051 2041 2030 2015 2000 1982 1961 1941 1921 1903 1889 1876 1868 1860 1853 1846 1839 1833 1827 1821 1814 1808 1803 1800 1795 1790 1784 1777 1769 1758 1747 1737 1729 1723 1717 1711 1708 1707 1707 1707 1707 1707 1706 1706 1705 1705 1705 1705 1704 1703 1703 1702 1703 1704 1705 1706 1707 1707 1707 1707 1706 1706 1706 1706 1706 1706 1705 1705 1705 1705 1705 1705 1706 1707 1707 1707 1707 1706 1706 1706 1706 1706 1707 1707 1708 1708 1708 1708 1708 1708 1708 1707 1708 1712 1716 1718 1720 1726 1732 1740 1749 1760 1773 1789 1807 1827 1845 1862 1878 1891 1907 1924 1942 1961 1978 1992 2006 2018 2034 2050 2069 2093 2117 2141 2162 2177 2195 2212 2229 2248 2266 2287 2309 2327 2343 2357 2371 2386 2400 2414 2425 2432 2436 2437 2440 2444 2449 2455 2461 2469 2478 2487 2496 2505 2513 2519 2523 2526 2528 2528 2529 2530 2531
2578 2572 2564 2558 2553 2549 2548 2550 2553 2558 2564 2571 2578 2586 2593 2598 2602 2603 2602 2599 2595 2591 2587 2581 2576 2570 2562 2553 2541 2532 2524 2517 2512 2505 2497 2490 2483 2477 2472 2467 2461 2454 2447 2440 2432 2423 2413 2404 2398 2395 2395 2395 2396 2394 2391 2388 2384 2378 2372 2363 2353 2341 2328 2315 2302 2289 2278 2267 2258 2252 2248 2246 2244 2243 2240 2237 2232 2228 2222 2216 2208 2197 2185 2170 2155 2140 2124 2110 2096 2087 2079 2071 2062 2050 2038 2026 2010 1993 1974 1953 1934 1915 1899 1887 1876 1868 1861 1853 1847 1840 1835 1830 1824 1818 1811 1806 1802 1797 1793 1788 1781 1773 1761 1750 1739 1730 1723 1717 1711 1708 1708 1708 1708 1707 1707 1706 1706 1705 1705 1705 1704 1704 1703 1703 1702 1703 1704 1705 1706 1707 1707 1707 1707 1707 1706 1706 1706 1706 1706 1705 1705 1705 1705 1705 1705 1706 1707 1707 1707 1707 1706 1706 1706 1706 1706 1706 1707 1708 1709 1709 1708 1708 1708 1708 1708 1710 1714 1717 1719 1721 1727 1734 1742 1751 1760 1772 1788 1806 1825 1844 1861 1878 1893 1912 1932 1952 1972 1987 2001 2014 2026 2043 2060 2080 2104 2127 2149 2167 2181 2198 2215 2232 2251 2269 2290 2310 2328 2345 2359 2374 2390 2404 2418 2429 2435 2439 2440 2443 2446 2450 2456 2462 2471 2480 2490 2499 2508 2516 2523 2527 2530 2532 2533 2534 2535 2537
2572 2565 2557 2551 2545 2542 2542 2544 2548 2553 2557 2563 2570 2578 2585 2591 2594 2596 2595 2592 2588 2583 2579 2573 2568 2562 2555 2546 2536 2527 2519 2514 2509 2502 2494 2486 2479 2473 2467 2460 2454 2446 2438 2429 2420 2411 2401 2393 2387 2383 2381 2380 2380 2379 2377 2374 2371 2366 2360 2352 2343 2332 2318 2305 2292 2279 2268 2257 2248 2242 2237 2235 2234 2232 2230 2227 2224 2220 2215 2210 2201 2191 2179 2164 2148 2132 2117 2105 2093 2085 2078 2069 2059 2046 2033 2019 2001 1983 1964 1944 1927 1910 1896 1886 1876 1869 1862 1855 1849 1843 1838 1834 1829 1823 1816 1810 1805 1800 1796 1791 1784 1775 1763 1751 1740 1731 1724 1717 1711 1708 1708 1709 1708 1708 1707 1706 1706 1705 1704 1704 1704 1704 1703 1703 1703 1704 1704 1705 1706 1707 1707 1707 1707 1707 1707 1707 1707 1706 1706 1705 1705 1705 1705 1705 1705 1706 1707 1707 1707 1707 1707 1707 1706 1706 1706 1706 1707 1708 1709 1709 1708 1707 1707 1708 1709 1713 1716 1718 1720 1723 1729 1736 1744 1753 1761 1773 1788 1805 1825 1844 1861 1879 1895 1915 1938 1960 1981 1996 2009 2022 2035 2052 2071 2092 2115 2134 2153 2169 2183 2200 2217 2235 2254 2271 2291 2310 2328 2346 2361 2377 2394 2409 2423 2433 2439 2442 2444 2446 2449 2452 2457 2464 2473 2483 2492 2503 2512 2519 2525 2529 2533 2535 2536 2538 2539 2541
2568 2560 2551 2544 2539 2536 2536 2539 2544 2548 2553 2558 2565 2573 2580 2586 2589 2589 2589 2586 2581 2576 2571 2566 2561 2556 2549 2541 2532 2523 2516 2511 2506 2499 2491 2483 2476 2469 2462 2455 2447 2439 2430 2420 2410 2401 2393 2385 2379 2373 2370 2368 2367 2366 2365 2363 2360 2356 2350 2342 2334 2323 2310 2297 2284 2271 2260 2250 2241 2235 2229 2225 2223 2222 2220 2217 2214 2212 2208 2203 2195 2184 2172 2156 2140 2124 2110 2099 2090 2083 2076 2065 2054 2041 2025 2009 1990 1971 1953 1935 1920 1905 1894 1885 1876 1869 1863 1856 1851 1845 1841 1838 1833 1828 1820 1813 1807 1802 1798 1793 1786 1776 1764 1751 1740 1731 1724 1717 1711 1708 1708 1709 1709 1708 1707 1706 1705 1705 1704 1704 1704 1704 1704 1704 1704 1704 1704 1705 1705 1706 1706 1706 1706 1707 1707 1707 1707 1707 1706 1706 1705 1705 1705 1705 1706 1706 1706 1707 1707 1707 1707 1707 1707 1707 1707 1706 1707 1708 1708 1708 1707 1707 1707 1708 1711 1715 1718 1719 1721 1725 1731 1739 1746 1755 1763 1774 1789 1806 1825 1844 1860 1878 1895 1917 1942 1965 1986 2002 2015 2029 2042 2060 2080 2101 2122 2139 2154 2169 2183 2200 2217 2235 2254 2272 2291 2309 2327 2346 2363 2381 2399 2414 2427 2436 2442 2446 2447 2450 2452 2455 2460 2467 2475 2485 2494 2505 2514 2521 2526 2530 2534 2536 2537 2539 2541 2543
2565 2555 2545 2537 2530 2527 2527 2530 2535 2541 2547 2552 2558 2565 2572 2578 2580 2580 2578 2575 2570 2565 2561 2556 2552 2546 2539 2533 2525 2518 2512 2506 2501 2495 2487 2479 2471 2464 2456 2448 2440 2429 2419 2409 2399 2390 2382 2374 2367 2361 2357 2354 2352 2352 2351 2350 2348 2343 2338 2331 2322 2312 2300 2288 2275 2263 2253 2243 2234 2226 2219 2214 2210 2208 2205 2203 2201 2200 2197 2193 2185 2174 2160 2144 2128 2113 2101 2092 2083 2076 2068 2057 2045 2030 2013 1996 1977 1959 1942 1926 1912 1900 1891 1883 1876 1870 1864 1858 1853 1848 1845 1842 1838 1832 1824 1816 1810 1803 1799 1795 1787 1776 1763 1750 1739 1730 1723 1716 1710 1708 1708 1709 1709 1709 1707 1706 1705 1705 1705 1705 1705 1704 1705 1705 1706 1705 1704 1704 1705 1706 1706 1706 1706 1707 1707 1708 1707 1707 1706 1706 1705 1705 1705 1705 1706 1706 1707 1707 1707 1707 1708 1708 1708 1707 1707 1706 1707 1708 1708 1708 1707 1707 1708 1710 1714 1717 1719 1719 1723 1728 1735 1743 1750 1759 1766 1776 1791 1807 1826 1844 1860 1878 1895 1918 1943 1967 1989 2005 2019 2034 2049 2068 2088 2108 2127 2142 2155 2169 2183 2200 2217 2235 2254 2271 2290 2309 2326 2346 2365 2384 2402 2417 2430 2439 2444 2448 2450 2452 2454 2457 2462 2469 2476 2485 2494 2505 2514 2520 2526 2530 2533 2536 2537 2539 2542 2544
2563 2552 2540 2531 2523 2519 2518 2520 2526 2533 2542 2549 2553 2559 2565 2570 2572 2570 2567 2563 2558 2553 2549 2546 2542 2537 2531 2526 2520 2514 2508 2502 2497 2490 2482 2474 2466 2459 2451 2442 2432 2421 2410 2399 2388 2380 2371 2364 2357 2351 2346 2342 2341 2340 2340 2339 2337 2332 2327 2320 2312 2303 2291 2280 2269 2257 2247 2237 2229 2220 2211 2204 2199 2195 2193 2191 2190 2189 2187 2183 2175 2163 2149 2132 2116 2103 2092 2084 2076 2068 2058 2045 2033 2017 2000 1983 1964 1948 1933 1918 1907 1897 1889 1882 1876 1870 1864 1859 1855 1850 1847 1844 1840 1834 1826 1818 1812 1805 1801 1796 1787 1776 1761 1748 1736 1728 1720 1714 1709 1708 1708 1709 1710 1709 1707 1706 1705 1705 1705 1705 1705 1705 1705 1706 1707 1706 1705 1704 1705 1705 1706 1705 1706 1706 1707 1708 1707 1707 1707 1706 1705 1705 1705 1706 1706 1707 1707 1707 1707 1708 1708 1708 1708 1708 1708 1707 1707 1708 1708 1708 1708 1708 1710 1712 1715 1718 1719 1721 1725 1731 1739 1747 1755 1762 1770 1780 1793 1809 1827 1845 1861 1879 1897 1919 1943 1966 1988 2005 2020 2036 2052 2073 2093 2112 2129 2142 2154 2169 2183 2201 2217 2235 2254 2271 2289 2308 2326 2346 2366 2386 2404 2418 2431 2439 2445 2449 2452 2454 2456 2459 2464 2470 2477 2484 2493 2503 2512 2518 2523 2528 2532 2535 2537 2539 2542 2545
2561 2549 2535 2525 2516 2510 2507 2509 2515 2524 2535 2543 2547 2550 2554 2559 2560 2558 2553 2548 2543 2538 2535 2532 2529 2524 2520 2517 2512 2507 2501 2496 2491 2485 2477 2469 2460 2453 2444 2434 2423 2411 2399 2388 2376 2367 2358 2351 2344 2338 2333 2329 2328 2327 2327 2326 2323 2319 2314 2307 2299 2290 2280 2270 2260 2249 2240 2231 2222 2212 2202 2194 2187 2182 2179 2178 2177 2177 2175 2171 2162 2150 2135 2119 2104 2091 2081 2074 2065 2056 2044 2030 2017 2001 1984 1968 1952 1937 1924 1911 1902 1893 1887 1881 1875 1870 1865 1860 1855 1850 1847 1845 1841 1835 1826 1819 1813 1806 1801 1796 1786 1774 1759 1744 1733 1723 1717 1711 1708 1708 1709 1710 1710 1710 1708 1706 1705 1705 1706 1706 1706 1706 1706 1707 1707 1707 1705 1705 1705 1705 1705 1705 1705 1706 1707 1708 1708 1707 1707 1706 1706 1705 1706 1706 1706 1707 1707 1707 1707 1708 1708 1708 1709 1709 1708 1707 1707 1708 1709 1710 1710 1711 1712 1714 1715 1718 1720 1724 1730 1737 1745 1753 1759 1767 1774 1784 1796 1811 1829 1846 1863 1882 1899 1920 1944 1965 1987 2004 2020 2037 2054 2075 2096 2113 2130 2142 2154 2169 2184 2202 2219 2236 2254 2271 2290 2309 2327 2347 2366 2386 2404 2417 2429 2437 2444 2449 2452 2454 2457 2460 2465 2471 2477 2483 2490 2499 2508 2514 2520 2525 2530 2533 2536 2538 2542 2545
2559 2546 2531 2520 2509 2501 2498 2499 2504 2514 2526 2535 2539 2540 2543 2546 2546 2543 2538 2532 2527 2522 2518 2516 2513 2510 2507 2506 2502 2498 2493 2489 2485 2479 2471 2463 2454 2446 2437 2426 2414 2400 2387 2376 2364 2354 2345 2337 2330 2324 2320 2316 2314 2313 2312 2311 2308 2303 2299 2292 2285 2277 2268 2260 2251 2242 2234 2224 2215 2205 2194 2184 2176 2170 2166 2164 2164 2164 2163 2158 2148 2136 2121 2105 2091 2080 2070 2063 2053 2041 2028 2013 1999 1985 1969 1955 1940 1927 1916 1905 1897 1890 1884 1879 1874 1869 1864 1859 1855 1850 1846 1843 1840 1834 1826 1819 1813 1807 1802 1795 1785 1772 1756 1740 1728 1718 1713 1709 1708 1708 1709 1710 1710 1710 1709 1707 1706 1706 1706 1707 1706 1706 1706 1707 1707 1707 1706 1705 1705 1706 1706 1705 1705 1706 1707 1707 1708 1707 1707 1707 1706 1706 1706 1706 1707 1707 1707 1708 1708 1708 1708 1709 1709 1710 1709 1708 1707 1709 1711 1712 1713 1714 1715 1715 1715 1718 1722 1728 1735 1742 1750 1758 1764 1771 1778 1788 1800 1814 1831 1848 1866 1885 1902 1921 1943 1963 1984 2001 2018 2036 2054 2076 2097 2113 2129 2141 2154 2169 2185 2203 2220 2237 2256 2273 2292 2310 2328 2348 2366 2384 2401 2413 2425 2434 2440 2446 2449 2453 2456 2459 2464 2470 2475 2481 2487 2495 2503 2510 2516 2521 2526 2531 2534 2537 2540 2543
2557 2543 2528 2515 2504 2494 2489 2490 2494 2503 2515 2524 2529 2530 2531 2532 2531 2527 2522 2516 2511 2506 2502 2499 2497 2494 2493 2492 2490 2487 2483 2481 2478 2472 2464 2455 2447 2439 2430 2418 2405 2390 2376 2364 2351 2341 2331 2324 2317 2311 2306 2303 2300 2298 2296 2294 2291 2287 2282 2276 2270 2263 2255 2248 2241 2234 2227 2218 2208 2198 2186 2175 2166 2157 2153 2151 2151 2152 2150 2145 2135 2122 2107 2092 2079 2069 2059 2050 2039 2026 2012 1996 1983 1969 1955 1943 1930 1919 1909 1899 1892 1886 1881 1876 1872 1867 1862 1858 1853 1849 1845 1842 1838 1833 1825 1819 1813 1807 1801 1793 1782 1769 1752 1736 1723 1713 1709 1708 1708 1708 1709 1710 1711 1711 1710 1708 1707 1707 1707 1707 1707 1706 1707 1707 1708 1708 1707 1707 1706 1706 1706 1706 1706 1706 1707 1707 1708 1708 1707 1707 1706 1706 1706 1707 1707 1708 1708 1708 1708 1708 1709 1709 1709 1710 1710 1709 1708 1711 1713 1715 1716 1716 1716 1715 1716 1720 1725 1733 1740 1748 1755 1762 1768 1775 1782 1792 1804 1817 1833 1850 1868 1886 1902 1921 1941 1960 1980 1997 2014 2034 2054 2077 2096 2113 2128 2140 2154 2170 2185 2203 2220 2238 2258 2275 2294 2313 2330 2348 2365 2382 2397 2409 2420 2429 2435 2442 2446 2450 2453 2457 2462 2467 2472 2478 2484 2491 2499 2506 2512 2518 2522 2527 2530 2534 2536 2539
2554 2540 2525 2511 2497 2487 2480 2479 2483 2491 2501 2509 2515 2517 2517 2517 2514 2509 2504 2499 2494 2489 2485 2480 2477 2476 2475 2475 2474 2473 2471 2470 2468 2462 2454 2445 2437 2429 2420 2408 2395 2379 2365 2351 2338 2328 2318 2310 2303 2297 2292 2287 2283 2280 2277 2273 2270 2266 2261 2256 2251 2245 2239 2233 2228 2222 2216 2208 2198 2188 2175 2163 2151 2141 2136 2133 2133 2134 2132 2127 2117 2104 2090 2076 2065 2055 2045 2035 2023 2009 1994 1979 1966 1954 1942 1931 1920 1910 1901 1893 1887 1881 1876 1872 1868 1864 1860 1855 1850 1846 1843 1840 1836 1831 1824 1818 1813 1806 1799 1790 1778 1765 1749 1732 1718 1709 1707 1708 1708 1709 1710 1710 1711 1711 1711 1710 1709 1708 1708 1707 1707 1707 1707 1708 1708 1708 1708 1708 1707 1707 1707 1706 1706 1706 1707 1707 1708 1708 1708 1707 1707 1707 1707 1707 1708 1708 1708 1708 1709 1709 1709 1709 1710 1711 1711 1710 1710 1713 1716 1718 1718 1717 1716 1716 1718 1723 1730 1737 1745 1753 1760 1766 1771 1778 1785 1795 1807 1819 1835 1852 1868 1886 1902 1919 1938 1956 1976 1993 2011 2032 2053 2076 2095 2111 2126 2138 2153 2170 2186 2204 2222 2240 2260 2278 2297 2315 2331 2348 2363 2379 2393 2405 2416 2424 2430 2436 2442 2446 2450 2453 2458 2463 2469 2474 2480 2487 2494 2500 2507 2513 2517 2522 2525 2528 2530 2532
2551 2538 2522 2507 2492 2480 2472 2470 2472 2478 2487 2495 2501 2504 2504 2503 2499 2495 2490 2486 2481 2476 2470 2464 2460 2459 2458 2458 2458 2459 2459 2459 2457 2450 2443 2435 2427 2420 2411 2399 2386 2370 2356 2342 2329 2318 2308 2300 2293 2285 2279 2274 2269 2264 2259 2254 2250 2246 2242 2237 2232 2228 2223 2218 2214 2210 2205 2197 2188 2177 2163 2149 2136 2124 2117 2114 2114 2115 2113 2108 2099 2087 2075 2062 2052 2042 2031 2020 2007 1993 1979 1964 1953 1942 1931 1922 1912 1904 1896 1888 1883 1877 1872 1868 1864 1861 1857 1852 1847 1843 1840 1837 1833 1828 1823 1817 1811 1804 1796 1786 1774 1761 1746 1730 1716 1708 1706 1708 1709 1709 1710 1710 1711 1711 1711 1711 1710 1709 1708 1707 1707 1707 1707 1708 1708 1708 1709 1708 1708 1708 1707 1707 1707 1707 1707 1707 1708 1708 1708 1708 1707 1707 1708 1708 1709 1709 1709 1709 1709 1709 1709 1709 1710 1711 1711 1710 1711 1715 1719 1719 1719 1718 1717 1718 1721 1726 1733 1741 1750 1756 1763 1769 1774 1781 1788 1796 1808 1820 1836 1852 1868 1885 1900 1916 1934 1952 1972 1989 2007 2030 2051 2074 2093 2109 2124 2137 2152 2169 2186 2205 2223 2242 2263 2280 2299 2317 2333 2348 2362 2376 2390 2401 2412 2419 2426 2432 2437 2442 2447 2450 2455 2459 2465 2470 2476 2482 2488 2494 2501 2507 2512 2516 2519 2522 2524 2527
2546 2533 2518 2503 2487 2472 2462 2458 2459 2464 2471 2478 2485 2488 2488 2486 2482 2479 2475 2471 2466 2460 2453 2446 2441 2440 2439 2440 2441 2443 2444 2444 2441 2435 2428 2422 2415 2408 2398 2387 2375 2360 2346 2333 2319 2309 2299 2289 2281 2273 2266 2259 2252 2246 2239 2233 2228 2223 2219 2215 2210 2206 2203 2199 2196 2192 2188 2181 2171 2160 2145 2131 2116 2103 2095 2090 2090 2090 2089 2084 2077 2067 2056 2045 2035 2026 2015 2003 1990 1976 1963 1950 1940 1930 1921 1913 1905 1898 1891 1884 1878 1872 1867 1863 1860 1857 1852 1847 1843 1839 1835 1832 1829 1825 1820 1814 1809 1800 1791 1780 1768 1757 1743 1728 1715 1707 1706 1708 1709 1709 1710 1710 1710 1710 1711 1711 1711 1710 1709 1707 1707 1707 1708 1708 1709 1709 1709 1709 1709 1708 1708 1708 1707 1707 1707 1708 1708 1709 1708 1708 1708 1708 1708 1709 1709 1709 1709 1709 1709 1709 1709 1710 1710 1710 1710 1709 1712 1717 1720 1720 1719 1718 1718 1720 1724 1729 1737 1745 1753 1760 1766 1772 1777 1783 1789 1797 1808 1820 1835 1851 1867 1884 1898 1913 1930 1948 1968 1985 2004 2026 2048 2070 2090 2106 2121 2135 2150 2168 2186 2207 2226 2245 2266 2283 2301 2318 2333 2348 2361 2374 2387 2398 2408 2416 2422 2428 2433 2438 2443 2447 2451 2455 2460 2465 2469 2474 2480 2486 2492 2498 2504 2508 2512 2514 2517 2520
2542 2529 2513 2499 2482 2466 2454 2448 2447 2451 2456 2463 2469 2472 2472 2470 2467 2464 2461 2458 2452 2446 2438 2431 2427 2425 2425 2425 2427 2428 2430 2429 2426 2420 2414 2409 2403 2396 2386 2375 2364 2351 2338 2325 2312 2302 2291 2281 2273 2263 2255 2247 2239 2231 2223 2215 2209 2203 2199 2194 2190 2187 2183 2180 2177 2174 2169 2162 2153 2142 2127 2113 2098 2085 2076 2070 2068 2068 2066 2062 2056 2048 2039 2029 2020 2011 2000 1989 1976 1964 1952 1941 1932 1923 1914 1907 1900 1894 1887 1880 1874 1868 1863 1859 1856 1853 1848 1843 1838 1834 1830 1827 1824 1820 1816 1811 1805 1796 1786 1775 1763 1752 1740 1726 1714 1708 1707 1708 1709 1709 1709 1709 1709 1710 1710 1710 1711 1710 1709 1707 1707 1708 1709 1709 1709 1709 1709 1709 1709 1709 1708 1708 1708 1708 1708 1708 1709 1709 1709 1709 1709 1709 1709 1710 1710 1710 1710 1709 1709 1709 1709 1710 1710 1710 1709 1709 1713 1718 1720 1718 1718 1718 1720 1722 1726 1732 1739 1747 1756 1762 1769 1775 1780 1786 1791 1798 1807 1818 1834 1850 1866 1882 1896 1910 1927 1944 1964 1982 2001 2022 2043 2066 2085 2102 2119 2132 2147 2166 2186 2210 2230 2248 2268 2285 2303 2319 2334 2349 2361 2373 2385 2396 2406 2413 2419 2425 2430 2436 2441 2444 2448 2451 2455 2460 2463 2467 2472 2477 2483 2490 2496 2501 2504 2507 2511 2514
2535 2523 2508 2494 2477 2460 2448 2440 2437 2438 2442 2447 2451 2454 2454 2452 2450 2448 2445 2441 2435 2429 2423 2416 2413 2411 2411 2412 2413 2414 2414 2412 2408 2403 2399 2394 2389 2382 2373 2363 2352 2340 2328 2316 2303 2293 2282 2272 2263 2253 2244 2235 2226 2217 2208 2199 2191 2184 2179 2174 2170 2166 2163 2160 2157 2152 2148 2140 2131 2121 2107 2095 2082 2070 2060 2053 2049 2047 2044 2041 2035 2028 2021 2013 2005 1995 1986 1976 1965 1954 1944 1934 1925 1917 1909 1902 1896 1890 1884 1877 1871 1865 1860 1856 1852 1849 1844 1838 1833 1828 1824 1821 1818 1815 1811 1806 1799 1790 1780 1769 1757 1748 1736 1722 1711 1707 1707 1708 1709 1709 1709 1709 1709 1709 1710 1710 1710 1710 1709 1707 1707 1708 1709 1709 1709 1709 1709 1709 1709 1709 1709 1709 1709 1709 1709 1709 1710 1710 1709 1709 1709 1709 1710 1710 1711 1711 1710 1710 1710 1710 1709 1710 1710 1709 1708 1709 1713 1718 1719 1717 1717 1719 1721 1723 1727 1733 1740 1749 1758 1765 1772 1779 1784 1789 1793 1798 1806 1817 1832 1849 1866 1882 1895 1909 1925 1942 1961 1979 1998 2018 2037 2059 2079 2097 2116 2128 2143 2164 2188 2213 2234 2252 2271 2287 2305 2321 2335 2349 2361 2372 2384 2393 2403 2410 2416 2422 2427 2433 2438 2441 2444 2447 2450 2453 2456 2459 2463 2467 2473 2480 2486 2492 2495 2499 2502 2505
2526 2515 2502 2488 2472 2456 2443 2434 2429 2428 2429 2432 2434 2435 2435 2435 2433 2430 2427 2423 2417 2413 2408 2403 2402 2402 2402 2402 2403 2402 2400 2396 2391 2387 2384 2380 2374 2367 2359 2349 2340 2328 2317 2305 2293 2283 2273 2263 2254 2243 2234 2224 2214 2205 2195 2185 2177 2168 2162 2156 2151 2147 2143 2140 2135 2130 2125 2117 2109 2100 2089 2079 2068 2058 2049 2041 2035 2030 2026 2023 2017 2012 2006 1998 1991 1983 1974 1966 1956 1947 1938 1929 1921 1912 1904 1898 1892 1887 1881 1874 1868 1862 1857 1853 1849 1846 1841 1834 1828 1822 1818 1816 1814 1811 1806 1801 1794 1784 1774 1762 1751 1742 1731 1718 1708 1706 1707 1708 1708 1709 1709 1709 1709 1709 1709 1710 1710 1710 1709 1708 1707 1708 1709 1709 1709 1709 1709 1709 1710 1710 1710 1709 1709 1710 1709 1710 1710 1710 1710 1709 1709 1709 1710 1711 1712 1711 1711 1710 1710 1710 1710 1710 1710 1709 1708 1710 1714 1718 1718 1716 1717 1719 1722 1724 1727 1734 1742 1751 1760 1768 1776 1783 1788 1792 1795 1800 1807 1817 1832 1849 1866 1882 1895 1910 1925 1941 1960 1978 1996 2014 2032 2053 2073 2092 2113 2125 2140 2162 2189 2216 2237 2255 2274 2290 2308 2323 2337 2350 2361 2372 2382 2391 2400 2407 2413 2419 2424 2430 2434 2438 2440 2443 2445 2447 2449 2451 2455 2459 2464 2470 2477 2483 2487 2490 2493 2496
2517 2507 2495 2483 2468 2452 2440 2430 2424 2420 2419 2420 2420 2420 2420 2419 2417 2415 2411 2407 2402 2399 2396 2394 2394 2395 2395 2395 2394 2392 2388 2382 2378 2374 2371 2366 2360 2353 2346 2337 2328 2316 2305 2294 2283 2273 2263 2254 2244 2234 2224 2214 2204 2195 2185 2175 2165 2156 2148 2142 2136 2131 2126 2121 2115 2109 2103 2095 2088 2081 2073 2066 2058 2050 2041 2033 2026 2020 2014 2010 2004 1999 1993 1987 1981 1973 1966 1959 1951 1943 1934 1926 1918 1909 1901 1895 1889 1883 1878 1871 1865 1859 1854 1851 1847 1843 1837 1830 1823 1817 1814 1812 1810 1807 1802 1797 1789 1779 1767 1756 1745 1736 1726 1714 1707 1706 1707 1708 1708 1709 1709 1709 1709 1709 1709 1710 1710 1710 1709 1708 1707 1708 1709 1709 1709 1709 1709 1709 1710 1710 1710 1710 1710 1710 1710 1710 1710 1710 1710 1709 1709 1709 1710 1711 1711 1712 1711 1711 1710 1710 1710 1710 1710 1709 1709 1710 1714 1718 1717 1716 1716 1719 1722 1724 1728 1735 1743 1753 1763 1772 1780 1787 1791 1794 1797 1802 1809 1819 1833 1850 1866 1884 1897 1911 1926 1941 1960 1978 1995 2012 2027 2047 2068 2088 2110 2124 2139 2163 2189 2217 2239 2258 2277 2293 2310 2325 2337 2350 2360 2370 2380 2388 2396 2404 2410 2416 2421 2426 2430 2433 2436 2438 2440 2442 2443 2445 2448 2452 2457 2462 2469 2475 2479 2482 2484 2486
2505 2497 2486 2475 2462 2448 2436 2426 2418 2413 2409 2407 2406 2405 2404 2403 2401 2399 2395 2391 2388 2385 2384 2384 2385 2387 2388 2387 2384 2380 2375 2369 2365 2360 2356 2351 2344 2338 2331 2323 2314 2303 2292 2282 2271 2262 2252 2243 2233 2222 2212 2202 2192 2183 2174 2164 2154 2144 2136 2128 2122 2116 2109 2103 2096 2088 2081 2074 2068 2064 2058 2053 2048 2041 2033 2025 2017 2010 2004 1999 1993 1987 1981 1976 1971 1965 1959 1953 1945 1938 1930 1921 1913 1905 1897 1890 1883 1878 1873 1867 1861 1856 1851 1848 1844 1840 1834 1826 1820 1814 1811 1809 1807 1804 1799 1793 1784 1772 1759 1748 1737 1728 1719 1711 1707 1706 1707 1708 1708 1709 1709 1709 1709 1709 1710 1710 1710 1709 1709 1708 1708 1709 1709 1710 1709 1709 1709 1709 1710 1711 1711 1712 1711 1711 1710 1710 1710 1710 1710 1709 1709 1709 1709 1710 1711 1712 1712 1711 1711 1710 1710 1711 1710 1709 1709 1711 1715 1717 1717 1715 1716 1718 1722 1725 1729 1737 1745 1756 1767 1776 1784 1789 1793 1796 1799 1804 1812 1822 1837 1853 1869 1887 1901 1914 1928 1944 1962 1979 1994 2010 2024 2042 2063 2085 2108 2124 2141 2164 2189 2217 2239 2260 2280 2296 2311 2325 2336 2348 2358 2367 2376 2384 2392 2399 2405 2411 2416 2420 2424 2427 2429 2431 2433 2435 2437 2439 2442 2445 2449 2454 2460 2465 2468 2471 2473 2474
2494 2486 2477 2467 2455 2443 2432 2422 2414 2408 2402 2399 2396 2394 2393 2391 2389 2387 2384 2381 2378 2376 2376 2376 2378 2380 2381 2380 2376 2371 2365 2359 2354 2349 2344 2338 2331 2325 2319 2311 2302 2292 2281 2272 2262 2253 2243 2233 2223 2212 2201 2191 2182 2174 2165 2156 2147 2137 2128 2120 2112 2105 2097 2089 2081 2072 2065 2058 2053 2050 2046 2043 2039 2033 2026 2019 2011 2004 1997 1991 1985 1978 1973 1968 1964 1959 1954 1949 1942 1934 1926 1918 1909 1901 1893 1886 1878 1873 1868 1862 1857 1852 1848 1846 1842 1838 1831 1824 1818 1812 1809 1807 1805 1802 1797 1790 1779 1765 1751 1739 1728 1720 1713 1709 1707 1707 1707 1707 1708 1709 1709 1709 1709 1709 1710 1710 1710 1710 1709 1708 1708 1709 1709 1710 1710 1709 1709 1709 1710 1711 1712 1712 1712 1711 1710 1709 1709 1710 1710 1710 1709 1709 1709 1710 1711 1712 1712 1711 1711 1711 1711 1711 1711 1710 1710 1712 1714 1717 1716 1715 1715 1717 1721 1725 1731 1739 1748 1759 1770 1779 1786 1791 1794 1798 1801 1807 1815 1827 1842 1858 1874 1891 1904 1917 1932 1947 1966 1981 1995 2010 2023 2040 2060 2083 2106 2125 2144 2166 2189 2215 2239 2261 2282 2298 2313 2325 2335 2346 2355 2364 2372 2380 2388 2395 2400 2406 2410 2415 2418 2420 2423 2426 2428 2431 2433 2435 2438 2441 2444 2448 2452 2456 2459 2461 2462 2463
2481 2474 2465 2456 2445 2435 2426 2417 2409 2401 2394 2390 2386 2383 2381 2379 2377 2375 2373 2371 2368 2366 2366 2366 2368 2370 2370 2368 2364 2359 2353 2346 2341 2335 2329 2324 2317 2311 2305 2298 2290 2280 2270 2262 2253 2244 2233 2222 2212 2200 2190 2180 2171 2164 2156 2147 2138 2129 2120 2112 2103 2095 2086 2077 2068 2059 2051 2045 2040 2037 2033 2031 2027 2022 2016 2010 2003 1996 1989 1982 1976 1969 1964 1959 1955 1952 1947 1942 1935 1928 1920 1912 1903 1895 1887 1880 1872 1866 1861 1856 1852 1848 1844 1842 1839 1835 1828 1822 1816 1810 1807 1805 1801 1798 1793 1784 1773 1757 1742 1729 1718 1712 1709 1708 1708 1707 1707 1707 1708 1709 1709 1709 1709 1709 1710 1710 1710 1710 1709 1709 1709 1709 1709 1710 1710 1710 1710 1710 1711 1712 1713 1713 1712 1711 1710 1709 1709 1710 1710 1710 1710 1709 1710 1710 1711 1712 1712 1712 1711 1711 1711 1711 1711 1711 1711 1712 1714 1716 1715 1714 1714 1716 1720 1726 1733 1741 1751 1761 1772 1781 1787 1792 1795 1799 1803 1809 1819 1831 1847 1864 1881 1897 1909 1921 1935 1951 1969 1984 1997 2010 2022 2039 2059 2081 2105 2125 2145 2167 2188 2214 2238 2261 2283 2299 2312 2323 2332 2341 2349 2357 2365 2373 2380 2387 2393 2398 2402 2406 2409 2412 2415 2418 2420 2423 2426 2429 2431 2433 2436 2439 2441 2443 2445 2447 2449 2450
2469 2462 2454 2446 2437 2428 2420 2412 2404 2396 2389 2383 2378 2374 2371 2369 2367 2365 2363 2362 2359 2358 2357 2357 2359 2360 2360 2358 2353 2348 2342 2335 2329 2323 2318 2312 2306 2301 2295 2287 2279 2270 2262 2254 2246 2236 2224 2213 2202 2190 2180 2171 2162 2156 2147 2139 2131 2122 2114 2105 2097 2089 2080 2071 2062 2052 2044 2037 2031 2027 2023 2020 2016 2011 2006 2001 1995 1988 1981 1975 1968 1962 1957 1951 1948 1944 1940 1935 1928 1921 1914 1905 1897 1888 1880 1873 1866 1860 1856 1851 1847 1844 1841 1839 1836 1832 1826 1820 1814 1809 1805 1802 1798 1794 1788 1778 1766 1749 1733 1719 1709 1706 1707 1708 1708 1708 1708 1708 1708 1708 1709 1709 1709 1709 1710 1710 1711 1710 1710 1709 1709 1709 1709 1710 1710 1710 1710 1710 1711 1712 1713 1713 1712 1711 1710 1709 1709 1710 1710 1710 1710 1710 1710 1710 1711 1711 1712 1712 1711 1711 1711 1711 1711 1711 1712 1712 1713 1715 1715 1714 1715 1717 1721 1727 1734 1743 1753 1763 1773 1780 1787 1792 1796 1801 1805 1812 1822 1834 1851 1869 1887 1902 1913 1925 1939 1955 1972 1987 1999 2012 2024 2040 2059 2081 2104 2125 2146 2168 2188 2213 2237 2260 2281 2297 2310 2320 2327 2335 2342 2349 2357 2364 2371 2378 2384 2389 2393 2397 2401 2404 2407 2409 2412 2414 2416 2419 2421 2423 2425 2427 2428 2429 2430 2433 2435 2437
2457 2451 2444 2436 2429 2422 2416 2408 2400 2392 2383 2376 2369 2365 2361 2357 2355 2353 2351 2350 2348 2347 2347 2348 2349 2349 2349 2346 2342 2337 2331 2324 2318 2312 2307 2302 2296 2291 2285 2277 2269 2260 2253 2246 2237 2227 2215 2203 2192 2181 2172 2163 2155 2148 2139 2131 2123 2115 2107 2099 2091 2084 2075 2067 2058 2048 2040 2031 2025 2019 2014 2010 2005 2001 1997 1992 1986 1980 1973 1967 1960 1954 1949 1944 1940 1936 1932 1927 1920 1913 1906 1898 1890 1882 1874 1867 1860 1854 1850 1845 1842 1840 1837 1836 1833 1828 1823 1817 1811 1806 1801 1798 1793 1788 1780 1770 1757 1741 1725 1711 1702 1702 1707 1709 1709 1709 1708 1708 1708 1708 1709 1709 1709 1709 1710 1710 1711 1711 1710 1710 1710 1710 1710 1710 1711 1711 1711 1711 1711 1712 1713 1713 1712 1711 1710 1709 1709 1710 1710 1711 1711 1710 1710 1711 1711 1712 1712 1712 1711 1711 1711 1712 1712 1712 1712 1712 1713 1714 1715 1715 1717 1719 1724 1729 1736 1745 1753 1763 1772 1780 1786 1792 1796 1802 1807 1815 1825 1838 1855 1873 1891 1907 1918 1930 1943 1958 1975 1989 2002 2015 2027 2043 2060 2080 2103 2124 2146 2167 2188 2213 2236 2257 2277 2292 2305 2314 2321 2328 2333 2339 2345 2350 2357 2365 2372 2378 2382 2387 2390 2394 2396 2398 2399 2400 2402 2403 2405 2406 2408 2409 2411 2411 2413 2416 2420 2423
2445 2440 2434 2428 2422 2416 2411 2403 2395 2387 2377 2369 2361 2356 2351 2347 2344 2341 2339 2337 2336 2336 2337 2337 2338 2339 2338 2335 2331 2326 2320 2314 2308 2303 2298 2294 2288 2283 2276 2268 2260 2251 2244 2237 2227 2217 2205 2194 2184 2174 2165 2157 2149 2141 2132 2124 2116 2108 2100 2093 2086 2080 2072 2065 2056 2047 2038 2029 2021 2014 2007 2001 1996 1992 1988 1983 1979 1973 1966 1960 1953 1947 1942 1936 1932 1927 1922 1917 1910 1904 1898 1891 1883 1875 1868 1861 1855 1849 1844 1841 1838 1836 1833 1831 1828 1824 1818 1812 1807 1801 1796 1791 1785 1779 1771 1760 1748 1733 1718 1706 1700 1702 1707 1709 1708 1709 1709 1708 1708 1708 1709 1709 1709 1709 1710 1710 1711 1711 1711 1711 1710 1710 1710 1711 1711 1711 1711 1711 1712 1712 1713 1712 1712 1711 1710 1710 1710 1710 1711 1711 1711 1711 1711 1711 1711 1712 1712 1712 1712 1712 1712 1712 1712 1712 1712 1712 1712 1714 1715 1718 1720 1723 1727 1732 1738 1745 1753 1761 1770 1778 1785 1791 1796 1803 1809 1817 1828 1840 1856 1875 1893 1909 1921 1933 1947 1961 1977 1992 2005 2019 2030 2045 2062 2081 2103 2123 2144 2166 2188 2212 2234 2254 2271 2284 2297 2306 2312 2317 2321 2324 2327 2331 2337 2345 2353 2361 2367 2372 2377 2380 2383 2384 2383 2383 2383 2383 2384 2385 2386 2387 2389 2390 2392 2396 2401 2407
2435 2432 2427 2422 2416 2411 2405 2398 2390 2381 2372 2363 2355 2349 2344 2339 2335 2331 2328 2326 2326 2326 2327 2328 2329 2329 2327 2325 2321 2317 2312 2307 2302 2297 2293 2289 2283 2277 2269 2260 2252 2243 2235 2227 2217 2207 2197 2187 2178 2169 2161 2153 2144 2136 2126 2118 2110 2102 2095 2088 2082 2077 2071 2064 2057 2048 2039 2029 2020 2011 2003 1996 1991 1986 1982 1977 1973 1968 1962 1956 1949 1942 1936 1930 1924 1919 1913 1908 1902 1896 1891 1885 1878 1870 1863 1857 1850 1845 1841 1837 1834 1832 1829 1827 1823 1819 1813 1808 1802 1796 1790 1784 1777 1770 1761 1751 1739 1726 1713 1704 1700 1703 1708 1709 1708 1709 1709 1708 1708 1708 1709 1709 1709 1709 1710 1710 1710 1711 1711 1711 1711 1710 1710 1711 1712 1712 1712 1712 1713 1713 1713 1712 1712 1711 1710 1710 1710 1710 1710 1711 1711 1711 1711 1711 1712 1712 1712 1712 1712 1712 1712 1712 1712 1712 1713 1712 1712 1714 1716 1720 1724 1727 1731 1735 1739 1745 1752 1759 1768 1776 1783 1790 1796 1803 1810 1819 1830 1842 1857 1875 1893 1910 1923 1936 1950 1964 1980 1995 2009 2022 2033 2048 2064 2081 2102 2121 2142 2165 2187 2210 2231 2249 2264 2276 2288 2296 2301 2305 2307 2308 2309 2309 2314 2321 2331 2341 2349 2355 2361 2365 2368 2368 2367 2365 2364 2364 2365 2365 2366 2366 2368 2369 2372 2376 2382 2390
2425 2423 2419 2415 2409 2403 2397 2389 2382 2374 2364 2356 2348 2342 2336 2331 2326 2322 2318 2316 2315 2315 2316 2317 2318 2317 2316 2313 2311 2308 2305 2300 2296 2292 2288 2283 2277 2270 2262 2252 2243 2233 2225 2216 2205 2196 2187 2180 2173 2165 2157 2149 2139 2131 2121 2112 2104 2096 2089 2083 2077 2073 2068 2063 2056 2048 2039 2029 2020 2011 2001 1994 1988 1983 1979 1974 1971 1966 1960 1954 1946 1939 1932 1924 1918 1911 1905 1900 1894 1889 1885 1879 1873 1866 1859 1852 1846 1841 1837 1833 1830 1827 1824 1821 1817 1813 1807 1801 1796 1789 1783 1776 1768 1760 1750 1741 1731 1720 1710 1703 1702 1704 1707 1709 1709 1709 1709 1709 1709 1709 1709 1709 1709 1709 1710 1710 1710 1710 1711 1711 1711 1711 1711 1712 1712 1713 1713 1713 1713 1713 1713 1712 1712 1711 1711 1711 1711 1711 1710 1710 1711 1711 1711 1712 1712 1712 1712 1712 1712 1712 1712 1712 1712 1713 1713 1713 1713 1714 1717 1722 1727 1731 1734 1738 1741 1746 1751 1758 1766 1774 1782 1789 1795 1803 1811 1820 1831 1842 1857 1874 1891 1909 1923 1937 1952 1967 1983 1998 2011 2024 2035 2049 2064 2081 2101 2119 2139 2162 2183 2205 2224 2240 2254 2264 2274 2281 2285 2287 2288 2287 2285 2283 2285 2291 2301 2313 2322 2331 2338 2343 2347 2348 2347 2346 2345 2345 2346 2346 2345 2345 2345 2347 2349 2354 2360 2369
2417 2416 2413 2409 2403 2396 2389 2381 2374 2366 2358 2351 2343 2337 2331 2326 2321 2316 2311 2308 2307 2307 2307 2308 2308 2308 2306 2304 2302 2301 2299 2295 2292 2288 2284 2280 2273 2265 2256 2246 2236 2225 2216 2206 2196 2188 2181 2176 2170 2163 2154 2145 2136 2127 2118 2109 2100 2092 2085 2079 2073 2069 2065 2061 2055 2048 2040 2030 2021 2012 2003 1996 1990 1984 1980 1976 1972 1967 1961 1955 1947 1939 1930 1921 1913 1906 1900 1894 1889 1885 1881 1875 1869 1862 1855 1849 1843 1838 1834 1830 1827 1823 1819 1816 1812 1807 1801 1795 1789 1782 1775 1768 1759 1751 1741 1732 1725 1716 1709 1705 1704 1706 1707 1708 1708 1709 1709 1709 1709 1709 1709 1709 1709 1709 1709 1710 1710 1710 1710 1711 1711 1711 1712 1712 1713 1714 1714 1713 1713 1713 1713 1712 1712 1711 1711 1711 1711 1711 1710 1710 1710 1711 1712 1712 1712 1712 1712 1713 1712 1712 1711 1711 1712 1713 1713 1713 1713 1714 1718 1724 1730 1734 1737 1740 1743 1746 1751 1757 1764 1772 1780 1787 1794 1802 1811 1820 1830 1841 1856 1871 1888 1906 1921 1937 1953 1968 1986 2001 2014 2026 2037 2050 2064 2080 2098 2116 2136 2157 2178 2199 2216 2230 2242 2251 2258 2264 2268 2269 2268 2266 2262 2260 2260 2265 2274 2286 2296 2306 2314 2322 2327 2330 2331 2331 2332 2332 2333 2332 2330 2329 2328 2329 2332 2337 2344 2352
2408 2406 2404 2400 2394 2386 2379 2371 2364 2358 2351 2344 2337 2331 2326 2320 2315 2310 2305 2301 2299 2297 2297 2298 2298 2298 2296 2294 2293 2293 2291 2289 2286 2282 2279 2274 2268 2260 2250 2238 2228 2217 2207 2198 2188 2182 2176 2172 2167 2159 2151 2141 2132 2124 2114 2106 2097 2089 2081 2075 2069 2065 2061 2058 2053 2047 2040 2032 2024 2016 2008 2001 1995 1989 1985 1980 1976 1971 1965 1959 1951 1941 1931 1920 1911 1903 1896 1891 1886 1881 1877 1871 1865 1857 1850 1844 1838 1834 1830 1826 1823 1819 1814 1811 1806 1801 1794 1788 1781 1774 1767 1760 1751 1743 1733 1726 1720 1714 1710 1706 1706 1706 1707 1708 1708 1709 1709 1710 1710 1710 1710 1710 1709 1709 1709 1709 1710 1710 1711 1711 1712 1712 1712 1713 1714 1714 1714 1713 1713 1713 1713 1712 1712 1712 1712 1712 1712 1711 1711 1710 1711 1711 1712 1712 1713 1713 1713 1713 1713 1712 1711 1711 1712 1713 1713 1714 1713 1714 1719 1725 1731 1736 1739 1742 1745 1748 1752 1757 1763 1770 1779 1786 1793 1802 1810 1819 1830 1840 1854 1869 1884 1902 1918 1935 1952 1968 1986 2001 2015 2027 2037 2050 2063 2078 2095 2111 2130 2150 2169 2189 2205 2217 2226 2232 2237 2242 2245 2245 2243 2240 2238 2236 2235 2239 2247 2257 2267 2276 2286 2295 2304 2309 2313 2316 2319 2320 2321 2319 2316 2313 2312 2312 2316 2321 2328 2336
2398 2397 2395 2390 2384 2377 2370 2362 2356 2350 2344 2338 2332 2325 2320 2315 2310 2305 2299 2295 2292 2290 2290 2290 2291 2289 2288 2286 2286 2286 2285 2282 2280 2276 2273 2269 2262 2253 2243 2231 2220 2209 2200 2192 2184 2179 2174 2170 2164 2156 2147 2137 2129 2121 2112 2104 2095 2086 2079 2072 2066 2062 2058 2055 2051 2046 2041 2034 2027 2021 2014 2008 2002 1997 1992 1987 1982 1977 1971 1964 1956 1945 1934 1922 1912 1903 1896 1891 1885 1880 1875 1869 1861 1853 1846 1840 1834 1830 1826 1822 1819 1815 1811 1807 1802 1796 1789 1782 1775 1767 1760 1753 1745 1737 1728 1722 1718 1714 1711 1708 1706 1706 1707 1708 1708 1709 1709 1710 1710 1710 1710 1710 1710 1709 1709 1709 1710 1711 1711 1711 1712 1712 1713 1714 1715 1715 1714 1713 1713 1713 1712 1712 1713 1713 1712 1712 1712 1711 1711 1711 1711 1712 1712 1713 1713 1713 1714 1714 1713 1712 1712 1712 1713 1713 1714 1714 1714 1715 1719 1725 1732 1737 1741 1744 1746 1750 1753 1758 1764 1770 1778 1785 1793 1801 1809 1818 1828 1838 1852 1866 1881 1898 1914 1931 1948 1964 1983 1999 2013 2025 2036 2048 2061 2074 2090 2106 2124 2143 2161 2179 2193 2203 2210 2213 2217 2220 2222 2222 2220 2217 2217 2215 2215 2218 2225 2233 2241 2250 2261 2271 2282 2290 2296 2302 2306 2309 2310 2308 2304 2301 2299 2300 2304 2310 2317 2323
2388 2387 2384 2380 2373 2366 2360 2354 2349 2343 2337 2331 2325 2318 2313 2308 2304 2299 2294 2289 2286 2283 2283 2284 2284 2282 2280 2279 2279 2279 2278 2275 2273 2270 2266 2261 2254 2246 2235 2223 2212 2202 2194 2188 2181 2176 2172 2167 2161 2153 2144 2135 2126 2119 2111 2102 2094 2085 2077 2069 2063 2059 2056 2053 2050 2046 2042 2038 2033 2028 2021 2016 2010 2004 2000 1994 1989 1983 1977 1970 1960 1950 1938 1925 1914 1905 1897 1891 1885 1880 1874 1867 1859 1850 1842 1836 1830 1825 1822 1819 1816 1812 1808 1804 1798 1792 1784 1776 1769 1762 1755 1748 1741 1733 1726 1720 1717 1715 1712 1708 1707 1706 1707 1707 1708 1709 1709 1710 1710 1711 1711 1710 1710 1709 1709 1709 1710 1711 1712 1712 1712 1713 1714 1715 1715 1715 1714 1713 1713 1712 1712 1712 1713 1713 1713 1713 1712 1712 1712 1712 1713 1713 1713 1713 1713 1714 1714 1714 1714 1714 1713 1713 1714 1714 1714 1715 1715 1715 1718 1725 1733 1738 1742 1745 1748 1751 1755 1760 1765 1770 1777 1785 1793 1801 1808 1817 1827 1836 1849 1862 1877 1893 1908 1925 1941 1957 1975 1992 2008 2021 2032 2045 2057 2070 2086 2101 2118 2136 2152 2168 2181 2189 2193 2195 2197 2199 2200 2199 2198 2196 2196 2195 2196 2199 2205 2212 2218 2226 2236 2248 2260 2270 2278 2286 2291 2294 2295 2293 2290 2287 2286 2288 2292 2298 2305 2312
2377 2376 2372 2368 2362 2356 2351 2346 2341 2336 2329 2323 2317 2311 2305 2301 2297 2293 2288 2284 2280 2277 2277 2278 2277 2275 2273 2272 2273 2272 2271 2268 2266 2262 2258 2253 2245 2236 2226 2215 2205 2196 2189 2184 2178 2173 2169 2164 2158 2149 2141 2133 2124 2118 2110 2102 2093 2083 2076 2068 2063 2059 2056 2053 2051 2049 2047 2044 2040 2035 2030 2024 2017 2011 2006 2000 1995 1989 1982 1975 1965 1955 1944 1931 1920 1910 1901 1894 1886 1881 1875 1867 1858 1848 1839 1832 1826 1821 1817 1814 1811 1808 1805 1801 1795 1788 1780 1772 1765 1757 1751 1744 1738 1731 1724 1720 1717 1715 1712 1708 1706 1706 1707 1707 1708 1708 1709 1710 1710 1711 1711 1710 1710 1709 1709 1709 1711 1712 1712 1713 1713 1714 1715 1715 1715 1715 1714 1713 1713 1712 1712 1713 1713 1714 1714 1713 1712 1713 1713 1714 1714 1713 1713 1713 1714 1714 1714 1715 1715 1715 1714 1714 1714 1714 1715 1716 1715 1715 1718 1724 1732 1738 1742 1745 1749 1753 1758 1762 1767 1771 1777 1785 1793 1801 1808 1816 1825 1834 1846 1859 1872 1888 1902 1918 1933 1947 1965 1982 1999 2014 2026 2040 2053 2066 2081 2096 2113 2129 2144 2158 2168 2174 2177 2178 2178 2179 2180 2179 2178 2177 2176 2177 2179 2183 2188 2194 2199 2206 2216 2227 2240 2251 2260 2267 2272 2276 2277 2276 2274 2273 2273 2275 2280 2286 2294 2301
2368 2367 2363 2358 2353 2348 2344 2340 2335 2329 2322 2316 2309 2303 2298 2294 2291 2288 2284 2279 2276 2273 2273 2273 2272 2270 2268 2267 2267 2267 2265 2262 2259 2255 2250 2244 2236 2227 2218 2207 2199 2191 2185 2180 2174 2170 2166 2161 2154 2146 2138 2131 2123 2117 2109 2101 2093 2083 2075 2069 2064 2061 2058 2055 2053 2052 2052 2050 2048 2044 2038 2031 2024 2017 2011 2005 1999 1993 1986 1978 1969 1960 1949 1937 1926 1915 1905 1897 1889 1883 1878 1869 1859 1848 1838 1830 1822 1817 1813 1810 1807 1804 1802 1799 1793 1786 1777 1769 1762 1754 1748 1742 1736 1730 1724 1720 1718 1715 1711 1708 1706 1707 1707 1708 1708 1708 1708 1709 1710 1710 1710 1710 1710 1709 1709 1709 1711 1712 1713 1713 1714 1714 1715 1715 1715 1715 1714 1714 1713 1713 1713 1714 1714 1714 1714 1714 1713 1713 1714 1715 1715 1714 1714 1714 1714 1715 1715 1715 1716 1715 1715 1714 1714 1714 1715 1716 1715 1715 1717 1723 1731 1737 1741 1745 1749 1755 1760 1765 1769 1773 1778 1785 1793 1801 1808 1815 1824 1832 1843 1856 1869 1883 1896 1911 1926 1939 1955 1971 1988 2005 2020 2034 2048 2062 2078 2092 2108 2124 2137 2149 2158 2163 2165 2165 2165 2165 2164 2164 2163 2163 2163 2164 2167 2171 2176 2181 2186 2193 2202 2213 2225 2236 2245 2252 2256 2259 2260 2260 2260 2260 2261 2265 2269 2276 2283 2291
2358 2357 2353 2349 2344 2340 2336 2333 2328 2321 2314 2308 2301 2296 2291 2287 2285 2282 2279 2275 2271 2268 2268 2268 2267 2264 2262 2262 2262 2261 2258 2255 2252 2247 2242 2235 2227 2219 2210 2202 2194 2187 2181 2176 2171 2167 2163 2157 2151 2144 2137 2131 2124 2118 2110 2103 2095 2086 2078 2073 2069 2067 2064 2062 2060 2060 2060 2059 2057 2053 2046 2038 2029 2021 2014 2007 2001 1995 1988 1981 1972 1964 1954 1942 1932 1921 1909 1900 1892 1886 1880 1871 1860 1848 1837 1827 1819 1813 1808 1804 1801 1799 1798 1795 1790 1782 1774 1766 1758 1751 1745 1740 1735 1730 1724 1720 1717 1714 1710 1707 1706 1707 1708 1708 1708 1708 1708 1708 1709 1709 1710 1710 1710 1710 1709 1710 1711 1712 1713 1714 1714 1715 1715 1715 1715 1715 1715 1715 1715 1715 1715 1715 1715 1715 1715 1715 1714 1714 1715 1715 1715 1715 1715 1715 1715 1715 1716 1716 1716 1715 1715 1714 1714 1714 1714 1715 1715 1715 1717 1721 1728 1734 1739 1744 1749 1756 1762 1767 1771 1774 1779 1786 1793 1801 1807 1814 1822 1830 1841 1853 1865 1878 1891 1906 1920 1931 1945 1960 1977 1996 2012 2028 2043 2057 2074 2088 2103 2117 2128 2138 2145 2149 2151 2150 2150 2149 2149 2148 2148 2149 2150 2152 2155 2159 2164 2169 2174 2180 2189 2199 2210 2220 2229 2235 2239 2241 2242 2243 2243 2245 2248 2252 2257 2264 2271 2278
2350 2348 2345 2341 2337 2333 2330 2326 2321 2315 2307 2301 2295 2290 2286 2283 2281 2279 2276 2273 2269 2266 2264 2264 2263 2260 2258 2258 2257 2256 2253 2250 2246 2241 2235 2228 2220 2213 2206 2199 2192 2185 2179 2174 2168 2164 2160 2155 2149 2143 2138 2132 2125 2119 2113 2106 2098 2090 2084 2080 2078 2076 2074 2072 2071 2070 2070 2069 2067 2062 2053 2044 2033 2023 2015 2007 2001 1994 1987 1981 1974 1966 1957 1946 1936 1925 1913 1903 1894 1888 1882 1872 1862 1849 1836 1825 1816 1809 1804 1799 1796 1794 1794 1792 1787 1780 1771 1763 1756 1749 1743 1739 1734 1730 1725 1720 1717 1713 1709 1707 1707 1708 1708 1708 1708 1708 1708 1708 1708 1708 1709 1709 1710 1710 1710 1710 1711 1712 1713 1714 1715 1715 1715 1715 1716 1717 1717 1718 1718 1717 1717 1717 1717 1716 1716 1715 1714 1714 1715 1715 1715 1715 1715 1715 1715 1716 1716 1716 1716 1715 1714 1714 1714 1713 1714 1715 1716 1716 1716 1719 1725 1731 1737 1743 1749 1757 1763 1768 1772 1776 1781 1787 1794 1801 1807 1813 1820 1828 1839 1851 1863 1876 1888 1902 1916 1927 1939 1952 1969 1988 2005 2023 2039 2054 2070 2084 2098 2110 2119 2128 2133 2136 2137 2137 2137 2137 2136 2136 2137 2138 2140 2142 2146 2150 2154 2159 2164 2171 2179 2188 2199 2208 2215 2220 2223 2226 2227 2228 2230 2232 2235 2240 2246 2253 2259 2266
2341 2339 2336 2333 2330 2326 2323 2319 2314 2307 2301 2295 2290 2285 2282 2279 2277 2276 2274 2271 2267 2264 2262 2261 2259 2257 2255 2254 2253 2252 2249 2245 2241 2235 2230 2223 2216 2211 2205 2199 2193 2186 2180 2174 2168 2164 2160 2155 2151 2145 2140 2135 2129 2124 2118 2112 2106 2099 2095 2093 2091 2090 2088 2086 2085 2083 2083 2080 2076 2070 2059 2048 2036 2024 2015 2006 1999 1992 1985 1979 1973 1966 1958 1947 1937 1927 1915 1905 1896 1889 1882 1872 1861 1848 1834 1823 1812 1804 1799 1794 1791 1790 1790 1788 1783 1776 1768 1760 1753 1746 1741 1738 1734 1730 1725 1720 1717 1713 1710 1708 1708 1709 1709 1709 1709 1708 1708 1708 1708 1708 1708 1709 1709 1710 1710 1710 1711 1712 1713 1714 1714 1714 1715 1716 1718 1720 1720 1721 1720 1720 1720 1720 1719 1717 1716 1715 1715 1715 1715 1715 1715 1715 1715 1716 1716 1716 1716 1716 1715 1715 1714 1714 1713 1713 1714 1715 1716 1716 1716 1717 1722 1728 1735 1742 1749 1757 1763 1768 1773 1777 1782 1788 1794 1801 1807 1813 1819 1827 1837 1850 1862 1875 1886 1900 1913 1923 1934 1946 1962 1981 1999 2017 2035 2050 2066 2079 2090 2100 2107 2114 2118 2119 2120 2120 2120 2121 2121 2122 2123 2126 2128 2131 2135 2138 2143 2148 2153 2160 2167 2175 2185 2194 2200 2205 2207 2210 2211 2213 2216 2219 2223 2229 2235 2241 2248 2254
2333 2331 2330 2327 2324 2320 2316 2312 2307 2301 2295 2290 2286 2282 2279 2276 2275 2274 2272 2269 2265 2262 2260 2258 2256 2255 2253 2252 2250 2249 2246 2242 2237 2232 2227 2221 2216 2212 2208 2202 2196 2189 2183 2178 2172 2168 2163 2159 2155 2151 2146 2141 2136 2132 2126 2121 2116 2112 2110 2108 2107 2106 2104 2101 2099 2096 2093 2089 2083 2074 2063 2050 2037 2024 2014 2004 1996 1989 1982 1977 1970 1964 1956 1946 1937 1927 1915 1906 1896 1887 1879 1869 1858 1845 1832 1819 1808 1800 1794 1790 1788 1787 1786 1784 1779 1773 1765 1757 1751 1744 1740 1738 1734 1730 1725 1721 1717 1713 1711 1709 1709 1710 1710 1710 1709 1709 1709 1708 1708 1708 1708 1708 1709 1709 1710 1711 1711 1712 1713 1713 1714 1714 1715 1718 1721 1723 1724 1724 1723 1723 1722 1722 1720 1718 1717 1716 1715 1715 1715 1715 1715 1715 1716 1716 1716 1716 1716 1715 1715 1714 1714 1714 1713 1713 1715 1716 1717 1717 1716 1717 1720 1726 1734 1743 1750 1757 1763 1768 1774 1778 1783 1789 1795 1802 1807 1813 1819 1826 1837 1849 1862 1874 1886 1898 1911 1921 1932 1943 1959 1976 1994 2013 2031 2046 2061 2071 2081 2089 2094 2099 2101 2102 2102 2103 2104 2105 2107 2109 2112 2115 2118 2121 2125 2128 2133 2139 2143 2149 2156 2164 2173 2181 2187 2191 2194 2197 2199 2201 2205 2209 2214 2220 2226 2233 2239 2245
2328 2326 2325 2323 2319 2314 2310 2305 2300 2296 2291 2287 2282 2278 2275 2273 2272 2271 2269 2266 2263 2260 2258 2256 2255 2254 2252 2251 2249 2247 2244 2240 2236 2231 2226 2222 2218 2216 2212 2207 2201 2195 2189 2185 2179 2175 2171 2167 2163 2159 2154 2150 2146 2142 2138 2133 2130 2127 2127 2126 2125 2123 2120 2116 2111 2106 2101 2094 2086 2076 2063 2050 2036 2023 2012 2002 1993 1986 1979 1974 1967 1961 1953 1944 1935 1925 1915 1905 1894 1884 1874 1864 1853 1840 1827 1815 1804 1796 1791 1788 1786 1784 1783 1780 1775 1769 1762 1755 1749 1744 1740 1738 1734 1731 1726 1722 1718 1715 1713 1711 1710 1711 1711 1711 1710 1710 1710 1709 1708 1708 1708 1708 1708 1709 1710 1711 1711 1712 1712 1713 1713 1715 1717 1720 1724 1726 1727 1727 1726 1725 1724 1723 1721 1719 1717 1716 1715 1715 1715 1715 1715 1716 1716 1716 1716 1716 1716 1715 1714 1714 1714 1715 1715 1715 1717 1717 1717 1716 1716 1717 1720 1726 1735 1743 1751 1757 1763 1768 1774 1779 1784 1790 1796 1803 1808 1813 1819 1826 1837 1849 1862 1874 1885 1897 1908 1918 1929 1941 1955 1972 1990 2009 2026 2041 2054 2063 2070 2075 2079 2082 2084 2084 2085 2086 2088 2091 2094 2097 2101 2105 2109 2112 2116 2120 2125 2130 2135 2140 2146 2153 2162 2169 2175 2181 2184 2188 2191 2193 2198 2202 2208 2214 2220 2227 2233 2238
2324 2322 2321 2319 2314 2309 2304 2299 2295 2292 2288 2284 2279 2275 2272 2270 2269 2268 2267 2265 2262 2260 2258 2257 2257 2256 2255 2253 2251 2248 2245 2241 2238 2233 2230 2227 2224 2223 2220 2215 2210 2204 2200 2196 2192 2187 2182 2178 2175 2170 2166 2163 2160 2157 2153 2149 2146 2145 2145 2144 2142 2139 2134 2128 2120 2112 2104 2095 2085 2074 2061 2048 2033 2020 2010 1999 1991 1983 1976 1970 1963 1956 1949 1940 1931 1922 1912 1902 1889 1878 1868 1856 1845 1834 1821 1811 1800 1792 1788 1786 1784 1782 1779 1776 1771 1766 1760 1754 1749 1744 1741 1738 1735 1731 1727 1723 1720 1717 1715 1713 1712 1712 1712 1711 1711 1711 1710 1710 1709 1708 1708 1708 1708 1708 1709 1711 1711 1711 1711 1712 1713 1715 1718 1722 1726 1728 1729 1729 1729 1728 1726 1724 1722 1720 1718 1716 1716 1715 1716 1716 1716 1716 1716 1716 1716 1716 1716 1715 1714 1714 1715 1715 1716 1717 1718 1718 1717 1717 1718 1720 1723 1729 1737 1745 1751 1758 1763 1768 1774 1779 1785 1792 1798 1804 1809 1813 1819 1826 1836 1848 1861 1874 1884 1895 1905 1915 1926 1938 1952 1968 1985 2004 2020 2033 2045 2052 2057 2061 2063 2065 2066 2067 2068 2071 2074 2078 2081 2086 2090 2095 2100 2104 2109 2113 2118 2123 2127 2132 2138 2145 2153 2160 2166 2173 2177 2182 2186 2189 2194 2199 2206 2212 2218 2226 2232 2236
2321 2319 2318 2316 2311 2305 2299 2295 2291 2288 2286 2282 2277 2273 2270 2268 2267 2266 2265 2264 2263 2261 2260 2260 2260 2260 2259 2258 2256 2253 2250 2246 2243 2239 2236 2234 2232 2231 2229 2225 2221 2216 2212 2209 2205 2201 2196 2191 2187 2183 2179 2177 2175 2172 2168 2164 2162 2162 2161 2159 2155 2150 2142 2133 2123 2112 2103 2092 2081 2070 2057 2044 2030 2018 2007 1997 1988 1980 1973 1966 1958 1951 1943 1935 1927 1919 1909 1898 1885 1872 1860 1848 1837 1827 1816 1806 1797 1790 1786 1784 1782 1779 1776 1772 1767 1763 1757 1752 1748 1744 1741 1738 1735 1732 1729 1725 1722 1719 1717 1715 1713 1713 1712 1712 1712 1711 1711 1710 1709 1708 1708 1708 1708 1708 1709 1710 1711 1711 1711 1711 1712 1714 1718 1723 1727 1728 1730 1730 1731 1730 1728 1726 1723 1720 1718 1717 1716 1716 1716 1716 1716 1716 1717 1717 1717 1716 1716 1715 1715 1714 1715 1716 1717 1717 1717 1716 1717 1719 1722 1724 1727 1732 1740 1747 1752 1758 1763 1768 1773 1779 1786 1792 1798 1804 1808 1813 1818 1826 1836 1847 1859 1872 1882 1893 1903 1913 1925 1936 1949 1965 1981 1999 2014 2027 2036 2042 2046 2048 2049 2051 2051 2053 2055 2059 2063 2068 2073 2078 2083 2088 2094 2099 2104 2109 2113 2119 2124 2129 2134 2140 2148 2155 2161 2168 2174 2179 2184 2188 2193 2199 2206 2214 2221 2229 2235 2239
2319 2318 2316 2314 2309 2302 2297 2292 2288 2286 2283 2280 2275 2271 2269 2267 2265 2265 2266 2267 2267 2266 2266 2266 2267 2267 2267 2267 2265 2262 2259 2256 2252 2249 2247 2245 2243 2242 2241 2238 2235 2231 2228 2225 2221 2217 2211 2206 2202 2198 2194 2193 2191 2189 2185 2181 2179 2177 2175 2170 2164 2156 2145 2134 2122 2109 2099 2088 2077 2065 2052 2039 2026 2013 2003 1993 1985 1976 1968 1960 1952 1944 1936 1929 1922 1914 1904 1893 1879 1865 1852 1839 1829 1819 1810 1801 1793 1787 1784 1782 1779 1774 1770 1767 1763 1759 1755 1751 1748 1744 1741 1739 1736 1733 1730 1727 1724 1721 1719 1717 1715 1714 1713 1713 1712 1712 1712 1711 1710 1708 1708 1708 1708 1708 1709 1710 1710 1710 1710 1710 1710 1713 1718 1722 1726 1728 1729 1731 1733 1732 1730 1727 1724 1721 1719 1717 1716 1716 1716 1717 1717 1717 1717 1717 1717 1717 1716 1716 1715 1715 1715 1716 1717 1717 1716 1716 1719 1724 1728 1730 1732 1737 1744 1749 1753 1758 1763 1768 1773 1779 1786 1792 1798 1802 1806 1811 1818 1824 1834 1844 1856 1868 1879 1890 1901 1911 1923 1933 1945 1960 1975 1992 2007 2018 2027 2031 2034 2036 2036 2037 2038 2040 2044 2048 2054 2060 2065 2072 2077 2083 2089 2094 2101 2106 2112 2118 2123 2129 2135 2141 2147 2154 2161 2168 2174 2180 2186 2190 2196 2202 2211 2220 2229 2238 2243 2246
2321 2318 2316 2314 2308 2302 2296 2292 2288 2284 2281 2277 2273 2270 2268 2266 2266 2266 2269 2271 2272 2272 2273 2274 2275 2276 2277 2276 2275 2273 2270 2267 2263 2260 2258 2257 2255 2254 2253 2252 2249 2246 2243 2240 2237 2232 2225 2220 2215 2211 2208 2206 2205 2203 2199 2195 2192 2187 2183 2176 2167 2157 2144 2131 2118 2105 2094 2083 2071 2059 2046 2033 2020 2008 1998 1989 1980 1972 1963 1954 1946 1937 1930 1923 1916 1909 1899 1888 1873 1858 1844 1832 1822 1813 1805 1797 1790 1785 1782 1778 1775 1770 1766 1763 1759 1756 1753 1750 1747 1744 1742 1739 1737 1734 1732 1728 1725 1722 1720 1718 1716 1715 1714 1713 1713 1712 1712 1711 1710 1709 1708 1708 1708 1709 1709 1710 1710 1710 1710 1709 1710 1712 1716 1721 1724 1726 1728 1731 1734 1734 1731 1728 1724 1721 1719 1718 1717 1717 1717 1717 1718 1718 1718 1718 1717 1717 1716 1716 1715 1715 1715 1715 1715 1716 1716 1719 1725 1731 1734 1735 1737 1742 1747 1751 1754 1759 1763 1768 1773 1779 1786 1792 1796 1800 1804 1809 1816 1823 1832 1842 1853 1865 1876 1887 1899 1910 1921 1931 1942 1956 1971 1986 1999 2010 2018 2022 2025 2026 2027 2028 2030 2032 2036 2042 2048 2055 2061 2068 2074 2080 2087 2093 2100 2106 2113 2120 2126 2133 2139 2145 2152 2158 2165 2172 2178 2185 2191 2197 2204 2211 2221 2231 2241 2249 2254 2256
2325 2322 2319 2316 2310 2304 2298 2293 2288 2284 2280 2276 2273 2270 2268 2268 2269 2271 2275 2277 2279 2280 2282 2284 2286 2287 2288 2288 2287 2285 2282 2279 2276 2273 2271 2269 2268 2267 2267 2266 2265 2263 2260 2257 2252 2247 2240 2234 2228 2224 2220 2219 2217 2215 2211 2207 2202 2195 2187 2178 2168 2156 2141 2127 2113 2100 2090 2078 2066 2053 2038 2025 2012 2000 1991 1982 1974 1965 1956 1947 1938 1930 1924 1916 1910 1902 1892 1880 1865 1850 1836 1824 1816 1807 1800 1793 1786 1782 1778 1774 1770 1765 1761 1758 1755 1753 1751 1749 1746 1744 1742 1740 1737 1735 1733 1729 1726 1723 1721 1720 1718 1716 1715 1714 1714 1713 1712 1712 1711 1710 1709 1709 1709 1709 1710 1710 1710 1710 1710 1709 1709 1711 1715 1719 1722 1725 1728 1731 1734 1734 1732 1729 1725 1721 1719 1718 1717 1717 1717 1717 1718 1718 1718 1718 1718 1717 1717 1716 1716 1715 1715 1714 1714 1716 1721 1728 1734 1738 1740 1740 1742 1745 1750 1754 1757 1761 1764 1768 1773 1779 1785 1791 1794 1798 1802 1807 1814 1821 1829 1839 1849 1862 1873 1885 1897 1908 1919 1929 1939 1952 1965 1979 1991 2000 2008 2012 2015 2017 2018 2020 2022 2026 2031 2036 2043 2051 2058 2066 2072 2079 2086 2093 2101 2109 2117 2125 2132 2139 2146 2153 2160 2167 2174 2181 2188 2195 2202 2209 2217 2225 2236 2247 2256 2263 2267 2269
2332 2328 2324 2319 2313 2306 2301 2295 2290 2285 2281 2277 2274 2272 2271 2272 2274 2278 2282 2285 2287 2290 2292 2294 2296 2298 2299 2299 2298 2296 2294 2290 2287 2284 2282 2281 2280 2279 2279 2278 2278 2277 2275 2271 2266 2259 2252 2245 2239 2233 2230 2228 2226 2224 2220 2214 2207 2197 2188 2177 2165 2152 2136 2122 2109 2096 2086 2074 2062 2047 2031 2017 2004 1992 1984 1975 1967 1958 1949 1941 1932 1925 1918 1910 1904 1895 1885 1872 1856 1842 1829 1818 1810 1802 1795 1789 1783 1778 1773 1769 1765 1760 1757 1754 1752 1751 1749 1747 1746 1744 1742 1740 1738 1736 1733 1730 1726 1723 1722 1721 1719 1718 1716 1715 1714 1713 1713 1712 1712 1711 1710 1709 1710 1710 1710 1710 1710 1710 1710 1709 1709 1711 1714 1718 1721 1724 1727 1731 1733 1734 1732 1729 1726 1722 1719 1718 1717 1717 1717 1717 1718 1718 1718 1718 1718 1717 1717 1717 1716 1716 1716 1715 1715 1720 1728 1736 1741 1743 1743 1743 1745 1749 1753 1757 1760 1764 1767 1770 1774 1779 1784 1789 1793 1797 1800 1805 1811 1818 1827 1836 1847 1859 1870 1882 1894 1906 1917 1926 1936 1948 1959 1972 1983 1991 1998 2003 2006 2009 2011 2015 2018 2022 2028 2034 2041 2049 2057 2066 2073 2080 2089 2097 2106 2115 2123 2132 2141 2149 2157 2165 2173 2180 2187 2195 2202 2209 2216 2224 2233 2242 2252 2263 2271 2277 2280 2281
2340 2335 2329 2323 2316 2309 2303 2297 2292 2288 2283 2280 2277 2276 2276 2277 2281 2286 2290 2294 2297 2299 2302 2305 2307 2309 2310 2310 2308 2306 2303 2300 2297 2294 2292 2290 2289 2289 2288 2288 2288 2287 2286 2283 2277 2270 2262 2254 2247 2241 2237 2235 2232 2230 2224 2217 2208 2197 2186 2174 2161 2147 2132 2118 2105 2092 2083 2071 2057 2041 2024 2009 1996 1985 1977 1968 1961 1953 1943 1935 1927 1920 1913 1905 1897 1887 1876 1863 1847 1833 1822 1812 1805 1798 1791 1785 1779 1773 1768 1763 1760 1756 1753 1750 1749 1748 1747 1746 1744 1743 1741 1739 1737 1736 1733 1730 1726 1723 1722 1721 1720 1719 1717 1716 1715 1714 1713 1712 1712 1711 1710 1710 1710 1710 1711 1711 1710 1710 1710 1709 1709 1711 1714 1718 1721 1724 1727 1730 1732 1733 1732 1729 1726 1723 1720 1718 1718 1717 1717 1718 1718 1718 1718 1718 1718 1718 1717 1717 1717 1718 1718 1719 1721 1727 1735 1741 1744 1745 1746 1747 1749 1752 1757 1761 1765 1768 1770 1772 1775 1779 1783 1787 1791 1796 1799 1803 1809 1816 1825 1834 1844 1856 1867 1879 1891 1902 1913 1923 1932 1943 1953 1965 1974 1982 1990 1994 1998 2002 2006 2011 2015 2020 2027 2033 2040 2049 2058 2067 2075 2084 2094 2103 2114 2123 2132 2142 2151 2161 2170 2179 2188 2196 2203 2211 2218 2225 2232 2240 2249 2259 2268 2277 2284 2289 2292 2293
2348 2343 2336 2328 2320 2313 2308 2301 2297 2293 2290 2287 2286 2285 2286 2287 2291 2296 2300 2303 2307 2310 2313 2316 2318 2319 2320 2320 2318 2315 2311 2308 2305 2302 2299 2298 2297 2297 2296 2295 2295 2295 2295 2292 2286 2279 2270 2261 2253 2247 2243 2240 2236 2232 2225 2216 2206 2194 2182 2170 2156 2143 2128 2114 2101 2088 2078 2066 2052 2035 2017 2002 1990 1979 1971 1963 1955 1948 1939 1931 1922 1915 1907 1898 1888 1878 1866 1853 1838 1825 1815 1806 1799 1792 1786 1780 1774 1768 1763 1758 1754 1751 1748 1746 1745 1744 1744 1743 1743 1741 1740 1738 1736 1735 1733 1730 1726 1723 1722 1721 1720 1719 1718 1716 1715 1714 1713 1713 1712 1711 1711 1710 1711 1711 1711 1711 1710 1710 1710 1710 1710 1712 1714 1718 1722 1725 1728 1730 1731 1731 1731 1729 1726 1723 1720 1718 1718 1718 1718 1718 1718 1718 1718 1719 1718 1718 1717 1717 1718 1720 1722 1725 1729 1735 1740 1742 1742 1744 1747 1749 1752 1756 1761 1766 1769 1772 1773 1774 1776 1779 1783 1786 1790 1794 1798 1802 1808 1814 1823 1832 1842 1853 1863 1875 1886 1897 1908 1917 1926 1937 1946 1957 1966 1974 1981 1986 1991 1996 2002 2008 2013 2019 2026 2033 2041 2051 2060 2071 2080 2091 2102 2113 2124 2134 2143 2154 2164 2175 2186 2196 2206 2214 2221 2229 2236 2243 2250 2257 2266 2274 2283 2290 2296 2301 2304 2305
2355 2349 2341 2332 2324 2318 2313 2308 2304 2302 2300 2299 2298 2298 2299 2300 2303 2307 2310 2313 2316 2319 2322 2325 2326 2328 2328 2327 2325 2321 2317 2313 2310 2307 2304 2303 2302 2301 2301 2300 2300 2299 2299 2296 2290 2283 2274 2265 2257 2250 2246 2242 2236 2231 2223 2213 2202 2189 2178 2165 2152 2139 2124 2110 2097 2084 2073 2060 2046 2029 2011 1997 1985 1975 1968 1960 1952 1945 1936 1928 1919 1910 1901 1891 1881 1869 1856 1844 1830 1818 1809 1801 1794 1788 1782 1776 1770 1764 1758 1753 1749 1746 1743 1742 1741 1741 1741 1741 1741 1740 1738 1737 1735 1733 1731 1729 1726 1723 1721 1721 1720 1719 1718 1717 1715 1714 1713 1712 1712 1711 1711 1711 1711 1711 1711 1711 1711 1710 1710 1710 1711 1713 1715 1719 1723 1726 1728 1729 1730 1730 1730 1729 1727 1723 1720 1718 1718 1718 1718 1718 1718 1718 1718 1719 1719 1718 1718 1718 1719 1721 1725 1729 1734 1738 1740 1739 1740 1743 1747 1751 1754 1759 1764 1769 1773 1775 1775 1775 1777 1780 1783 1786 1789 1793 1797 1802 1807 1813 1821 1830 1839 1850 1860 1871 1882 1892 1903 1911 1920 1930 1939 1950 1959 1967 1975 1980 1986 1992 1999 2006 2013 2019 2027 2035 2044 2054 2064 2076 2087 2099 2112 2123 2134 2144 2153 2165 2176 2189 2201 2212 2222 2230 2237 2245 2251 2258 2263 2270 2278 2286 2294 2301 2307 2312 2315 2316
2362 2356 2347 2338 2331 2326 2322 2319 2316 2315 2315 2315 2315 2316 2316 2317 2319 2321 2322 2324 2327 2329 2331 2333 2334 2335 2335 2334 2332 2327 2323 2318 2314 2311 2309 2308 2307 2306 2306 2305 2304 2304 2302 2298 2292 2284 2276 2267 2259 2253 2249 2243 2235 2228 2219 2209 2197 2184 2172 2159 2147 2134 2120 2106 2092 2078 2066 2053 2038 2023 2006 1992 1982 1972 1965 1957 1950 1942 1932 1923 1913 1903 1894 1882 1872 1860 1847 1835 1823 1812 1803 1795 1789 1783 1777 1771 1765 1759 1753 1748 1744 1740 1738 1737 1737 1738 1738 1738 1738 1737 1736 1735 1733 1731 1730 1727 1725 1723 1721 1721 1720 1719 1717 1716 1715 1714 1713 1712 1712 1711 1711 1711 1712 1712 1712 1711 1711 1711 1711 1711 1712 1714 1716 1720 1723 1726 1728 1729 1729 1730 1730 1729 1726 1723 1720 1718 1717 1718 1718 1719 1719 1718 1719 1719 1719 1719 1719 1719 1719 1722 1726 1731 1734 1736 1736 1736 1738 1742 1747 1751 1756 1761 1766 1771 1775 1777 1776 1776 1778 1781 1784 1786 1789 1792 1797 1802 1807 1812 1820 1828 1838 1848 1858 1868 1878 1887 1897 1904 1912 1921 1931 1943 1953 1960 1968 1974 1981 1989 1996 2004 2011 2019 2028 2037 2048 2059 2070 2083 2096 2109 2122 2132 2144 2154 2164 2176 2190 2204 2217 2227 2238 2246 2253 2260 2266 2272 2277 2283 2291 2298 2306 2313 2319 2325 2328 2330
2367 2361 2352 2344 2339 2335 2333 2331 2330 2330 2331 2332 2332 2333 2333 2333 2333 2333 2333 2334 2335 2336 2338 2339 2339 2339 2339 2337 2335 2330 2325 2320 2317 2314 2312 2311 2310 2309 2309 2308 2307 2306 2303 2298 2291 2283 2275 2267 2261 2255 2249 2242 2233 2224 2214 2204 2192 2178 2166 2154 2142 2131 2116 2102 2087 2072 2059 2045 2031 2017 2001 1989 1979 1970 1964 1956 1948 1940 1929 1919 1908 1897 1887 1875 1865 1854 1841 1829 1818 1807 1798 1791 1785 1778 1772 1767 1760 1754 1749 1743 1739 1736 1734 1734 1734 1735 1736 1736 1736 1736 1734 1733 1731 1730 1728 1726 1724 1722 1721 1720 1719 1718 1717 1716 1715 1714 1713 1713 1712 1711 1711 1711 1712 1712 1712 1711 1711 1711 1711 1711 1712 1714 1717 1720 1723 1725 1727 1728 1729 1729 1729 1727 1725 1721 1719 1717 1717 1718 1719 1719 1719 1719 1719 1719 1719 1720 1719 1719 1720 1722 1725 1729 1732 1732 1732 1734 1737 1742 1747 1751 1756 1761 1766 1771 1774 1777 1777 1777 1779 1782 1785 1787 1789 1792 1796 1802 1807 1812 1820 1828 1837 1848 1858 1867 1876 1884 1892 1898 1905 1913 1924 1937 1947 1955 1964 1970 1978 1986 1994 2002 2010 2019 2030 2040 2053 2064 2076 2091 2104 2117 2129 2140 2151 2162 2173 2187 2201 2217 2229 2239 2250 2257 2264 2270 2276 2282 2288 2294 2301 2309 2317 2324 2331 2337 2341 2343
2374 2367 2359 2353 2349 2346 2345 2345 2345 2346 2347 2348 2349 2349 2349 2348 2347 2346 2345 2344 2343 2344 2344 2344 2343 2342 2341 2339 2336 2332 2328 2323 2319 2317 2315 2314 2314 2313 2313 2312 2310 2308 2304 2297 2289 2281 2274 2267 2262 2255 2249 2240 2230 2221 2210 2198 2185 2171 2160 2149 2138 2127 2112 2097 2082 2066 2053 2038 2024 2011 1997 1986 1976 1968 1962 1954 1946 1936 1925 1914 1901 1890 1880 1869 1859 1848 1836 1824 1813 1802 1793 1785 1779 1773 1767 1762 1756 1750 1745 1740 1735 1732 1730 1731 1732 1733 1733 1734 1734 1734 1733 1731 1730 1728 1727 1725 1724 1722 1721 1720 1719 1718 1716 1715 1714 1714 1713 1713 1712 1711 1711 1711 1712 1712 1712 1712 1712 1712 1712 1712 1713 1715 1717 1720 1722 1724 1726 1727 1728 1728 1727 1724 1721 1719 1717 1717 1717 1718 1719 1719 1719 1719 1719 1719 1720 1720 1720 1720 1720 1721 1723 1726 1728 1729 1731 1734 1738 1743 1747 1751 1756 1760 1765 1769 1773 1775 1777 1778 1781 1784 1786 1788 1790 1793 1797 1802 1807 1813 1820 1828 1838 1849 1859 1868 1876 1882 1888 1893 1898 1906 1917 1930 1942 1950 1958 1966 1974 1983 1991 1999 2008 2019 2032 2044 2058 2071 2083 2098 2111 2123 2135 2146 2157 2169 2181 2197 2212 2227 2240 2249 2259 2267 2274 2281 2287 2293 2299 2306 2314 2322 2331 2338 2345 2351 2355 2357
2379 2373 2366 2362 2359 2357 2357 2358 2359 2360 2362 2363 2363 2363 2362 2360 2358 2357 2355 2353 2351 2350 2349 2348 2347 2345 2343 2340 2337 2333 2330 2325 2322 2320 2319 2319 2318 2318 2317 2316 2314 2310 2304 2297 2288 2280 2273 2267 2261 2254 2246 2237 2227 2217 2205 2192 2178 2165 2154 2145 2134 2123 2108 2094 2078 2063 2049 2034 2020 2007 1994 1983 1973 1965 1959 1951 1943 1932 1920 1908 1895 1884 1875 1865 1856 1845 1832 1821 1809 1798 1789 1780 1774 1768 1762 1757 1751 1747 1742 1737 1733 1729 1728 1729 1730 1731 1732 1733 1733 1733 1732 1730 1729 1727 1726 1724 1723 1722 1721 1719 1718 1717 1716 1715 1714 1714 1713 1713 1712 1712 1711 1712 1712 1712 1712 1712 1713 1713 1712 1712 1713 1715 1717 1719 1721 1723 1724 1725 1726 1726 1724 1720 1718 1716 1716 1717 1717 1718 1719 1719 1719 1719 1719 1719 1720 1720 1720 1720 1720 1720 1721 1722 1725 1727 1731 1735 1739 1744 1748 1752 1756 1759 1763 1767 1770 1774 1776 1779 1783 1785 1788 1789 1791 1793 1797 1801 1807 1813 1821 1830 1840 1852 1861 1870 1876 1881 1885 1889 1893 1901 1912 1926 1937 1945 1954 1961 1970 1979 1987 1996 2006 2019 2034 2048 2063 2077 2090 2104 2116 2128 2139 2149 2161 2173 2187 2204 2219 2233 2245 2255 2265 2273 2281 2289 2296 2304 2311 2318 2328 2336 2345 2352 2359 2365 2368 2369
2384 2378 2372 2369 2368 2367 2368 2369 2371 2372 2373 2374 2374 2373 2372 2369 2367 2366 2364 2362 2358 2356 2354 2352 2350 2347 2344 2342 2338 2335 2332 2329 2326 2324 2323 2323 2323 2323 2323 2320 2317 2312 2305 2297 2287 2279 2272 2266 2260 2251 2243 2234 2223 2212 2199 2186 2172 2159 2149 2140 2130 2119 2106 2092 2077 2062 2049 2033 2019 2005 1992 1981 1971 1963 1956 1948 1938 1927 1914 1902 1890 1880 1871 1862 1854 1842 1829 1817 1805 1794 1784 1775 1768 1763 1758 1753 1748 1744 1740 1736 1732 1728 1728 1728 1730 1731 1731 1732 1732 1732 1731 1729 1727 1726 1725 1724 1723 1722 1720 1719 1717 1716 1715 1714 1714 1713 1713 1713 1713 1712 1711 1712 1712 1713 1713 1713 1713 1713 1713 1713 1713 1715 1717 1719 1721 1722 1723 1724 1724 1722 1719 1717 1715 1715 1715 1716 1717 1718 1719 1719 1719 1719 1719 1719 1720 1720 1720 1721 1721 1720 1720 1720 1722 1726 1730 1735 1740 1745 1749 1753 1756 1758 1761 1764 1768 1772 1776 1780 1784 1787 1789 1790 1791 1793 1795 1799 1805 1813 1822 1832 1843 1854 1863 1870 1876 1880 1884 1886 1890 1898 1909 1922 1933 1941 1949 1957 1966 1976 1985 1995 2006 2019 2035 2050 2067 2082 2095 2110 2121 2131 2142 2152 2164 2177 2191 2207 2221 2235 2247 2256 2267 2277 2287 2296 2305 2313 2322 2330 2340 2349 2358 2365 2372 2377 2380 2381
2390 2384 2379 2377 2376 2376 2377 2379 2381 2382 2383 2383 2383 2382 2381 2378 2377 2376 2374 2371 2367 2363 2360 2357 2354 2350 2347 2344 2340 2338 2335 2333 2331 2329 2329 2329 2330 2330 2328 2325 2321 2314 2306 2297 2287 2279 2271 2264 2257 2248 2239 2230 2219 2208 2194 2181 2168 2154 2144 2135 2126 2116 2104 2092 2079 2064 2051 2036 2020 2005 1990 1978 1968 1959 1952 1942 1933 1921 1908 1897 1885 1876 1868 1860 1851 1839 1825 1813 1800 1788 1779 1769 1763 1757 1753 1749 1745 1742 1738 1734 1731 1728 1728 1728 1729 1730 1731 1731 1731 1731 1730 1728 1726 1725 1725 1724 1722 1721 1720 1719 1717 1716 1715 1714 1713 1712 1712 1713 1712 1712 1712 1712 1712 1713 1713 1713 1714 1714 1713 1713 1713 1715 1717 1718 1720 1721 1722 1722 1720 1718 1715 1714 1714 1714 1715 1716 1717 1718 1719 1719 1719 1719 1719 1719 1720 1720 1720 1721 1721 1721 1720 1719 1721 1725 1730 1735 1740 1746 1750 1753 1755 1757 1760 1763 1767 1771 1775 1780 1784 1787 1790 1791 1792 1793 1794 1798 1804 1812 1822 1834 1846 1857 1863 1869 1875 1879 1883 1884 1888 1896 1907 1919 1929 1937 1944 1952 1961 1972 1982 1993 2005 2019 2036 2051 2068 2084 2099 2113 2124 2134 2144 2154 2166 2179 2192 2207 2221 2234 2246 2257 2270 2281 2293 2305 2314 2324 2334 2343 2353 2363 2371 2379 2385 2390 2392 2393
2394 2389 2385 2383 2383 2383 2385 2386 2388 2389 2389 2389 2389 2388 2387 2386 2386 2384 2382 2379 2374 2370 2365 2361 2357 2353 2350 2346 2343 2340 2338 2335 2334 2334 2335 2335 2336 2336 2334 2330 2324 2316 2307 2297 2286 2278 2269 2261 2254 2245 2236 2227 2215 2204 2191 2179 2166 2152 2141 2132 2124 2115 2104 2094 2082 2069 2055 2040 2024 2008 1991 1978 1966 1955 1947 1937 1927 1916 1903 1892 1882 1873 1866 1857 1847 1834 1821 1808 1796 1785 1775 1765 1759 1753 1749 1746 1743 1740 1737 1733 1730 1728 1727 1728 1728 1729 1729 1730 1730 1730 1729 1727 1726 1725 1724 1723 1722 1720 1719 1718 1716 1715 1714 1713 1712 1711 1711 1712 1712 1712 1712 1712 1712 1713 1713 1713 1714 1714 1714 1713 1713 1714 1716 1717 1719 1720 1720 1719 1717 1715 1713 1713 1714 1715 1716 1716 1717 1718 1718 1719 1719 1719 1719 1719 1719 1720 1721 1721 1722 1721 1720 1719 1720 1724 1729 1735 1740 1746 1751 1754 1755 1757 1760 1763 1766 1771 1775 1779 1783 1787 1790 1792 1792 1793 1794 1797 1803 1811 1822 1835 1847 1858 1864 1869 1873 1878 1882 1884 1888 1895 1905 1916 1925 1932 1940 1947 1957 1969 1980 1992 2005 2020 2036 2052 2069 2086 2100 2114 2125 2134 2144 2154 2166 2178 2190 2205 2217 2231 2244 2257 2271 2285 2299 2312 2322 2333 2343 2353 2364 2374 2382 2390 2395 2400 2402 2403
2400 2395 2392 2390 2390 2390 2392 2393 2395 2396 2396 2396 2396 2396 2396 2396 2396 2394 2391 2387 2382 2377 2371 2366 2361 2357 2353 2349 2346 2343 2340 2337 2337 2339 2340 2340 2341 2341 2338 2333 2326 2317 2307 2296 2284 2275 2266 2258 2250 2242 2233 2223 2212 2201 2189 2178 2165 2150 2139 2130 2121 2114 2105 2096 2086 2073 2059 2044 2029 2013 1994 1978 1964 1951 1941 1930 1920 1909 1897 1887 1878 1869 1861 1851 1840 1827 1814 1803 1791 1781 1771 1762 1755 1750 1746 1744 1741 1739 1736 1732 1729 1727 1727 1727 1726 1727 1727 1728 1729 1728 1728 1726 1725 1724 1723 1722 1721 1720 1719 1718 1716 1715 1713 1712 1710 1710 1710 1711 1712 1712 1712 1712 1712 1713 1713 1713 1713 1714 1714 1713 1713 1714 1715 1716 1717 1717 1717 1715 1714 1713 1714 1715 1716 1717 1717 1717 1718 1718 1718 1719 1719 1719 1719 1719 1719 1720 1721 1722 1722 1722 1721 1719 1720 1723 1728 1735 1740 1746 1750 1753 1755 1757 1761 1764 1767 1771 1774 1778 1782 1785 1789 1792 1793 1794 1794 1797 1802 1811 1822 1834 1847 1858 1865 1868 1871 1875 1880 1884 1887 1893 1902 1912 1919 1925 1933 1941 1952 1964 1976 1990 2004 2019 2035 2051 2069 2085 2099 2113 2124 2134 2144 2153 2164 2176 2189 2203 2216 2230 2244 2259 2275 2291 2306 2320 2331 2343 2354 2364 2375 2385 2394 2401 2407 2412 2415 2417
2404 2400 2397 2395 2395 2395 2396 2398 2399 2400 2400 2400 2401 2401 2402 2403 2404 2403 2399 2394 2389 2383 2377 2370 2365 2360 2356 2352 2349 2346 2342 2339 2339 2342 2343 2343 2344 2343 2340 2334 2326 2316 2305 2293 2281 2272 2263 2255 2248 2240 2232 2222 2211 2202 2191 2179 2165 2149 2137 2128 2120 2113 2105 2097 2087 2075 2062 2048 2034 2018 1998 1980 1964 1948 1936 1925 1914 1904 1892 1883 1874 1865 1855 1844 1832 1820 1809 1799 1788 1778 1769 1759 1752 1747 1744 1742 1740 1738 1735 1731 1728 1726 1726 1726 1725 1725 1726 1726 1727 1727 1726 1725 1723 1722 1722 1721 1720 1719 1719 1718 1716 1715 1713 1711 1710 1709 1710 1710 1711 1712 1712 1712 1712 1712 1713 1713 1713 1713 1713 1713 1713 1714 1714 1715 1715 1715 1714 1713 1713 1714 1716 1717 1718 1719 1719 1719 1719 1719 1719 1719 1719 1719 1719 1719 1719 1720 1722 1722 1723 1723 1722 1721 1721 1723 1728 1734 1740 1745 1750 1753 1755 1758 1761 1764 1767 1771 1774 1777 1780 1784 1789 1792 1794 1795 1796 1798 1803 1811 1822 1834 1845 1857 1864 1867 1869 1872 1878 1883 1886 1892 1898 1907 1914 1919 1927 1935 1946 1959 1971 1986 2000 2015 2032 2048 2065 2081 2096 2110 2121 2131 2142 2151 2163 2175 2187 2201 2215 2230 2246 2262 2280 2297 2312 2327 2339 2351 2362 2372 2384 2393 2402 2410 2416 2421 2425 2429
2408 2405 2402 2400 2399 2399 2401 2402 2403 2404 2404 2405 2406 2406 2408 2409 2411 2410 2406 2401 2396 2390 2383 2375 2369 2364 2359 2355 2351 2348 2345 2342 2341 2343 2344 2343 2343 2342 2338 2332 2323 2312 2301 2289 2277 2268 2259 2252 2246 2239 2230 2221 2211 2203 2193 2180 2164 2147 2135 2126 2118 2111 2103 2095 2086 2075 2063 2050 2037 2022 2003 1984 1964 1946 1933 1920 1909 1899 1888 1879 1869 1859 1849 1836 1824 1813 1803 1793 1783 1774 1765 1757 1750 1745 1741 1740 1738 1736 1733 1729 1727 1726 1726 1725 1725 1725 1725 1725 1725 1726 1725 1724 1722 1721 1720 1720 1719 1719 1718 1718 1716 1715 1712 1710 1709 1709 1710 1710 1711 1712 1712 1712 1712 1712 1712 1713 1713 1713 1713 1713 1713 1713 1714 1714 1714 1714 1713 1714 1715 1717 1719 1720 1721 1721 1721 1720 1720 1719 1720 1720 1720 1720 1719 1719 1719 1721 1722 1722 1723 1723 1723 1722 1722 1724 1728 1733 1739 1744 1748 1752 1755 1758 1761 1764 1767 1771 1773 1776 1780 1784 1789 1793 1795 1797 1797 1800 1805 1812 1822 1833 1843 1854 1861 1865 1866 1869 1875 1880 1884 1889 1894 1901 1907 1913 1920 1928 1939 1952 1965 1980 1994 2008 2025 2041 2058 2075 2090 2104 2116 2127 2139 2150 2163 2175 2187 2202 2216 2233 2251 2268 2286 2303 2319 2334 2346 2358 2369 2380 2391 2401 2410 2418 2424 2431 2436 2442
2412 2408 2406 2404 2403 2403 2403 2405 2406 2407 2407 2408 2409 2410 2412 2414 2415 2414 2410 2406 2401 2396 2389 2381 2374 2368 2362 2358 2353 2350 2346 2343 2342 2342 2341 2340 2339 2337 2333 2326 2317 2306 2295 2284 2273 2265 2257 2251 2245 2237 2229 2220 2212 2205 2194 2180 2162 2145 2133 2124 2116 2108 2099 2091 2083 2073 2062 2050 2038 2024 2006 1986 1965 1945 1930 1917 1905 1895 1884 1876 1866 1855 1843 1830 1818 1807 1797 1788 1778 1770 1762 1754 1748 1743 1739 1738 1736 1734 1731 1728 1726 1726 1726 1726 1725 1725 1724 1724 1724 1724 1723 1722 1721 1720 1719 1719 1719 1718 1718 1718 1717 1715 1712 1710 1710 1710 1710 1711 1711 1712 1712 1712 1712 1712 1712 1713 1713 1713 1713 1713 1713 1713 1713 1713 1713 1713 1714 1716 1719 1721 1722 1723 1723 1722 1722 1722 1721 1721 1721 1722 1722 1721 1720 1720 1720 1721 1722 1723 1723 1724 1724 1724 1723 1724 1727 1732 1737 1742 1746 1750 1754 1757 1760 1764 1767 1770 1773 1776 1779 1784 1789 1793 1796 1798 1799 1802 1807 1813 1822 1832 1841 1850 1857 1861 1863 1865 1871 1876 1881 1885 1889 1895 1902 1907 1914 1922 1933 1945 1957 1972 1985 1999 2016 2032 2050 2068 2084 2099 2112 2125 2138 2150 2164 2177 2190 2206 2221 2239 2257 2275 2293 2309 2325 2340 2352 2364 2376 2386 2397 2407 2416 2424 2432 2440 2448 2455
2415 2412 2409 2407 2405 2405 2405 2406 2407 2408 2409 2410 2411 2413 2415 2416 2417 2416 2412 2408 2405 2400 2394 2386 2379 2373 2366 2360 2355 2351 2347 2343 2340 2338 2336 2335 2333 2330 2325 2318 2309 2298 2288 2278 2269 2263 2256 2250 2244 2235 2228 2220 2213 2206 2195 2179 2160 2143 2131 2121 2112 2104 2095 2087 2079 2070 2061 2049 2037 2024 2007 1987 1965 1945 1929 1915 1903 1892 1882 1874 1864 1852 1840 1826 1814 1803 1792 1783 1774 1766 1758 1751 1746 1741 1738 1736 1734 1732 1729 1727 1726 1726 1726 1726 1726 1725 1724 1724 1723 1723 1722 1721 1720 1719 1718 1718 1718 1718 1718 1718 1717 1715 1712 1710 1710 1710 1711 1711 1711 1712 1712 1711 1711 1712 1712 1713 1713 1713 1713 1713 1713 1713 1713 1713 1714 1714 1716 1719 1721 1723 1724 1724 1724 1723 1723 1723 1723 1722 1722 1723 1723 1723 1722 1721 1721 1721 1722 1723 1723 1724 1724 1724 1724 1725 1727 1731 1735 1740 1744 1748 1752 1755 1759 1762 1765 1769 1772 1775 1779 1784 1789 1793 1796 1799 1801 1805 1809 1815 1822 1830 1838 1846 1851 1855 1858 1861 1866 1871 1876 1881 1885 1890 1896 1903 1910 1917 1927 1939 1951 1965 1978 1991 2007 2023 2042 2061 2079 2096 2110 2125 2139 2153 2168 2182 2195 2211 2227 2245 2264 2280 2298 2313 2328 2343 2356 2369 2380 2390 2401 2410 2420 2429 2438 2448 2458 2468
2420 2416 2412 2410 2408 2407 2407 2408 2408 2409 2410 2411 2413 2414 2416 2418 2418 2416 2413 2410 2408 2404 2398 2390 2383 2376 2368 2361 2354 2349 2344 2339 2335 2332 2328 2326 2323 2319 2314 2307 2299 2289 2279 2272 2265 2260 2254 2247 2240 2231 2225 2218 2211 2204 2191 2174 2156 2139 2128 2118 2108 2099 2090 2083 2076 2068 2059 2047 2035 2022 2005 1986 1965 1944 1928 1913 1901 1891 1881 1873 1863 1851 1838 1823 1810 1798 1787 1778 1769 1762 1755 1749 1744 1740 1737 1734 1732 1730 1728 1727 1727 1727 1727 1727 1726 1725 1724 1723 1722 1721 1720 1719 1719 1718 1718 1718 1718 1717 1717 1717 1717 1715 1713 1711 1710 1711 1711 1711 1711 1712 1711 1711 1711 1712 1713 1713 1713 1713 1712 1712 1713 1713 1713 1714 1715 1717 1719 1721 1723 1724 1725 1725 1724 1725 1725 1725 1725 1725 1725 1726 1725 1725 1724 1723 1723 1723 1723 1723 1724 1724 1724 1724 1724 1724 1726 1729 1733 1738 1741 1745 1749 1752 1756 1760 1763 1767 1770 1774 1778 1784 1789 1793 1796 1799 1802 1806 1811 1815 1822 1828 1834 1841 1845 1849 1852 1855 1860 1865 1870 1875 1880 1885 1891 1898 1905 1913 1922 1934 1946 1959 1971 1984 1999 2016 2036 2057 2075 2094 2111 2127 2143 2157 2173 2187 2201 2218 2234 2252 2270 2285 2302 2316 2331 2346 2359 2372 2384 2394 2405 2414 2424 2435 2446 2459 2470 2481
2424 2420 2416 2413 2411 2410 2409 2409 2409 2410 2411 2412 2413 2415 2417 2418 2417 2415 2413 2411 2409 2405 2400 2393 2385 2376 2367 2359 2351 2345 2338 2333 2328 2323 2319 2316 2312 2308 2302 2296 2288 2279 2272 2266 2260 2257 2251 2243 2235 2227 2221 2215 2207 2198 2185 2167 2150 2136 2126 2116 2105 2096 2087 2080 2074 2066 2057 2046 2033 2019 2003 1985 1964 1945 1928 1913 1901 1891 1882 1874 1864 1852 1838 1822 1808 1795 1784 1775 1766 1759 1753 1748 1744 1740 1736 1733 1731 1729 1728 1728 1728 1728 1728 1728 1727 1726 1725 1723 1722 1720 1719 1718 1718 1718 1717 1717 1717 1717 1717 1717 1716 1715 1713 1712 1711 1711 1711 1712 1712 1712 1711 1711 1711 1712 1713 1713 1713 1712 1712 1712 1712 1713 1714 1715 1717 1719 1721 1723 1725 1725 1726 1726 1726 1726 1727 1727 1727 1728 1728 1728 1728 1727 1726 1726 1725 1724 1724 1724 1724 1724 1724 1724 1724 1724 1725 1728 1731 1735 1739 1743 1746 1750 1754 1758 1761 1765 1768 1772 1778 1783 1788 1793 1796 1799 1803 1807 1811 1816 1821 1826 1831 1836 1840 1844 1847 1850 1854 1859 1865 1871 1876 1881 1887 1894 1902 1909 1919 1930 1942 1955 1967 1980 1995 2012 2033 2055 2075 2095 2113 2130 2146 2161 2177 2192 2207 2224 2240 2258 2275 2289 2305 2318 2332 2348 2361 2374 2386 2397 2408 2418 2429 2441 2454 2468 2481 2492
2428 2425 2421 2418 2415 2414 2413 2412 2412 2412 2413 2413 2414 2415 2417 2417 2417 2415 2413 2412 2409 2405 2399 2391 2382 2372 2362 2352 2344 2337 2330 2323 2317 2312 2307 2303 2299 2295 2289 2284 2277 2269 2263 2259 2254 2250 2244 2236 2228 2220 2215 2209 2200 2189 2174 2158 2143 2132 2123 2113 2103 2094 2085 2079 2072 2064 2056 2044 2031 2017 2001 1984 1964 1945 1928 1913 1901 1892 1883 1875 1864 1852 1837 1821 1806 1792 1780 1771 1763 1757 1752 1747 1744 1740 1737 1733 1731 1729 1729 1729 1729 1729 1728 1728 1727 1726 1724 1722 1721 1719 1718 1718 1717 1717 1717 1717 1717 1717 1717 1716 1715 1714 1713 1712 1712 1712 1712 1712 1712 1712 1711 1711 1711 1712 1713 1713 1713 1712 1712 1712 1712 1713 1715 1717 1719 1721 1723 1725 1726 1727 1728 1728 1728 1729 1730 1731 1731 1732 1733 1733 1732 1731 1730 1729 1727 1726 1726 1725 1724 1724 1724 1724 1724 1724 1724 1726 1729 1733 1737 1741 1744 1748 1752 1755 1759 1762 1766 1771 1777 1782 1787 1791 1795 1799 1802 1806 1810 1814 1819 1823 1827 1831 1835 1839 1842 1845 1849 1853 1859 1866 1872 1877 1883 1889 1897 1905 1915 1926 1938 1952 1965 1978 1993 2010 2031 2053 2074 2095 2114 2132 2149 2164 2181 2196 2211 2229 2245 2262 2278 2292 2306 2319 2333 2349 2362 2376 2388 2399 2412 2424 2436 2450 2463 2479 2492 2504
2433 2430 2427 2423 2420 2418 2417 2415 2415 2415 2415 2415 2415 2415 2416 2417 2416 2415 2415 2413 2408 2403 2396 2387 2377 2365 2354 2344 2334 2327 2319 2312 2305 2300 2295 2291 2286 2283 2278 2273 2267 2261 2256 2253 2248 2243 2236 2228 2220 2213 2207 2200 2190 2178 2163 2149 2137 2128 2120 2110 2101 2093 2085 2079 2072 2063 2054 2042 2028 2014 1998 1982 1964 1945 1929 1914 1902 1892 1883 1874 1863 1850 1836 1818 1803 1789 1777 1769 1761 1756 1752 1748 1744 1741 1737 1734 1731 1731 1731 1731 1730 1730 1729 1728 1727 1725 1723 1721 1720 1719 1718 1717 1717 1717 1717 1717 1717 1717 1716 1716 1715 1714 1714 1713 1712 1712 1712 1712 1712 1712 1712 1711 1712 1712 1713 1713 1713 1712 1712 1712 1712 1714 1716 1718 1720 1722 1724 1726 1727 1729 1730 1731 1732 1733 1735 1735 1735 1737 1738 1738 1737 1735 1734 1732 1730 1729 1727 1726 1725 1724 1724 1724 1724 1724 1724 1725 1728 1732 1736 1739 1743 1746 1750 1753 1757 1761 1765 1770 1775 1781 1786 1790 1793 1797 1801 1804 1808 1812 1816 1819 1823 1827 1831 1834 1838 1841 1844 1849 1855 1861 1867 1873 1879 1885 1893 1901 1911 1923 1935 1950 1964 1978 1994 2011 2031 2053 2074 2095 2114 2132 2150 2165 2182 2198 2214 2233 2249 2265 2280 2292 2306 2319 2333 2348 2362 2375 2388 2401 2415 2429 2443 2458 2472 2487 2501 2512
2439 2437 2433 2429 2426 2423 2421 2419 2418 2418 2417 2417 2416 2416 2416 2416 2416 2416 2416 2413 2407 2400 2391 2379 2368 2355 2343 2333 2323 2315 2307 2299 2293 2287 2282 2277 2273 2270 2267 2263 2258 2253 2249 2246 2241 2235 2227 2219 2212 2203 2197 2188 2178 2166 2152 2141 2132 2124 2117 2108 2100 2093 2085 2079 2071 2062 2052 2039 2025 2011 1995 1980 1963 1945 1930 1914 1901 1891 1880 1871 1860 1846 1831 1814 1799 1786 1774 1766 1759 1754 1751 1747 1744 1740 1737 1735 1733 1733 1733 1733 1732 1731 1730 1729 1727 1724 1722 1720 1719 1718 1717 1717 1717 1717 1717 1716 1716 1716 1716 1715 1715 1714 1714 1714 1713 1713 1712 1713 1713 1712 1712 1712 1713 1713 1714 1714 1713 1713 1712 1712 1713 1715 1717 1720 1721 1723 1725 1726 1728 1731 1733 1735 1736 1738 1740 1741 1741 1743 1744 1744 1742 1740 1738 1736 1734 1731 1729 1727 1725 1724 1724 1724 1724 1724 1724 1725 1727 1730 1734 1738 1742 1745 1749 1752 1755 1759 1763 1768 1774 1779 1784 1787 1791 1794 1798 1801 1805 1808 1812 1815 1818 1822 1826 1830 1834 1837 1841 1845 1850 1856 1862 1869 1875 1881 1889 1897 1907 1920 1932 1947 1962 1977 1994 2011 2031 2052 2073 2094 2111 2130 2149 2165 2182 2198 2216 2234 2251 2266 2280 2291 2305 2318 2332 2347 2360 2374 2388 2402 2419 2434 2450 2465 2479 2494 2508 2519
2445 2442 2439 2435 2431 2428 2425 2423 2422 2420 2419 2417 2416 2416 2416 2415 2416 2416 2416 2412 2404 2395 2384 2370 2357 2344 2332 2322 2311 2303 2295 2288 2281 2275 2269 2265 2262 2259 2257 2253 2250 2246 2242 2239 2232 2226 2218 2211 2203 2194 2186 2177 2166 2155 2144 2135 2128 2120 2113 2106 2098 2092 2085 2078 2070 2061 2050 2037 2022 2008 1993 1979 1963 1946 1931 1914 1900 1888 1876 1866 1853 1839 1825 1808 1795 1782 1771 1763 1757 1752 1749 1746 1743 1739 1737 1736 1735 1735 1735 1734 1734 1733 1731 1729 1726 1723 1720 1718 1717 1717 1717 1717 1717 1716 1716 1716 1716 1716 1716 1715 1715 1714 1714 1714 1713 1713 1713 1713 1713 1713 1713 1713 1714 1714 1714 1714 1714 1713 1713 1713 1714 1716 1718 1720 1722 1723 1725 1727 1730 1733 1737 1739 1741 1743 1745 1747 1747 1749 1750 1750 1748 1744 1741 1740 1737 1734 1730 1727 1726 1725 1725 1725 1725 1725 1725 1726 1727 1729 1733 1738 1742 1745 1748 1751 1754 1758 1762 1768 1773 1778 1782 1785 1787 1790 1793 1797 1801 1804 1807 1810 1814 1818 1821 1826 1830 1834 1837 1841 1845 1851 1857 1864 1870 1877 1884 1892 1903 1916 1929 1944 1959 1974 1992 2009 2029 2049 2069 2089 2107 2126 2147 2163 2180 2196 2214 2233 2249 2265 2277 2288 2302 2316 2330 2344 2357 2372 2387 2402 2421 2438 2455 2470 2484 2499 2512 2525
2448 2446 2443 2440 2436 2432 2429 2426 2424 2422 2419 2417 2415 2414 2414 2414 2415 2415 2413 2409 2400 2389 2377 2362 2348 2334 2322 2311 2301 2293 2286 2278 2272 2265 2260 2256 2252 2250 2248 2246 2243 2240 2236 2232 2225 2218 2210 2203 2195 2187 2178 2168 2158 2148 2138 2131 2124 2117 2111 2104 2097 2091 2084 2077 2069 2059 2048 2035 2020 2007 1992 1978 1962 1946 1932 1915 1899 1884 1871 1859 1846 1832 1818 1803 1790 1779 1768 1761 1755 1750 1747 1743 1740 1738 1737 1737 1736 1736 1736 1736 1735 1733 1731 1728 1724 1721 1719 1717 1716 1716 1716 1716 1716 1716 1716 1716 1716 1716 1715 1715 1715 1715 1715 1714 1713 1713 1713 1713 1713 1714 1714 1714 1714 1714 1714 1714 1714 1714 1714 1714 1714 1716 1718 1720 1721 1723 1725 1727 1731 1735 1739 1742 1745 1747 1750 1751 1752 1754 1755 1754 1752 1748 1744 1742 1739 1736 1732 1729 1727 1726 1725 1725 1725 1726 1726 1727 1727 1729 1733 1737 1741 1745 1748 1751 1753 1757 1762 1767 1772 1776 1780 1782 1783 1786 1788 1792 1795 1799 1803 1806 1810 1814 1818 1822 1826 1830 1834 1838 1842 1847 1852 1859 1866 1872 1880 1888 1899 1912 1925 1941 1955 1971 1989 2005 2024 2044 2063 2084 2103 2123 2145 2161 2177 2193 2210 2228 2245 2260 2272 2284 2298 2312 2326 2341 2354 2370 2386 2403 2423 2440 2457 2473 2486 2501 2514 2528
2451 2449 2446 2444 2440 2435 2431 2427 2425 2422 2418 2414 2411 2410 2410 2411 2412 2411 2408 2403 2393 2382 2368 2353 2338 2324 2312 2301 2291 2283 2276 2269 2263 2256 2251 2247 2243 2241 2240 2237 2235 2232 2229 2224 2217 2210 2202 2195 2188 2179 2171 2162 2152 2143 2134 2127 2120 2114 2108 2102 2095 2089 2082 2075 2067 2057 2046 2033 2020 2006 1991 1977 1962 1947 1933 1915 1898 1881 1865 1853 1839 1824 1811 1796 1785 1774 1765 1758 1752 1748 1744 1740 1738 1737 1737 1737 1737 1738 1737 1737 1735 1732 1729 1726 1722 1719 1717 1716 1715 1715 1715 1715 1715 1715 1715 1715 1715 1715 1715 1715 1715 1715 1715 1714 1713 1713 1713 1714 1715 1715 1716 1716 1716 1715 1715 1715 1715 1715 1715 1715 1715 1716 1718 1719 1721 1723 1726 1729 1733 1737 1741 1745 1748 1751 1754 1755 1756 1758 1758 1758 1755 1751 1748 1745 1742 1739 1735 1730 1727 1726 1725 1726 1726 1726 1727 1727 1728 1729 1732 1736 1741 1744 1747 1750 1753 1757 1761 1766 1770 1774 1777 1779 1780 1781 1783 1786 1790 1794 1798 1802 1806 1810 1814 1818 1822 1826 1830 1834 1838 1843 1848 1854 1861 1867 1876 1884 1895 1908 1921 1936 1950 1965 1982 1998 2016 2036 2054 2076 2096 2119 2141 2157 2172 2187 2203 2221 2236 2251 2265 2278 2293 2307 2322 2338 2352 2369 2386 2404 2424 2442 2458 2474 2487 2502 2516 2530
2453 2451 2448 2446 2442 2436 2431 2427 2423 2420 2415 2411 2407 2405 2406 2407 2407 2405 2401 2395 2386 2374 2360 2345 2330 2316 2303 2293 2283 2276 2269 2262 2256 2250 2244 2240 2237 2234 2232 2230 2228 2226 2223 2218 2211 2204 2197 2190 2183 2174 2166 2157 2148 2140 2131 2124 2117 2111 2106 2100 2094 2088 2080 2073 2064 2054 2044 2032 2020 2007 1992 1978 1963 1948 1934 1915 1896 1878 1861 1847 1833 1818 1805 1792 1781 1771 1762 1756 1750 1745 1741 1739 1738 1737 1738 1738 1738 1738 1738 1736 1734 1731 1728 1724 1721 1718 1716 1715 1714 1714 1714 1714 1714 1714 1715 1715 1715 1715 1715 1715 1715 1715 1715 1714 1714 1714 1714 1715 1716 1716 1717 1717 1717 1717 1717 1716 1716 1716 1716 1715 1716 1716 1717 1719 1721 1723 1727 1730 1734 1738 1742 1746 1750 1754 1756 1758 1759 1760 1761 1760 1758 1755 1752 1749 1746 1742 1737 1732 1728 1726 1725 1726 1726 1727 1727 1728 1729 1730 1732 1736 1740 1744 1747 1750 1753 1757 1761 1765 1769 1772 1775 1776 1777 1778 1780 1783 1786 1790 1794 1798 1803 1807 1811 1816 1819 1823 1827 1831 1836 1841 1846 1852 1858 1864 1872 1881 1892 1905 1917 1932 1945 1959 1975 1991 2008 2027 2046 2067 2089 2112 2135 2151 2167 2181 2196 2212 2226 2241 2256 2271 2287 2302 2318 2335 2351 2369 2387 2405 2425 2442 2458 2474 2487 2502 2517 2532
2456 2453 2451 2447 2442 2436 2430 2425 2421 2417 2412 2407 2402 2400 2400 2400 2400 2397 2393 2387 2377 2365 2351 2335 2321 2307 2295 2285 2275 2268 2262 2255 2249 2242 2237 2233 2229 2227 2224 2222 2221 2219 2216 2211 2204 2197 2191 2184 2177 2169 2161 2153 2143 2135 2127 2120 2114 2108 2103 2098 2091 2085 2078 2070 2062 2052 2043 2032 2020 2008 1994 1980 1965 1949 1934 1914 1894 1875 1857 1843 1827 1812 1799 1787 1777 1768 1760 1754 1748 1743 1740 1738 1738 1738 1738 1739 1739 1738 1737 1735 1732 1729 1726 1722 1719 1717 1715 1714 1713 1713 1713 1713 1713 1713 1714 1714 1715 1715 1715 1715 1715 1715 1715 1715 1716 1716 1717 1718 1719 1719 1720 1720 1720 1720 1720 1720 1719 1718 1718 1718 1717 1718 1719 1720 1722 1725 1729 1732 1736 1740 1743 1748 1752 1756 1758 1760 1762 1763 1763 1763 1762 1761 1758 1755 1751 1746 1740 1734 1730 1727 1726 1726 1726 1727 1728 1729 1730 1730 1732 1735 1739 1743 1746 1749 1753 1757 1761 1764 1768 1770 1773 1774 1775 1776 1778 1780 1783 1787 1791 1795 1800 1804 1808 1812 1816 1820 1824 1828 1834 1840 1845 1852 1857 1862 1869 1878 1888 1901 1913 1927 1939 1952 1968 1982 2000 2018 2036 2058 2080 2102 2125 2143 2160 2174 2188 2202 2215 2230 2247 2263 2281 2298 2314 2333 2350 2369 2388 2406 2425 2441 2458 2474 2487 2503 2518 2534
2458 2456 2452 2448 2442 2435 2428 2422 2418 2414 2408 2403 2399 2395 2394 2394 2393 2391 2386 2380 2369 2357 2343 2327 2314 2300 2288 2278 2269 2262 2255 2248 2242 2236 2231 2227 2223 2220 2218 2216 2215 2212 2209 2204 2198 2192 2185 2179 2173 2165 2158 2149 2140 2132 2125 2118 2112 2106 2102 2096 2090 2084 2076 2069 2060 2051 2043 2032 2021 2010 1997 1983 1968 1951 1934 1913 1894 1875 1856 1840 1823 1808 1795 1782 1773 1766 1759 1752 1746 1742 1740 1739 1739 1738 1738 1738 1738 1737 1735 1732 1729 1727 1724 1721 1718 1716 1714 1713 1712 1712 1712 1712 1712 1712 1713 1714 1714 1714 1715 1715 1715 1715 1716 1717 1718 1720 1721 1722 1723 1724 1725 1725 1726 1726 1725 1724 1723 1722 1721 1721 1720 1720 1721 1723 1725 1728 1731 1735 1738 1741 1744 1749 1753 1757 1759 1761 1764 1764 1765 1766 1767 1767 1765 1761 1756 1749 1743 1736 1731 1728 1726 1726 1726 1727 1728 1729 1730 1731 1732 1734 1738 1741 1745 1749 1753 1757 1761 1764 1767 1769 1771 1773 1774 1776 1777 1779 1782 1785 1789 1793 1797 1802 1805 1810 1814 1817 1822 1827 1832 1839 1846 1852 1857 1861 1868 1876 1886 1898 1910 1922 1934 1946 1961 1975 1992 2010 2029 2051 2072 2094 2117 2136 2153 2168 2181 2194 2207 2222 2240 2257 2277 2295 2313 2333 2350 2370 2389 2407 2426 2441 2458 2474 2488 2504 2520 2536
2462 2458 2454 2449 2442 2435 2428 2421 2416 2412 2406 2401 2395 2392 2390 2389 2388 2385 2380 2374 2363 2350 2336 2320 2306 2293 2282 2273 2263 2256 2249 2241 2235 2229 2224 2221 2218 2215 2213 2211 2209 2206 2203 2198 2192 2186 2179 2173 2168 2160 2153 2146 2137 2129 2122 2116 2110 2105 2101 2095 2089 2082 2075 2068 2060 2051 2043 2033 2023 2012 1999 1987 1971 1953 1934 1913 1894 1876 1856 1838 1819 1802 1789 1778 1770 1763 1757 1751 1745 1741 1740 1739 1738 1738 1737 1737 1735 1734 1731 1729 1727 1724 1722 1719 1717 1715 1714 1712 1712 1711 1711 1712 1712 1712 1713 1713 1713 1714 1714 1715 1715 1716 1718 1720 1722 1724 1726 1728 1730 1731 1733 1733 1734 1734 1733 1731 1729 1727 1726 1725 1725 1725 1726 1727 1729 1732 1735 1738 1740 1743 1746 1750 1754 1757 1759 1761 1764 1766 1768 1770 1772 1773 1772 1768 1761 1753 1745 1738 1733 1729 1727 1727 1726 1726 1727 1729 1730 1730 1731 1734 1737 1740 1743 1747 1751 1756 1759 1763 1766 1768 1771 1773 1774 1775 1777 1778 1781 1784 1788 1792 1795 1799 1803 1806 1811 1815 1820 1825 1831 1838 1845 1851 1857 1861 1867 1874 1885 1896 1907 1919 1929 1940 1954 1967 1984 2003 2022 2044 2065 2087 2110 2129 2147 2162 2175 2188 2201 2218 2236 2254 2275 2295 2314 2333 2350 2370 2390 2408 2427 2442 2458 2474 2489 2505 2521 2538
2465 2460 2455 2450 2442 2435 2427 2420 2415 2410 2405 2399 2393 2389 2387 2385 2385 2382 2376 2369 2357 2344 2329 2313 2300 2287 2277 2268 2258 2250 2243 2235 2228 2223 2218 2215 2213 2211 2208 2206 2204 2200 2196 2191 2185 2178 2172 2166 2161 2155 2148 2141 2133 2126 2119 2114 2109 2104 2100 2094 2088 2082 2075 2068 2061 2052 2044 2035 2025 2014 2001 1989 1974 1955 1934 1913 1895 1877 1857 1836 1815 1797 1784 1772 1766 1761 1755 1750 1745 1742 1740 1738 1738 1737 1735 1734 1732 1730 1728 1726 1724 1722 1720 1718 1716 1714 1713 1711 1711 1711 1711 1712 1712 1712 1712 1713 1713 1714 1714 1715 1717 1719 1721 1724 1727 1730 1734 1737 1740 1742 1743 1744 1744 1744 1742 1739 1736 1734 1733 1732 1731 1731 1732 1733 1735 1737 1739 1741 1743 1745 1747 1751 1755 1757 1760 1762 1765 1768 1770 1774 1777 1778 1777 1773 1765 1756 1748 1740 1735 1731 1729 1728 1728 1727 1727 1728 1729 1730 1731 1732 1735 1738 1741 1745 1749 1753 1757 1761 1764 1767 1770 1772 1774 1775 1776 1777 1779 1782 1786 1789 1793 1797 1800 1803 1807 1812 1818 1823 1829 1835 1842 1849 1855 1860 1866 1873 1882 1893 1904 1915 1924 1934 1947 1960 1977 1997 2016 2038 2059 2081 2104 2123 2141 2156 2169 2184 2199 2217 2236 2255 2277 2296 2316 2335 2351 2370 2389 2408 2428 2443 2459 2475 2490 2507 2523 2539
2468 2462 2456 2450 2442 2434 2427 2419 2414 2409 2404 2398 2392 2388 2385 2383 2383 2380 2374 2365 2353 2340 2325 2309 2295 2283 2273 2264 2254 2246 2238 2230 2223 2218 2214 2211 2209 2207 2205 2202 2199 2195 2190 2184 2178 2171 2165 2160 2155 2149 2143 2136 2129 2123 2118 2113 2109 2104 2099 2094 2088 2082 2076 2069 2062 2053 2046 2036 2027 2016 2003 1991 1975 1955 1935 1914 1897 1880 1858 1835 1812 1793 1779 1768 1762 1758 1754 1749 1745 1742 1741 1739 1737 1735 1734 1731 1729 1727 1725 1723 1722 1721 1719 1717 1715 1714 1712 1711 1710 1710 1711 1712 1712 1712 1712 1713 1713 1714 1715 1717 1719 1721 1724 1728 1733 1738 1743 1747 1751 1753 1755 1755 1754 1753 1750 1747 1745 1742 1740 1739 1738 1738 1738 1739 1741 1742 1744 1745 1746 1748 1750 1752 1755 1757 1760 1763 1768 1771 1773 1776 1778 1780 1779 1775 1768 1759 1750 1743 1737 1734 1732 1730 1729 1728 1727 1728 1729 1729 1730 1731 1733 1735 1738 1742 1746 1750 1754 1758 1762 1766 1769 1772 1773 1774 1775 1776 1778 1780 1784 1787 1791 1795 1797 1800 1804 1809 1815 1820 1825 1832 1838 1846 1852 1858 1864 1871 1880 1890 1900 1910 1919 1928 1940 1953 1971 1992 2012 2033 2053 2075 2098 2117 2135 2150 2165 2182 2198 2217 2238 2259 2280 2300 2319 2336 2352 2370 2389 2408 2428 2444 2459 2475 2490 2508 2525 2541
2470 2464 2457 2450 2442 2433 2426 2418 2413 2408 2402 2396 2391 2386 2384 2382 2381 2378 2371 2362 2349 2335 2320 2305 2291 2279 2269 2260 2250 2242 2233 2225 2218 2212 2209 2207 2205 2203 2200 2197 2194 2189 2183 2177 2169 2163 2157 2152 2148 2142 2136 2131 2125 2120 2115 2111 2108 2103 2099 2093 2087 2082 2076 2071 2064 2055 2047 2037 2027 2017 2004 1990 1973 1953 1934 1915 1898 1880 1857 1833 1809 1789 1774 1764 1760 1756 1752 1749 1745 1743 1741 1739 1736 1734 1731 1729 1726 1724 1723 1721 1720 1719 1718 1716 1715 1713 1712 1710 1710 1710 1711 1712 1712 1712 1712 1713 1714 1716 1717 1719 1722 1725 1729 1734 1741 1748 1754 1759 1763 1766 1766 1766 1764 1762 1759 1756 1754 1752 1749 1747 1746 1745 1745 1746 1747 1748 1749 1750 1750 1751 1752 1754 1755 1757 1760 1765 1771 1774 1775 1776 1778 1779 1779 1776 1770 1762 1754 1746 1740 1737 1735 1733 1732 1730 1728 1728 1728 1729 1729 1730 1731 1733 1735 1738 1741 1746 1750 1755 1759 1763 1767 1770 1772 1773 1773 1774 1775 1777 1781 1784 1788 1792 1794 1798 1802 1807 1812 1817 1821 1827 1833 1840 1847 1853 1860 1866 1875 1885 1895 1904 1912 1921 1933 1947 1965 1986 2006 2027 2046 2068 2091 2110 2128 2144 2160 2180 2197 2218 2240 2261 2284 2303 2320 2336 2351 2369 2387 2406 2426 2443 2459 2475 2491 2509 2525 2541
2470 2465 2457 2450 2441 2433 2425 2418 2412 2407 2401 2395 2390 2386 2384 2382 2381 2377 2369 2359 2346 2331 2317 2301 2288 2276 2267 2258 2248 2238 2229 2221 2214 2208 2205 2203 2201 2199 2196 2193 2190 2184 2178 2170 2163 2157 2151 2146 2141 2136 2130 2125 2120 2116 2113 2110 2107 2102 2098 2092 2087 2082 2077 2071 2065 2056 2047 2037 2026 2015 2002 1987 1969 1950 1933 1915 1898 1878 1854 1831 1806 1786 1772 1762 1758 1755 1752 1749 1746 1744 1741 1738 1735 1732 1729 1726 1724 1723 1721 1720 1719 1718 1717 1716 1715 1713 1712 1710 1709 1710 1711 1712 1712 1713 1713 1715 1716 1717 1719 1721 1725 1729 1734 1741 1749 1758 1765 1770 1774 1776 1776 1774 1772 1769 1767 1764 1762 1760 1757 1754 1752 1751 1751 1751 1752 1752 1752 1753 1753 1754 1755 1756 1756 1757 1760 1766 1772 1774 1774 1774 1775 1777 1777 1775 1771 1764 1756 1748 1743 1739 1737 1736 1734 1732 1730 1728 1728 1728 1729 1729 1729 1730 1732 1734 1737 1741 1746 1751 1756 1760 1765 1768 1770 1771 1771 1772 1773 1775 1778 1781 1785 1789 1792 1796 1800 1805 1810 1814 1817 1822 1827 1834 1841 1847 1854 1861 1870 1880 1889 1898 1906 1916 1928 1942 1961 1981 2001 2021 2040 2061 2084 2103 2122 2139 2157 2178 2198 2219 2241 2263 2285 2303 2319 2335 2349 2367 2385 2404 2424 2442 2459 2476 2492 2510 2526 2541
2469 2464 2456 2448 2440 2431 2424 2416 2410 2405 2399 2394 2389 2386 2384 2381 2379 2374 2365 2355 2342 2327 2312 2297 2285 2273 2264 2256 2245 2235 2226 2216 2209 2204 2200 2198 2195 2193 2191 2187 2183 2178 2171 2163 2156 2150 2145 2140 2135 2129 2124 2120 2115 2112 2109 2107 2104 2100 2096 2091 2086 2081 2076 2071 2065 2057 2047 2036 2023 2011 1996 1981 1963 1945 1930 1912 1895 1874 1850 1826 1802 1783 1770 1761 1758 1754 1752 1749 1747 1744 1741 1738 1734 1730 1726 1724 1722 1721 1720 1719 1718 1717 1717 1716 1715 1714 1712 1710 1710 1710 1711 1713 1714 1715 1716 1717 1718 1720 1722 1725 1729 1735 1742 1750 1759 1768 1775 1781 1783 1784 1784 1782 1779 1776 1774 1772 1771 1769 1766 1763 1760 1758 1757 1757 1756 1755 1755 1755 1756 1757 1757 1758 1757 1758 1760 1766 1771 1773 1772 1772 1773 1774 1774 1774 1771 1766 1759 1751 1746 1742 1740 1738 1737 1735 1732 1729 1728 1728 1728 1728 1728 1729 1730 1731 1733 1736 1741 1746 1751 1757 1762 1766 1768 1769 1769 1769 1770 1772 1775 1778 1781 1786 1789 1794 1799 1804 1809 1812 1814 1817 1822 1828 1835 1841 1848 1856 1864 1874 1883 1893 1901 1911 1923 1937 1956 1976 1995 2014 2032 2052 2075 2095 2115 2133 2153 2175 2196 2217 2240 2261 2282 2299 2314 2330 2345 2364 2382 2401 2422 2440 2458 2476 2492 2509 2525 2539
2467 2461 2454 2446 2438 2430 2423 2415 2408 2402 2396 2391 2387 2384 2382 2379 2376 2370 2361 2351 2338 2324 2309 2294 2282 2271 2263 2254 2244 2233 2223 2214 2206 2200 2196 2193 2190 2188 2185 2182 2178 2172 2165 2157 2150 2145 2139 2134 2130 2124 2120 2115 2110 2108 2105 2104 2102 2098 2094 2090 2085 2081 2076 2071 2065 2057 2047 2034 2020 2006 1989 1973 1956 1939 1925 1908 1889 1867 1843 1820 1798 1781 1769 1762 1758 1755 1752 1750 1748 1745 1741 1737 1733 1729 1725 1722 1721 1720 1719 1718 1717 1716 1716 1716 1715 1714 1713 1711 1710 1711 1712 1714 1716 1717 1718 1719 1720 1722 1724 1728 1735 1742 1750 1759 1768 1777 1783 1787 1789 1789 1789 1786 1784 1781 1780 1779 1778 1776 1774 1770 1767 1764 1762 1761 1759 1757 1757 1757 1757 1758 1759 1759 1758 1758 1760 1764 1768 1769 1768 1769 1771 1772 1772 1772 1770 1766 1760 1754 1749 1745 1742 1740 1739 1737 1734 1731 1729 1728 1728 1727 1727 1728 1728 1729 1731 1733 1737 1741 1747 1752 1758 1762 1765 1767 1767 1767 1768 1770 1772 1775 1779 1783 1788 1793 1798 1803 1808 1811 1813 1815 1818 1824 1831 1837 1844 1851 1860 1869 1878 1889 1898 1908 1921 1935 1953 1972 1989 2008 2024 2044 2066 2086 2107 2127 2147 2170 2191 2214 2236 2256 2277 2292 2307 2324 2340 2360 2380 2399 2419 2437 2456 2474 2490 2507 2522 2535
2463 2458 2451 2444 2436 2428 2420 2412 2405 2398 2391 2387 2383 2380 2378 2375 2371 2365 2356 2347 2334 2321 2307 2292 2281 2270 2261 2253 2243 2232 2222 2212 2204 2197 2192 2189 2185 2182 2179 2176 2172 2166 2159 2152 2145 2139 2134 2130 2125 2120 2115 2111 2106 2103 2101 2100 2098 2096 2093 2089 2084 2080 2076 2071 2065 2056 2046 2032 2016 2000 1982 1965 1949 1933 1919 1901 1882 1859 1835 1814 1794 1779 1769 1763 1759 1756 1754 1751 1748 1745 1741 1737 1733 1728 1724 1721 1720 1719 1718 1717 1716 1716 1715 1715 1715 1714 1713 1712 1712 1712 1714 1716 1718 1720 1721 1722 1722 1724 1727 1733 1741 1750 1759 1768 1777 1784 1789 1792 1793 1792 1791 1790 1788 1786 1785 1785 1785 1784 1782 1778 1774 1771 1768 1765 1762 1760 1759 1759 1759 1759 1759 1759 1759 1759 1759 1761 1764 1765 1766 1767 1769 1770 1771 1770 1769 1766 1762 1757 1752 1747 1744 1742 1741 1740 1737 1733 1730 1729 1728 1728 1727 1727 1728 1729 1730 1731 1734 1737 1743 1748 1754 1758 1761 1763 1764 1765 1766 1767 1770 1773 1776 1781 1786 1792 1797 1802 1807 1810 1813 1815 1817 1822 1828 1834 1841 1847 1856 1865 1875 1886 1897 1907 1919 1932 1949 1967 1984 2001 2016 2034 2056 2076 2098 2119 2140 2163 2184 2207 2230 2250 2269 2284 2298 2316 2334 2356 2376 2395 2415 2432 2451 2469 2486 2503 2517 2528
2456 2452 2445 2438 2431 2423 2416 2408 2400 2392 2385 2381 2378 2375 2372 2368 2364 2359 2351 2342 2330 2318 2304 2291 2279 2269 2260 2252 2242 2232 2221 2211 2202 2194 2189 2185 2180 2177 2173 2170 2165 2159 2153 2146 2139 2134 2129 2125 2121 2117 2112 2107 2103 2099 2097 2096 2095 2093 2091 2088 2084 2081 2076 2071 2064 2056 2045 2030 2012 1994 1974 1957 1941 1926 1911 1893 1873 1850 1827 1807 1790 1778 1770 1763 1760 1757 1755 1752 1749 1746 1742 1738 1734 1729 1725 1723 1720 1719 1718 1717 1716 1715 1715 1714 1714 1714 1713 1713 1713 1714 1716 1718 1721 1723 1723 1724 1725 1727 1732 1740 1750 1759 1768 1777 1785 1790 1793 1794 1794 1793 1793 1792 1791 1790 1790 1790 1791 1791 1790 1787 1783 1778 1775 1771 1768 1765 1763 1762 1761 1760 1759 1759 1759 1759 1759 1759 1761 1762 1764 1765 1767 1769 1769 1768 1767 1765 1763 1760 1756 1751 1747 1745 1744 1743 1740 1737 1734 1731 1730 1729 1728 1728 1729 1729 1730 1731 1732 1734 1739 1744 1749 1754 1757 1760 1761 1762 1763 1765 1768 1771 1775 1780 1785 1790 1795 1800 1804 1808 1812 1815 1817 1821 1826 1832 1839 1845 1853 1862 1872 1885 1896 1906 1918 1930 1946 1963 1978 1994 2008 2025 2046 2066 2088 2110 2131 2154 2175 2198 2222 2243 2261 2274 2288 2307 2327 2350 2372 2391 2410 2426 2443 2461 2478 2494 2508 2519
2448 2444 2438 2432 2425 2418 2411 2402 2394 2386 2379 2375 2371 2368 2365 2361 2357 2352 2345 2337 2326 2315 2302 2289 2279 2269 2259 2250 2240 2231 2221 2210 2201 2193 2187 2182 2177 2173 2168 2164 2160 2154 2148 2141 2135 2130 2126 2122 2119 2114 2110 2105 2100 2097 2094 2093 2092 2091 2090 2087 2085 2081 2076 2071 2064 2055 2044 2028 2009 1989 1967 1950 1934 1918 1903 1884 1863 1842 1819 1802 1787 1777 1770 1764 1761 1758 1755 1752 1749 1746 1743 1740 1736 1732 1728 1725 1722 1720 1719 1718 1717 1715 1714 1713 1713 1713 1713 1714 1714 1715 1718 1720 1723 1724 1725 1726 1728 1732 1739 1748 1758 1768 1777 1784 1790 1794 1795 1795 1794 1793 1793 1792 1792 1792 1793 1794 1796 1797 1796 1794 1790 1786 1782 1778 1774 1771 1768 1766 1764 1762 1760 1759 1759 1760 1760 1759 1760 1762 1763 1765 1766 1767 1766 1765 1764 1764 1764 1763 1760 1755 1751 1749 1747 1746 1744 1741 1738 1735 1733 1731 1730 1730 1730 1730 1730 1731 1731 1733 1736 1740 1745 1749 1752 1756 1758 1760 1761 1764 1767 1771 1775 1780 1784 1789 1793 1797 1802 1806 1810 1814 1817 1820 1825 1830 1837 1844 1851 1861 1871 1884 1895 1906 1918 1929 1944 1959 1973 1988 2001 2017 2037 2058 2081 2103 2125 2147 2166 2190 2214 2235 2253 2266 2280 2299 2320 2344 2366 2386 2404 2419 2435 2452 2468 2484 2497 2508
2437 2434 2428 2422 2415 2409 2402 2393 2385 2377 2371 2367 2364 2360 2357 2352 2348 2343 2337 2330 2320 2310 2299 2287 2277 2266 2256 2247 2237 2228 2219 2209 2200 2192 2185 2179 2172 2168 2163 2159 2154 2148 2142 2136 2130 2125 2121 2118 2115 2111 2107 2102 2097 2093 2090 2088 2088 2088 2087 2086 2084 2081 2076 2071 2063 2052 2040 2023 2003 1982 1959 1940 1923 1907 1891 1872 1853 1833 1813 1798 1785 1776 1770 1765 1761 1759 1756 1753 1750 1748 1746 1743 1740 1736 1733 1729 1726 1723 1721 1719 1718 1717 1715 1713 1713 1713 1714 1714 1715 1718 1720 1722 1725 1727 1729 1731 1735 1740 1748 1758 1768 1778 1786 1792 1796 1798 1798 1797 1795 1794 1793 1793 1794 1795 1796 1798 1800 1802 1803 1802 1799 1795 1791 1788 1784 1780 1776 1773 1769 1766 1763 1761 1760 1761 1761 1761 1762 1763 1764 1765 1765 1765 1764 1763 1763 1763 1765 1765 1764 1760 1756 1753 1751 1750 1749 1746 1743 1740 1737 1735 1734 1733 1731 1731 1731 1731 1732 1732 1734 1737 1741 1745 1748 1752 1755 1757 1760 1763 1767 1771 1775 1779 1783 1787 1791 1794 1798 1802 1807 1811 1815 1818 1822 1828 1835 1841 1850 1860 1870 1882 1893 1905 1916 1927 1940 1954 1967 1981 1994 2009 2029 2050 2074 2097 2118 2139 2158 2181 2205 2226 2244 2258 2272 2291 2311 2335 2358 2378 2397 2411 2426 2441 2455 2470 2483 2496
2427 2423 2417 2411 2406 2400 2393 2385 2377 2370 2364 2360 2356 2353 2349 2344 2340 2335 2329 2323 2314 2305 2295 2284 2274 2263 2252 2243 2234 2226 2218 2209 2200 2190 2183 2176 2169 2163 2159 2154 2149 2143 2137 2131 2126 2122 2118 2116 2113 2109 2105 2100 2095 2090 2087 2085 2084 2085 2085 2085 2083 2081 2076 2070 2061 2048 2034 2016 1995 1974 1950 1931 1913 1896 1880 1861 1843 1826 1808 1795 1784 1776 1770 1765 1762 1760 1757 1755 1752 1751 1749 1747 1744 1741 1738 1735 1731 1728 1725 1722 1720 1718 1716 1714 1713 1713 1714 1715 1717 1719 1721 1723 1726 1729 1732 1737 1742 1750 1758 1768 1778 1786 1792 1797 1800 1801 1801 1799 1796 1794 1793 1793 1794 1796 1798 1801 1804 1806 1808 1808 1807 1803 1800 1797 1793 1789 1785 1781 1776 1772 1768 1764 1762 1762 1762 1763 1764 1764 1764 1765 1765 1764 1763 1763 1763 1765 1766 1767 1767 1764 1761 1759 1757 1755 1754 1751 1747 1744 1741 1739 1738 1736 1734 1733 1732 1732 1732 1733 1733 1735 1738 1742 1745 1749 1753 1756 1760 1763 1767 1771 1775 1779 1783 1786 1788 1791 1795 1799 1803 1808 1812 1816 1820 1825 1832 1839 1848 1858 1868 1880 1891 1903 1914 1924 1936 1949 1961 1975 1988 2003 2023 2044 2070 2093 2113 2134 2152 2173 2197 2219 2238 2252 2267 2284 2304 2327 2351 2370 2389 2403 2418 2431 2443 2457 2470 2484
2416 2412 2405 2399 2394 2388 2382 2373 2366 2360 2355 2351 2347 2343 2339 2335 2330 2325 2319 2313 2306 2298 2289 2278 2268 2257 2246 2238 2229 2223 2215 2206 2197 2188 2179 2171 2163 2158 2153 2148 2143 2137 2132 2126 2121 2118 2115 2112 2110 2106 2101 2096 2091 2086 2082 2080 2079 2079 2081 2081 2081 2079 2073 2066 2055 2040 2024 2004 1983 1962 1938 1919 1901 1883 1866 1849 1833 1818 1804 1793 1784 1776 1771 1767 1764 1762 1759 1758 1756 1756 1755 1753 1751 1748 1745 1741 1737 1733 1730 1727 1724 1722 1719 1717 1716 1716 1717 1718 1720 1722 1724 1726 1729 1733 1739 1746 1753 1762 1770 1778 1787 1793 1799 1803 1805 1805 1804 1802 1799 1796 1795 1795 1796 1798 1801 1804 1807 1810 1813 1814 1814 1811 1809 1806 1803 1800 1795 1790 1784 1778 1773 1768 1765 1764 1764 1764 1765 1765 1765 1765 1765 1765 1765 1766 1767 1768 1769 1769 1769 1768 1766 1765 1763 1761 1759 1756 1752 1748 1745 1743 1742 1741 1739 1737 1735 1734 1733 1733 1733 1734 1736 1739 1743 1747 1752 1756 1760 1764 1768 1771 1775 1779 1782 1784 1786 1789 1792 1795 1800 1805 1809 1812 1816 1821 1829 1836 1845 1855 1865 1876 1887 1898 1909 1919 1931 1942 1954 1968 1981 1998 2017 2039 2065 2088 2108 2127 2144 2165 2189 2210 2230 2246 2261 2277 2295 2318 2341 2360 2378 2393 2407 2420 2431 2443 2456 2471
2406 2401 2395 2388 2382 2376 2370 2362 2356 2351 2346 2342 2337 2334 2330 2326 2321 2316 2310 2304 2297 2290 2282 2272 2262 2250 2240 2232 2225 2219 2211 2202 2193 2183 2174 2165 2158 2153 2148 2144 2139 2133 2127 2122 2118 2114 2112 2109 2106 2102 2097 2092 2086 2081 2076 2074 2072 2073 2075 2076 2076 2074 2068 2059 2046 2029 2010 1990 1969 1948 1925 1906 1888 1870 1854 1838 1825 1813 1801 1792 1784 1778 1774 1770 1767 1765 1763 1762 1762 1762 1761 1759 1757 1755 1751 1748 1744 1740 1736 1732 1730 1727 1724 1722 1720 1720 1721 1722 1724 1726 1728 1730 1734 1740 1747 1756 1764 1773 1780 1787 1794 1799 1803 1806 1808 1809 1808 1805 1802 1799 1797 1797 1798 1800 1803 1806 1809 1813 1816 1819 1819 1818 1817 1815 1812 1809 1803 1798 1791 1784 1778 1773 1769 1767 1766 1766 1765 1765 1765 1766 1766 1767 1768 1770 1771 1771 1770 1770 1769 1769 1769 1769 1767 1765 1762 1759 1755 1751 1748 1746 1745 1744 1743 1741 1739 1736 1734 1734 1734 1734 1736 1739 1743 1748 1752 1756 1761 1764 1768 1772 1775 1779 1781 1783 1785 1787 1789 1792 1797 1802 1805 1809 1813 1818 1825 1832 1841 1851 1861 1871 1881 1891 1902 1913 1924 1936 1947 1962 1976 1993 2013 2035 2060 2084 2104 2122 2137 2158 2181 2202 2222 2238 2254 2270 2287 2309 2330 2349 2367 2382 2397 2409 2420 2432 2445 2460
2396 2391 2384 2378 2371 2363 2357 2350 2345 2341 2336 2332 2328 2325 2321 2316 2311 2306 2300 2294 2287 2281 2274 2265 2255 2244 2234 2226 2220 2214 2206 2197 2188 2178 2168 2160 2153 2148 2144 2139 2135 2129 2123 2118 2114 2111 2108 2106 2102 2098 2093 2086 2080 2074 2070 2066 2065 2065 2067 2069 2070 2067 2060 2049 2034 2015 1995 1974 1953 1933 1911 1893 1875 1857 1842 1829 1818 1808 1799 1792 1786 1781 1778 1774 1772 1769 1768 1767 1768 1768 1767 1765 1764 1761 1758 1754 1750 1746 1743 1739 1737 1733 1730 1727 1726 1726 1726 1728 1730 1732 1734 1737 1742 1749 1757 1766 1775 1783 1790 1795 1800 1803 1806 1809 1811 1812 1812 1810 1806 1803 1801 1801 1802 1804 1805 1808 1811 1815 1819 1822 1824 1824 1824 1823 1820 1816 1810 1803 1796 1788 1782 1776 1772 1769 1768 1767 1767 1767 1767 1768 1768 1770 1771 1773 1774 1773 1771 1770 1769 1768 1769 1769 1769 1768 1765 1762 1758 1754 1750 1748 1747 1747 1746 1745 1742 1739 1736 1735 1734 1734 1736 1739 1743 1749 1753 1757 1762 1765 1769 1772 1775 1779 1781 1782 1783 1785 1787 1790 1794 1799 1803 1806 1809 1814 1821 1828 1837 1846 1856 1866 1875 1884 1894 1905 1917 1929 1941 1956 1971 1989 2009 2031 2056 2080 2099 2116 2132 2152 2174 2193 2212 2229 2246 2262 2279 2299 2319 2338 2356 2371 2386 2399 2409 2422 2435 2449
2384 2380 2373 2366 2358 2350 2343 2336 2332 2328 2324 2321 2317 2314 2310 2305 2300 2294 2288 2282 2275 2270 2264 2256 2247 2236 2227 2220 2213 2207 2199 2190 2181 2170 2161 2153 2147 2143 2139 2135 2131 2125 2119 2114 2110 2107 2104 2101 2097 2092 2086 2079 2072 2066 2061 2058 2056 2056 2058 2059 2059 2056 2048 2036 2019 1998 1978 1956 1936 1917 1896 1879 1862 1845 1832 1821 1813 1805 1798 1793 1789 1786 1784 1781 1778 1776 1774 1774 1774 1775 1774 1772 1770 1767 1764 1760 1757 1753 1750 1747 1745 1741 1737 1734 1732 1732 1734 1736 1738 1740 1744 1748 1755 1762 1770 1779 1786 1793 1798 1801 1804 1806 1809 1811 1814 1816 1816 1815 1812 1809 1808 1807 1807 1808 1809 1811 1813 1816 1821 1825 1828 1830 1831 1830 1827 1822 1815 1807 1799 1791 1784 1778 1774 1771 1769 1769 1769 1769 1770 1771 1772 1773 1774 1775 1775 1773 1771 1770 1768 1767 1768 1769 1770 1769 1766 1764 1760 1756 1752 1750 1748 1748 1748 1747 1745 1741 1738 1736 1735 1735 1736 1739 1744 1750 1754 1759 1763 1766 1769 1772 1775 1779 1781 1782 1782 1783 1785 1787 1791 1796 1800 1803 1806 1810 1818 1824 1832 1841 1850 1859 1867 1875 1885 1895 1908 1921 1934 1950 1966 1984 2004 2026 2050 2073 2092 2110 2126 2145 2165 2183 2201 2218 2235 2252 2268 2288 2307 2325 2344 2359 2373 2387 2398 2412 2424 2438
2373 2369 2362 2355 2346 2337 2330 2324 2320 2316 2312 2309 2306 2303 2299 2295 2290 2284 2278 2272 2265 2260 2254 2247 2239 2230 2222 2214 2206 2199 2191 2182 2173 2163 2155 2149 2143 2139 2135 2131 2127 2121 2115 2110 2106 2104 2101 2097 2092 2086 2079 2072 2065 2059 2053 2050 2048 2048 2049 2050 2049 2044 2034 2021 2003 1982 1961 1940 1921 1903 1884 1867 1851 1836 1826 1817 1810 1804 1799 1796 1793 1792 1790 1788 1785 1782 1780 1780 1780 1780 1779 1777 1774 1772 1769 1765 1762 1760 1757 1755 1752 1748 1744 1740 1738 1738 1740 1743 1746 1750 1754 1761 1769 1776 1784 1791 1796 1800 1803 1805 1806 1807 1810 1813 1816 1818 1819 1819 1817 1815 1814 1813 1813 1813 1813 1813 1814 1817 1821 1826 1830 1833 1835 1834 1831 1826 1818 1809 1799 1791 1784 1778 1774 1772 1770 1770 1771 1772 1773 1774 1775 1775 1775 1775 1774 1772 1770 1768 1767 1767 1768 1769 1770 1770 1768 1765 1762 1758 1754 1751 1749 1748 1748 1748 1746 1743 1740 1737 1735 1735 1737 1740 1744 1750 1755 1760 1764 1767 1770 1772 1775 1779 1780 1781 1782 1782 1783 1785 1788 1793 1797 1800 1803 1808 1815 1822 1829 1837 1845 1853 1860 1868 1877 1888 1900 1914 1928 1945 1961 1979 2000 2020 2043 2065 2085 2104 2120 2139 2158 2175 2193 2209 2226 2243 2258 2276 2295 2313 2333 2348 2362 2376 2388 2403 2416 2430
2360 2355 2348 2340 2331 2323 2316 2310 2305 2301 2298 2295 2292 2289 2286 2282 2278 2272 2266 2260 2253 2248 2243 2236 2230 2222 2214 2207 2198 2190 2181 2172 2163 2154 2148 2143 2138 2133 2129 2125 2121 2115 2110 2105 2102 2099 2096 2091 2086 2078 2071 2063 2056 2050 2045 2041 2039 2038 2038 2038 2035 2029 2018 2003 1985 1964 1944 1924 1905 1888 1871 1856 1842 1829 1821 1814 1808 1804 1801 1800 1799 1799 1799 1797 1794 1790 1788 1787 1787 1786 1784 1782 1780 1777 1774 1771 1769 1766 1764 1761 1758 1754 1750 1746 1745 1745 1748 1753 1757 1763 1770 1778 1787 1795 1801 1806 1808 1809 1809 1809 1809 1810 1812 1815 1819 1822 1823 1823 1822 1821 1821 1820 1820 1819 1818 1817 1817 1819 1822 1827 1832 1836 1838 1837 1834 1829 1820 1810 1800 1790 1783 1777 1774 1771 1771 1772 1773 1774 1775 1777 1777 1777 1776 1775 1774 1772 1770 1768 1767 1768 1770 1772 1772 1772 1770 1767 1764 1760 1756 1753 1751 1749 1749 1748 1747 1745 1741 1738 1736 1736 1737 1739 1743 1749 1755 1760 1764 1768 1771 1773 1775 1778 1780 1780 1781 1781 1781 1782 1784 1788 1792 1796 1800 1805 1812 1819 1826 1834 1840 1847 1853 1860 1870 1880 1892 1906 1920 1937 1953 1972 1992 2011 2033 2054 2075 2096 2113 2131 2149 2166 2184 2200 2216 2232 2246 2263 2281 2300 2319 2335 2349 2363 2376 2391 2405 2419
2350 2344 2337 2329 2319 2311 2304 2297 2292 2289 2285 2282 2279 2277 2274 2270 2266 2261 2255 2248 2242 2237 2233 2227 2222 2216 2208 2200 2190 2181 2172 2162 2153 2146 2141 2137 2131 2127 2123 2119 2115 2109 2104 2100 2097 2094 2090 2085 2079 2071 2063 2055 2048 2043 2038 2035 2032 2030 2029 2027 2022 2015 2002 1987 1969 1948 1929 1910 1893 1877 1861 1848 1836 1826 1819 1813 1809 1806 1804 1804 1805 1806 1806 1805 1801 1797 1794 1792 1791 1789 1787 1785 1783 1781 1778 1775 1773 1771 1768 1765 1762 1758 1754 1751 1749 1751 1755 1762 1769 1776 1785 1794 1804 1812 1818 1820 1820 1818 1816 1814 1813 1813 1816 1819 1822 1825 1827 1827 1827 1827 1827 1827 1826 1824 1821 1819 1819 1820 1823 1827 1832 1836 1839 1838 1835 1830 1821 1810 1799 1789 1782 1776 1772 1771 1771 1773 1775 1776 1778 1779 1779 1778 1778 1776 1774 1772 1770 1768 1768 1769 1772 1773 1774 1773 1771 1769 1766 1762 1758 1755 1752 1750 1749 1748 1747 1745 1742 1739 1737 1736 1737 1738 1742 1747 1754 1759 1764 1768 1772 1774 1776 1778 1779 1780 1780 1780 1780 1779 1780 1784 1788 1792 1797 1803 1810 1817 1825 1831 1837 1843 1849 1855 1865 1874 1887 1900 1915 1931 1947 1965 1985 2003 2023 2043 2064 2086 2105 2123 2142 2159 2177 2193 2208 2224 2237 2253 2270 2288 2307 2323 2338 2353 2366 2381 2396 2410
2341 2335 2326 2317 2308 2299 2291 2284 2279 2276 2272 2269 2266 2263 2261 2257 2253 2248 2242 2236 2230 2226 2222 2218 2214 2208 2200 2192 2181 2172 2162 2151 2143 2137 2132 2128 2123 2118 2113 2110 2106 2102 2097 2094 2091 2088 2084 2078 2071 2063 2054 2046 2040 2036 2031 2028 2025 2022 2019 2015 2008 1999 1986 1970 1952 1933 1915 1898 1882 1868 1854 1843 1832 1823 1817 1813 1810 1809 1809 1810 1812 1813 1813 1812 1808 1803 1800 1797 1795 1793 1790 1789 1787 1786 1783 1780 1778 1775 1772 1768 1765 1761 1757 1754 1755 1758 1765 1773 1782 1792 1802 1812 1822 1830 1835 1836 1834 1831 1826 1822 1820 1820 1821 1824 1827 1830 1831 1832 1832 1833 1833 1833 1832 1829 1825 1822 1821 1822 1824 1828 1832 1836 1838 1837 1835 1830 1821 1810 1798 1788 1781 1775 1772 1771 1772 1775 1777 1778 1780 1781 1781 1781 1780 1779 1776 1774 1772 1770 1769 1770 1772 1774 1774 1773 1772 1771 1768 1765 1761 1757 1754 1752 1751 1750 1748 1746 1743 1740 1738 1737 1737 1737 1740 1745 1752 1758 1763 1767 1771 1774 1776 1777 1778 1779 1779 1778 1778 1777 1777 1779 1783 1787 1793 1800 1808 1815 1822 1829 1834 1839 1845 1851 1860 1869 1881 1895 1909 1925 1941 1958 1976 1993 2012 2031 2051 2073 2094 2114 2134 2152 2170 2186 2202 2217 2229 2243 2259 2277 2296 2312 2327 2342 2356 2371 2386 2400
2333 2327 2317 2308 2298 2288 2280 2273 2268 2264 2261 2258 2255 2252 2249 2245 2241 2236 2229 2224 2219 2215 2212 2208 2205 2200 2192 2184 2173 2163 2152 2142 2134 2128 2123 2118 2112 2107 2103 2100 2097 2093 2090 2087 2084 2082 2078 2072 2065 2056 2047 2039 2034 2029 2025 2021 2018 2013 2009 2003 1995 1985 1971 1956 1939 1921 1905 1888 1874 1862 1849 1840 1830 1823 1817 1814 1812 1812 1814 1816 1819 1820 1819 1817 1814 1809 1805 1802 1799 1796 1794 1792 1791 1790 1788 1785 1782 1778 1774 1769 1766 1762 1759 1757 1759 1765 1774 1785 1796 1808 1819 1829 1838 1846 1851 1851 1849 1845 1839 1834 1831 1829 1830 1831 1833 1835 1837 1837 1838 1839 1839 1839 1837 1833 1828 1824 1823 1823 1825 1828 1831 1835 1836 1835 1833 1828 1820 1809 1798 1789 1781 1776 1773 1773 1774 1776 1778 1780 1782 1783 1783 1783 1782 1781 1780 1777 1775 1772 1771 1772 1773 1774 1774 1774 1774 1772 1770 1767 1763 1760 1757 1754 1753 1751 1749 1746 1743 1741 1738 1737 1737 1737 1738 1743 1749 1755 1761 1766 1770 1773 1775 1777 1778 1778 1778 1777 1776 1775 1775 1776 1779 1784 1790 1797 1805 1812 1819 1826 1831 1836 1842 1848 1856 1865 1877 1890 1904 1920 1934 1950 1966 1982 2001 2020 2039 2062 2084 2106 2127 2145 2163 2179 2195 2211 2224 2238 2253 2269 2287 2303 2319 2335 2348 2364 2377 2391
2327 2320 2310 2300 2289 2279 2271 2264 2259 2255 2251 2248 2244 2241 2238 2234 2230 2224 2218 2212 2207 2204 2202 2199 2196 2191 2184 2176 2165 2154 2144 2133 2126 2119 2113 2108 2102 2097 2093 2090 2088 2086 2083 2081 2079 2077 2073 2067 2059 2050 2041 2033 2028 2024 2019 2015 2011 2005 1999 1992 1983 1972 1959 1944 1928 1911 1897 1882 1869 1858 1847 1838 1830 1823 1818 1816 1815 1816 1819 1822 1825 1825 1825 1822 1819 1815 1811 1807 1804 1800 1798 1796 1795 1795 1793 1790 1786 1781 1775 1770 1766 1763 1760 1760 1765 1773 1784 1797 1809 1823 1834 1844 1852 1859 1864 1865 1863 1859 1853 1847 1843 1841 1840 1840 1841 1842 1842 1843 1843 1844 1844 1843 1841 1837 1831 1827 1824 1823 1825 1828 1831 1833 1834 1833 1830 1825 1818 1809 1799 1790 1782 1777 1775 1775 1777 1779 1780 1782 1783 1784 1784 1784 1784 1784 1783 1781 1778 1776 1774 1773 1773 1774 1774 1775 1775 1774 1772 1769 1766 1762 1759 1756 1754 1753 1750 1747 1744 1741 1738 1738 1738 1737 1738 1741 1746 1753 1759 1764 1768 1772 1775 1776 1777 1777 1776 1775 1774 1774 1774 1775 1777 1781 1786 1793 1801 1808 1816 1822 1827 1833 1839 1845 1853 1861 1873 1886 1899 1914 1927 1941 1957 1972 1991 2011 2031 2054 2076 2099 2120 2137 2155 2171 2187 2205 2220 2235 2250 2265 2282 2298 2313 2329 2343 2358 2371 2385
2320 2312 2301 2291 2280 2270 2262 2254 2249 2245 2242 2238 2235 2231 2228 2223 2219 2213 2206 2201 2196 2192 2190 2188 2185 2181 2174 2166 2155 2144 2134 2124 2117 2109 2102 2097 2091 2087 2083 2081 2079 2078 2077 2075 2074 2072 2068 2062 2054 2044 2035 2028 2022 2018 2013 2008 2003 1996 1989 1981 1971 1961 1947 1934 1919 1904 1891 1878 1867 1857 1846 1837 1830 1823 1820 1818 1818 1820 1824 1827 1830 1830 1830 1828 1825 1822 1818 1814 1810 1806 1803 1802 1801 1800 1799 1796 1790 1784 1778 1773 1769 1765 1764 1765 1772 1782 1795 1810 1823 1836 1848 1857 1864 1871 1876 1877 1876 1873 1867 1862 1857 1854 1851 1850 1849 1849 1849 1849 1850 1850 1850 1849 1846 1841 1836 1831 1826 1824 1825 1829 1831 1832 1832 1830 1827 1823 1816 1809 1800 1792 1786 1781 1779 1779 1781 1782 1784 1784 1785 1786 1786 1786 1786 1786 1786 1784 1782 1780 1777 1776 1775 1775 1775 1776 1776 1775 1773 1771 1768 1764 1761 1758 1757 1754 1752 1748 1745 1742 1739 1738 1738 1738 1738 1740 1744 1750 1756 1761 1766 1770 1773 1775 1776 1776 1775 1774 1773 1773 1773 1774 1775 1779 1783 1789 1796 1803 1811 1817 1823 1829 1835 1841 1849 1857 1868 1880 1892 1906 1918 1931 1945 1959 1979 2001 2024 2047 2069 2092 2113 2129 2146 2161 2179 2198 2216 2234 2249 2263 2279 2294 2309 2325 2339 2353 2366 2380
2313 2305 2294 2283 2272 2262 2254 2247 2242 2238 2235 2231 2227 2223 2220 2215 2210 2203 2197 2191 2186 2182 2180 2177 2174 2170 2164 2156 2145 2135 2125 2117 2109 2101 2094 2088 2083 2079 2076 2074 2073 2072 2072 2071 2070 2068 2064 2058 2050 2040 2032 2025 2019 2014 2008 2002 1996 1988 1981 1972 1963 1952 1940 1928 1915 1901 1889 1877 1866 1857 1846 1838 1830 1825 1822 1821 1822 1824 1827 1831 1833 1834 1834 1832 1831 1828 1825 1821 1816 1812 1809 1808 1807 1806 1805 1801 1794 1787 1781 1775 1772 1769 1768 1771 1780 1791 1805 1820 1833 1846 1857 1865 1872 1877 1882 1885 1885 1882 1878 1873 1869 1865 1861 1858 1857 1856 1855 1856 1856 1856 1855 1854 1851 1846 1841 1835 1829 1825 1825 1828 1831 1831 1830 1828 1825 1821 1815 1809 1802 1796 1791 1787 1785 1785 1786 1787 1787 1788 1788 1788 1788 1787 1787 1787 1787 1786 1785 1783 1780 1778 1777 1776 1776 1776 1776 1775 1773 1771 1768 1765 1762 1760 1759 1756 1753 1749 1746 1742 1739 1738 1738 1738 1738 1739 1742 1748 1754 1759 1764 1768 1771 1774 1774 1774 1774 1773 1772 1773 1773 1774 1775 1778 1781 1786 1792 1799 1806 1813 1819 1826 1832 1838 1846 1854 1864 1875 1885 1898 1910 1922 1934 1946 1965 1990 2017 2043 2065 2087 2106 2122 2139 2154 2172 2193 2212 2232 2249 2263 2279 2292 2307 2323 2336 2350 2362 2376
2305 2296 2284 2274 2263 2253 2245 2239 2234 2230 2227 2223 2218 2214 2210 2205 2199 2193 2185 2180 2175 2171 2168 2164 2161 2157 2151 2143 2133 2124 2115 2107 2100 2091 2084 2079 2075 2072 2069 2067 2066 2066 2066 2066 2065 2063 2058 2052 2044 2035 2027 2020 2013 2008 2001 1995 1988 1980 1973 1964 1954 1945 1933 1922 1910 1897 1886 1875 1865 1856 1846 1838 1831 1826 1824 1824 1826 1828 1831 1835 1837 1838 1838 1838 1837 1836 1833 1829 1823 1819 1816 1815 1814 1813 1810 1806 1798 1791 1784 1779 1777 1776 1776 1780 1790 1803 1818 1832 1844 1855 1865 1872 1878 1883 1888 1890 1891 1890 1887 1883 1878 1874 1870 1867 1864 1863 1863 1863 1863 1864 1863 1861 1858 1852 1847 1840 1834 1829 1827 1828 1831 1831 1829 1827 1823 1820 1815 1810 1805 1801 1797 1794 1793 1792 1792 1793 1793 1792 1791 1791 1790 1790 1789 1789 1788 1788 1787 1786 1784 1782 1780 1779 1778 1777 1777 1775 1772 1770 1768 1766 1764 1763 1761 1759 1755 1751 1748 1744 1740 1739 1738 1739 1739 1739 1741 1746 1751 1756 1761 1766 1769 1771 1772 1772 1772 1772 1772 1772 1773 1774 1775 1777 1780 1783 1789 1795 1801 1808 1814 1821 1827 1834 1842 1850 1859 1868 1877 1888 1899 1910 1921 1931 1950 1977 2008 2036 2058 2078 2097 2113 2131 2148 2166 2187 2207 2228 2246 2262 2277 2290 2304 2318 2330 2344 2356 2369
2297 2288 2277 2266 2256 2246 2239 2232 2228 2224 2220 2216 2211 2207 2202 2197 2191 2184 2177 2171 2165 2161 2157 2153 2149 2144 2138 2130 2122 2114 2107 2099 2092 2084 2078 2073 2069 2066 2063 2062 2061 2060 2061 2061 2060 2057 2053 2046 2039 2031 2023 2015 2008 2003 1996 1989 1982 1975 1967 1959 1949 1940 1929 1919 1907 1895 1885 1875 1865 1856 1847 1839 1832 1828 1827 1827 1829 1831 1834 1837 1840 1841 1842 1842 1842 1841 1838 1834 1829 1825 1823 1821 1820 1818 1814 1809 1801 1793 1787 1783 1783 1784 1785 1790 1802 1815 1829 1842 1852 1862 1870 1877 1881 1885 1890 1892 1894 1893 1892 1889 1884 1880 1876 1873 1870 1869 1870 1870 1871 1871 1870 1868 1865 1859 1853 1846 1839 1833 1830 1830 1831 1831 1829 1826 1823 1820 1816 1812 1809 1806 1804 1802 1801 1800 1800 1799 1798 1797 1795 1794 1793 1792 1791 1790 1790 1789 1789 1788 1787 1786 1784 1782 1780 1779 1777 1775 1772 1769 1767 1766 1765 1765 1764 1761 1758 1754 1750 1746 1742 1740 1739 1739 1739 1739 1740 1744 1749 1754 1759 1763 1766 1768 1769 1770 1770 1770 1771 1771 1772 1773 1775 1777 1779 1781 1786 1791 1798 1804 1810 1817 1824 1831 1838 1846 1854 1862 1870 1879 1890 1901 1911 1921 1939 1967 1998 2027 2048 2069 2088 2106 2125 2143 2163 2184 2203 2224 2243 2259 2274 2286 2299 2312 2324 2337 2349 2362
2289 2280 2269 2259 2249 2240 2233 2227 2222 2217 2213 2208 2202 2197 2193 2187 2181 2175 2167 2161 2156 2152 2148 2142 2137 2131 2124 2118 2110 2104 2097 2090 2083 2076 2071 2067 2062 2059 2056 2055 2054 2053 2053 2053 2052 2049 2045 2038 2032 2024 2016 2009 2002 1996 1989 1983 1976 1969 1962 1954 1945 1936 1925 1915 1904 1893 1883 1873 1864 1855 1846 1839 1834 1830 1829 1830 1832 1835 1838 1840 1843 1844 1845 1846 1845 1844 1841 1837 1832 1829 1827 1825 1824 1821 1816 1810 1802 1795 1789 1787 1789 1792 1795 1801 1814 1829 1842 1854 1862 1871 1877 1881 1885 1888 1892 1894 1896 1896 1896 1894 1890 1886 1882 1878 1876 1875 1876 1877 1878 1878 1877 1875 1871 1865 1859 1851 1844 1838 1834 1833 1833 1832 1830 1827 1824 1821 1817 1814 1812 1810 1809 1809 1809 1808 1808 1806 1805 1802 1800 1798 1797 1795 1794 1793 1792 1792 1792 1791 1790 1789 1788 1786 1784 1782 1779 1776 1772 1770 1768 1767 1767 1767 1766 1763 1760 1757 1753 1750 1745 1742 1740 1740 1740 1739 1740 1743 1748 1752 1756 1759 1762 1764 1766 1767 1768 1768 1769 1770 1772 1773 1775 1777 1778 1780 1784 1788 1794 1800 1806 1813 1820 1826 1834 1841 1849 1856 1863 1872 1882 1893 1904 1915 1934 1959 1987 2013 2033 2054 2077 2097 2118 2138 2159 2181 2199 2220 2239 2254 2267 2278 2290 2302 2314 2327 2339 2352
2283 2274 2264 2255 2245 2236 2229 2222 2216 2211 2205 2200 2194 2188 2183 2177 2172 2165 2159 2153 2147 2143 2139 2133 2126 2119 2113 2107 2101 2095 2089 2082 2075 2069 2064 2060 2056 2052 2049 2047 2046 2045 2045 2044 2043 2040 2035 2030 2023 2016 2009 2002 1995 1988 1982 1976 1971 1965 1958 1950 1941 1932 1921 1911 1901 1891 1881 1871 1862 1854 1846 1840 1835 1832 1832 1833 1835 1838 1841 1843 1845 1847 1848 1848 1847 1845 1842 1838 1834 1831 1829 1827 1824 1820 1814 1808 1801 1794 1790 1790 1793 1799 1804 1812 1827 1841 1854 1865 1872 1879 1883 1886 1889 1891 1894 1896 1898 1899 1899 1897 1894 1890 1886 1883 1881 1881 1882 1883 1884 1884 1883 1881 1877 1871 1864 1856 1849 1843 1838 1837 1835 1833 1831 1828 1825 1822 1819 1817 1815 1814 1813 1813 1814 1814 1814 1812 1810 1806 1804 1802 1800 1799 1797 1796 1796 1795 1794 1794 1793 1792 1791 1790 1788 1785 1781 1778 1775 1772 1770 1770 1770 1769 1768 1766 1763 1759 1756 1753 1749 1745 1742 1741 1740 1739 1740 1742 1746 1750 1753 1756 1758 1760 1762 1763 1765 1766 1767 1769 1771 1773 1775 1777 1778 1779 1782 1786 1791 1797 1802 1809 1815 1822 1830 1837 1844 1851 1858 1867 1877 1887 1899 1912 1931 1953 1976 1998 2017 2039 2064 2088 2112 2133 2155 2177 2196 2215 2234 2248 2259 2269 2280 2291 2302 2315 2328 2341
2278 2270 2260 2251 2242 2233 2226 2218 2211 2205 2198 2192 2186 2179 2174 2168 2162 2156 2150 2145 2139 2135 2130 2124 2118 2110 2104 2099 2093 2088 2081 2074 2068 2062 2057 2053 2049 2045 2042 2040 2038 2037 2036 2035 2033 2031 2026 2020 2014 2007 2001 1994 1987 1981 1975 1970 1966 1960 1954 1946 1937 1928 1918 1908 1898 1888 1879 1869 1861 1853 1846 1841 1837 1835 1835 1836 1838 1841 1843 1846 1847 1849 1849 1849 1847 1844 1841 1837 1833 1831 1829 1826 1822 1817 1810 1804 1798 1793 1790 1791 1796 1804 1812 1823 1837 1851 1864 1874 1881 1886 1889 1891 1892 1894 1896 1898 1900 1902 1902 1900 1897 1893 1890 1886 1885 1885 1885 1886 1886 1887 1886 1884 1880 1874 1868 1860 1853 1848 1843 1840 1837 1834 1831 1829 1826 1823 1821 1819 1817 1816 1816 1816 1817 1817 1817 1816 1813 1810 1807 1805 1804 1802 1800 1799 1798 1798 1797 1796 1795 1795 1794 1794 1792 1789 1785 1781 1778 1775 1773 1773 1773 1772 1770 1767 1765 1761 1758 1755 1751 1748 1744 1742 1741 1740 1740 1741 1744 1748 1751 1753 1754 1756 1758 1760 1762 1763 1765 1767 1769 1772 1774 1775 1777 1779 1781 1785 1789 1794 1799 1805 1811 1817 1825 1832 1839 1847 1854 1863 1872 1883 1896 1909 1927 1946 1964 1984 2001 2025 2052 2079 2105 2128 2150 2173 2192 2211 2228 2241 2251 2260 2270 2281 2291 2304 2317 2330
2275 2267 2258 2250 2240 2231 2223 2214 2205 2197 2189 2183 2176 2170 2164 2158 2152 2147 2141 2136 2131 2126 2121 2115 2109 2102 2096 2091 2085 2079 2073 2065 2059 2053 2048 2044 2040 2037 2034 2031 2029 2028 2026 2025 2023 2019 2014 2008 2002 1996 1990 1984 1977 1972 1967 1963 1959 1953 1948 1940 1932 1923 1912 1903 1893 1885 1877 1868 1860 1853 1847 1842 1839 1838 1837 1838 1840 1843 1846 1848 1849 1850 1850 1848 1845 1842 1838 1835 1831 1829 1826 1822 1817 1810 1804 1799 1795 1792 1791 1795 1801 1810 1821 1833 1848 1861 1873 1882 1888 1892 1894 1895 1896 1897 1899 1901 1903 1905 1905 1903 1900 1897 1893 1890 1888 1887 1887 1886 1887 1887 1887 1885 1881 1876 1870 1863 1857 1852 1846 1842 1839 1835 1832 1829 1827 1824 1822 1821 1819 1818 1817 1817 1818 1818 1819 1818 1816 1813 1811 1809 1807 1806 1804 1802 1801 1800 1799 1798 1798 1798 1797 1797 1795 1793 1790 1786 1783 1780 1778 1777 1776 1775 1772 1770 1767 1763 1760 1757 1754 1751 1747 1744 1742 1741 1740 1741 1743 1745 1748 1749 1750 1752 1754 1756 1759 1761 1763 1765 1767 1769 1771 1774 1776 1778 1780 1783 1787 1791 1796 1801 1806 1812 1819 1826 1834 1842 1850 1859 1868 1878 1891 1904 1920 1936 1952 1970 1987 2010 2038 2066 2094 2119 2142 2165 2185 2205 2222 2234 2243 2251 2260 2270 2280 2292 2304 2317
2274 2267 2258 2250 2240 2231 2221 2211 2200 2191 2182 2175 2168 2161 2156 2149 2144 2139 2133 2128 2123 2118 2113 2107 2102 2096 2091 2085 2079 2072 2065 2057 2051 2045 2040 2036 2033 2030 2027 2024 2022 2020 2019 2017 2014 2010 2004 1998 1991 1984 1978 1973 1967 1963 1959 1956 1952 1947 1942 1935 1926 1917 1907 1898 1890 1882 1874 1866 1859 1853 1848 1844 1841 1840 1840 1840 1842 1844 1847 1849 1849 1849 1848 1846 1843 1839 1835 1832 1829 1825 1822 1816 1810 1803 1798 1794 1792 1792 1794 1799 1807 1817 1829 1842 1855 1867 1879 1887 1892 1896 1897 1898 1899 1900 1901 1903 1905 1907 1907 1905 1902 1899 1896 1892 1890 1888 1886 1885 1885 1885 1885 1883 1880 1876 1871 1865 1859 1854 1848 1844 1839 1835 1832 1829 1827 1825 1823 1822 1821 1819 1818 1817 1818 1818 1819 1818 1817 1815 1813 1812 1811 1809 1807 1806 1804 1803 1802 1800 1800 1800 1799 1799 1798 1797 1795 1792 1789 1786 1783 1780 1779 1777 1774 1772 1768 1765 1762 1759 1756 1753 1749 1746 1744 1742 1741 1741 1741 1743 1745 1746 1747 1749 1751 1753 1756 1758 1761 1763 1765 1767 1769 1772 1774 1777 1780 1782 1785 1789 1793 1798 1802 1808 1815 1822 1830 1838 1847 1856 1865 1875 1888 1900 1914 1928 1943 1959 1975 1996 2023 2051 2082 2109 2133 2157 2178 2199 2215 2227 2237 2244 2253 2262 2272 2283 2294 2306
2274 2267 2259 2250 2240 2230 2219 2206 2194 2183 2173 2166 2159 2152 2147 2141 2136 2131 2126 2121 2115 2109 2104 2098 2094 2089 2084 2078 2071 2063 2055 2047 2041 2036 2032 2028 2025 2022 2019 2017 2015 2012 2010 2008 2004 1998 1992 1985 1978 1970 1964 1959 1955 1951 1948 1946 1942 1938 1933 1927 1919 1911 1902 1893 1886 1878 1872 1865 1859 1853 1848 1845 1843 1842 1842 1842 1843 1845 1848 1849 1848 1847 1845 1842 1839 1835 1832 1828 1824 1820 1815 1809 1802 1796 1792 1791 1792 1795 1800 1808 1818 1829 1841 1852 1863 1874 1884 1891 1895 1898 1899 1901 1902 1903 1905 1906 1907 1908 1908 1906 1905 1902 1898 1894 1890 1887 1885 1883 1882 1882 1881 1880 1878 1874 1870 1865 1860 1854 1849 1844 1840 1835 1832 1830 1828 1826 1825 1824 1823 1821 1820 1819 1819 1819 1820 1819 1818 1817 1816 1815 1814 1813 1811 1810 1808 1806 1805 1803 1803 1802 1802 1801 1801 1800 1800 1798 1795 1792 1788 1784 1782 1780 1777 1774 1771 1768 1764 1761 1758 1755 1751 1748 1745 1743 1742 1741 1741 1742 1742 1743 1744 1745 1747 1750 1754 1756 1758 1760 1762 1765 1767 1769 1772 1775 1778 1780 1783 1787 1791 1795 1799 1804 1811 1818 1826 1834 1843 1852 1860 1870 1883 1894 1907 1919 1932 1947 1962 1980 2004 2032 2065 2094 2120 2145 2167 2189 2207 2220 2230 2237 2245 2254 2262 2272 2282 2293
2275 2269 2260 2251 2240 2228 2216 2202 2188 2176 2165 2157 2151 2145 2140 2135 2131 2126 2120 2115 2109 2103 2097 2092 2088 2083 2078 2072 2064 2056 2047 2039 2033 2028 2024 2021 2018 2016 2013 2011 2009 2007 2004 2001 1995 1989 1981 1973 1966 1958 1952 1947 1943 1941 1938 1936 1933 1929 1925 1919 1912 1905 1897 1889 1882 1875 1870 1864 1858 1853 1849 1846 1844 1844 1844 1844 1844 1845 1847 1847 1846 1843 1841 1838 1835 1832 1827 1824 1819 1814 1808 1801 1794 1790 1789 1790 1794 1801 1809 1820 1830 1842 1852 1860 1870 1878 1886 1893 1896 1898 1900 1902 1904 1906 1908 1908 1909 1909 1908 1908 1906 1904 1899 1894 1889 1885 1882 1880 1879 1878 1877 1876 1875 1871 1868 1864 1859 1854 1848 1844 1839 1836 1833 1831 1828 1827 1826 1826 1825 1823 1821 1820 1820 1820 1820 1819 1819 1818 1817 1817 1817 1816 1815 1813 1812 1810 1808 1806 1806 1805 1804 1804 1803 1803 1803 1802 1800 1796 1792 1788 1785 1783 1780 1777 1774 1771 1767 1763 1759 1756 1753 1750 1747 1745 1743 1742 1741 1741 1741 1741 1742 1743 1745 1748 1751 1754 1756 1758 1760 1762 1765 1767 1770 1773 1777 1779 1782 1785 1789 1793 1797 1802 1808 1815 1823 1831 1839 1848 1856 1866 1877 1889 1900 1912 1924 1939 1952 1968 1989 2014 2046 2076 2104 2131 2156 2181 2200 2214 2225 2232 2239 2247 2254 2263 2272 2282
2277 2270 2260 2251 2239 2226 2212 2195 2180 2167 2156 2149 2143 2139 2134 2130 2127 2122 2117 2111 2104 2097 2091 2086 2082 2077 2072 2065 2057 2048 2040 2032 2026 2021 2018 2015 2012 2010 2007 2005 2004 2001 1997 1992 1986 1978 1969 1960 1953 1945 1939 1935 1932 1929 1927 1925 1922 1919 1916 1911 1905 1899 1892 1885 1878 1872 1867 1862 1858 1853 1848 1846 1844 1844 1844 1844 1844 1845 1845 1845 1843 1839 1836 1833 1830 1826 1822 1818 1812 1806 1799 1792 1787 1784 1786 1791 1799 1809 1820 1833 1844 1854 1863 1869 1876 1882 1888 1893 1896 1898 1901 1903 1906 1908 1910 1911 1911 1910 1910 1909 1908 1905 1900 1894 1888 1882 1878 1875 1874 1874 1873 1873 1872 1869 1866 1862 1858 1853 1848 1843 1839 1836 1834 1832 1830 1829 1828 1827 1827 1825 1823 1822 1821 1821 1821 1820 1820 1820 1819 1819 1818 1818 1817 1816 1815 1814 1812 1810 1809 1809 1808 1807 1807 1807 1806 1805 1803 1800 1796 1792 1789 1787 1784 1781 1778 1774 1770 1765 1761 1758 1755 1752 1750 1747 1745 1743 1741 1741 1741 1741 1741 1741 1743 1745 1749 1752 1754 1756 1758 1760 1762 1765 1768 1771 1775 1777 1780 1783 1786 1791 1795 1800 1806 1812 1820 1828 1835 1843 1850 1859 1871 1882 1893 1904 1915 1930 1943 1958 1975 1996 2026 2055 2083 2113 2141 2169 2192 2207 2219 2226 2232 2239 2245 2253 2261 2270
2278 2269 2259 2248 2236 2221 2206 2188 2172 2159 2148 2142 2138 2134 2131 2128 2125 2121 2114 2108 2100 2093 2087 2081 2077 2072 2066 2060 2051 2043 2035 2027 2021 2016 2012 2009 2006 2004 2002 2000 1998 1995 1990 1984 1975 1966 1957 1948 1940 1933 1928 1924 1921 1919 1916 1914 1912 1909 1906 1902 1897 1892 1886 1881 1875 1869 1864 1860 1856 1851 1847 1845 1844 1844 1844 1844 1843 1843 1842 1841 1838 1834 1831 1828 1825 1821 1815 1810 1804 1797 1790 1784 1781 1781 1786 1794 1806 1818 1832 1844 1855 1865 1871 1876 1881 1886 1890 1893 1895 1898 1901 1905 1908 1911 1912 1913 1913 1913 1912 1911 1910 1907 1901 1894 1886 1880 1875 1872 1871 1871 1871 1871 1870 1867 1864 1861 1857 1853 1848 1844 1840 1837 1835 1834 1832 1831 1830 1830 1828 1827 1825 1824 1823 1823 1822 1822 1822 1822 1821 1820 1820 1820 1819 1819 1818 1817 1815 1814 1813 1813 1811 1811 1810 1810 1809 1807 1805 1803 1800 1797 1794 1791 1788 1785 1782 1777 1772 1767 1763 1760 1757 1755 1752 1749 1746 1744 1742 1742 1741 1741 1741 1741 1742 1743 1746 1749 1752 1754 1756 1758 1760 1762 1765 1769 1772 1775 1778 1781 1784 1788 1793 1798 1804 1810 1817 1824 1831 1838 1844 1852 1863 1874 1886 1896 1908 1922 1935 1950 1964 1981 2007 2034 2062 2092 2122 2154 2181 2199 2212 2219 2225 2231 2237 2244 2251 2260
2276 2267 2255 2244 2231 2216 2199 2181 2165 2153 2144 2139 2135 2132 2129 2127 2124 2120 2113 2106 2098 2090 2083 2077 2072 2067 2061 2055 2047 2040 2032 2024 2018 2012 2008 2004 2001 1999 1997 1995 1993 1988 1983 1975 1965 1956 1946 1937 1929 1922 1918 1915 1912 1909 1907 1904 1902 1899 1897 1894 1890 1886 1881 1876 1871 1865 1861 1858 1854 1850 1846 1844 1843 1843 1843 1842 1841 1840 1838 1836 1833 1830 1826 1823 1819 1814 1808 1803 1796 1789 1783 1778 1777 1780 1787 1798 1812 1826 1841 1853 1863 1871 1877 1881 1885 1887 1890 1892 1894 1897 1901 1906 1910 1913 1915 1916 1917 1916 1916 1914 1912 1909 1903 1895 1887 1879 1874 1871 1870 1870 1870 1870 1869 1867 1864 1860 1856 1852 1848 1844 1840 1838 1836 1836 1835 1834 1833 1832 1831 1829 1827 1826 1825 1824 1824 1823 1823 1823 1822 1821 1821 1821 1820 1820 1819 1818 1817 1816 1816 1815 1814 1814 1813 1812 1811 1808 1806 1804 1803 1801 1798 1795 1792 1788 1784 1779 1774 1769 1764 1761 1758 1756 1754 1751 1749 1746 1744 1743 1742 1741 1741 1741 1741 1742 1744 1747 1750 1752 1754 1755 1757 1760 1763 1766 1770 1773 1776 1779 1782 1786 1790 1795 1801 1807 1814 1821 1826 1832 1837 1845 1856 1866 1877 1888 1900 1914 1928 1943 1957 1972 1994 2017 2043 2073 2101 2134 2166 2191 2206 2213 2218 2223 2229 2236 2243 2251
2271 2261 2249 2238 2224 2209 2193 2175 2160 2149 2142 2137 2134 2130 2128 2126 2123 2119 2111 2103 2094 2086 2079 2072 2067 2062 2057 2051 2044 2037 2030 2022 2015 2009 2003 1999 1995 1993 1991 1988 1985 1980 1972 1964 1954 1944 1935 1926 1918 1912 1908 1905 1902 1900 1897 1895 1892 1890 1887 1885 1882 1879 1875 1871 1866 1861 1858 1854 1850 1847 1844 1843 1842 1841 1841 1839 1838 1836 1833 1830 1827 1823 1820 1816 1811 1806 1800 1794 1788 1782 1777 1774 1775 1780 1789 1802 1817 1833 1847 1859 1867 1875 1880 1883 1885 1887 1889 1891 1893 1897 1902 1907 1911 1915 1918 1920 1920 1920 1919 1917 1914 1910 1904 1896 1887 1879 1874 1871 1870 1871 1871 1870 1870 1868 1865 1862 1857 1853 1849 1845 1841 1839 1838 1838 1838 1837 1836 1834 1833 1831 1830 1828 1826 1825 1825 1825 1824 1824 1824 1823 1823 1823 1822 1820 1819 1819 1818 1818 1818 1817 1817 1816 1815 1815 1813 1810 1808 1807 1806 1805 1803 1800 1797 1792 1787 1781 1775 1770 1766 1763 1760 1758 1756 1754 1751 1749 1746 1744 1743 1742 1741 1741 1741 1742 1743 1745 1747 1750 1751 1753 1754 1756 1759 1763 1767 1770 1773 1775 1778 1782 1787 1792 1798 1803 1810 1816 1821 1826 1831 1838 1848 1857 1868 1879 1891 1904 1918 1934 1949 1963 1981 2001 2025 2051 2076 2108 2144 2176 2196 2204 2209 2215 2221 2227 2235 2243
2265 2255 2242 2231 2217 2202 2188 2172 2159 2150 2143 2138 2134 2130 2127 2125 2122 2117 2109 2101 2091 2082 2075 2068 2064 2059 2054 2049 2043 2036 2029 2021 2014 2006 2000 1995 1991 1988 1985 1982 1977 1971 1963 1954 1944 1935 1926 1917 1910 1904 1900 1897 1894 1892 1890 1887 1885 1882 1880 1878 1875 1873 1870 1866 1863 1859 1855 1851 1847 1844 1842 1840 1840 1838 1837 1836 1834 1831 1827 1824 1820 1817 1813 1809 1804 1798 1793 1788 1782 1777 1774 1773 1775 1782 1792 1805 1821 1836 1849 1860 1868 1875 1879 1882 1884 1885 1887 1889 1892 1897 1902 1908 1913 1917 1921 1923 1924 1924 1922 1919 1915 1911 1904 1896 1888 1880 1874 1871 1871 1871 1871 1871 1870 1869 1867 1863 1859 1855 1851 1847 1844 1841 1841 1840 1840 1839 1838 1837 1835 1833 1831 1828 1827 1827 1827 1826 1825 1825 1825 1825 1825 1824 1823 1821 1820 1819 1819 1819 1819 1819 1818 1817 1816 1816 1815 1812 1810 1808 1809 1809 1807 1804 1800 1795 1789 1782 1777 1771 1767 1764 1762 1760 1758 1756 1754 1751 1748 1746 1744 1742 1742 1742 1741 1741 1742 1743 1745 1747 1748 1750 1751 1753 1756 1759 1763 1766 1769 1772 1774 1779 1783 1788 1794 1800 1806 1812 1817 1822 1827 1834 1843 1852 1862 1873 1884 1896 1910 1927 1943 1957 1973 1990 2011 2035 2056 2084 2121 2158 2185 2198 2204 2209 2214 2221 2229 2237
2258 2247 2234 2223 2210 2197 2184 2170 2160 2151 2144 2138 2133 2128 2126 2123 2119 2113 2105 2096 2086 2077 2070 2064 2060 2055 2050 2046 2040 2035 2028 2020 2012 2004 1997 1990 1985 1981 1978 1973 1968 1960 1952 1944 1934 1926 1917 1908 1901 1896 1892 1888 1886 1884 1881 1879 1877 1875 1873 1871 1869 1867 1865 1862 1859 1856 1852 1848 1844 1841 1838 1837 1835 1833 1832 1830 1827 1824 1820 1816 1812 1808 1805 1800 1795 1790 1785 1781 1777 1774 1773 1774 1777 1785 1796 1809 1824 1838 1849 1859 1866 1873 1877 1879 1880 1882 1884 1887 1890 1896 1902 1908 1914 1918 1922 1924 1925 1923 1920 1917 1913 1908 1902 1894 1886 1879 1874 1871 1870 1870 1871 1871 1871 1870 1868 1866 1862 1858 1854 1850 1847 1845 1844 1843 1842 1841 1840 1838 1836 1834 1832 1829 1827 1827 1827 1827 1826 1826 1826 1827 1827 1826 1825 1823 1822 1821 1820 1820 1820 1820 1819 1818 1817 1816 1816 1814 1812 1811 1811 1811 1810 1808 1803 1797 1791 1784 1779 1774 1770 1767 1764 1762 1760 1758 1756 1753 1750 1748 1746 1744 1743 1742 1742 1741 1741 1742 1743 1744 1746 1747 1749 1750 1753 1755 1759 1761 1764 1767 1770 1775 1780 1784 1790 1795 1801 1808 1813 1818 1823 1829 1838 1846 1856 1866 1876 1888 1901 1917 1934 1948 1962 1976 1994 2016 2035 2059 2093 2132 2166 2186 2196 2202 2206 2213 2221 2228
2250 2239 2227 2216 2204 2192 2181 2170 2161 2152 2144 2138 2131 2126 2123 2119 2114 2107 2099 2090 2080 2072 2066 2060 2056 2052 2048 2044 2038 2033 2027 2019 2011 2002 1994 1986 1979 1975 1970 1965 1959 1951 1943 1935 1927 1919 1910 1902 1895 1889 1885 1882 1879 1877 1875 1873 1871 1869 1868 1866 1865 1864 1862 1859 1857 1853 1849 1845 1841 1837 1834 1832 1829 1827 1826 1823 1820 1817 1813 1809 1805 1801 1797 1791 1787 1783 1780 1777 1775 1774 1774 1777 1781 1789 1800 1812 1826 1837 1846 1855 1861 1868 1871 1873 1875 1877 1881 1885 1889 1895 1901 1907 1913 1916 1919 1921 1920 1918 1914 1910 1906 1902 1896 1890 1883 1877 1872 1869 1869 1870 1871 1871 1871 1871 1870 1868 1865 1861 1857 1853 1850 1847 1846 1844 1843 1842 1840 1838 1836 1834 1831 1828 1827 1827 1828 1827 1827 1827 1828 1829 1829 1828 1827 1826 1824 1822 1822 1821 1822 1821 1820 1818 1817 1816 1816 1816 1814 1813 1812 1812 1811 1809 1805 1799 1792 1786 1781 1777 1773 1770 1767 1764 1762 1759 1757 1754 1752 1750 1747 1745 1744 1743 1742 1742 1742 1742 1742 1743 1744 1746 1747 1748 1750 1752 1754 1757 1760 1763 1767 1772 1776 1780 1786 1791 1797 1804 1809 1816 1821 1827 1835 1843 1852 1861 1870 1881 1893 1908 1924 1938 1951 1964 1979 1999 2017 2039 2068 2103 2141 2168 2184 2193 2198 2206 2213 2220
2241 2231 2220 2210 2200 2189 2179 2169 2160 2151 2143 2135 2128 2123 2118 2113 2107 2100 2091 2083 2074 2067 2062 2057 2053 2049 2045 2041 2036 2031 2025 2018 2009 2000 1990 1982 1974 1968 1963 1957 1950 1943 1935 1928 1920 1913 1905 1897 1890 1884 1879 1876 1873 1871 1868 1867 1865 1864 1863 1862 1861 1860 1859 1857 1854 1850 1846 1841 1836 1832 1828 1825 1823 1820 1818 1815 1812 1809 1805 1801 1797 1793 1789 1784 1779 1776 1775 1774 1774 1775 1777 1781 1787 1795 1805 1816 1826 1835 1842 1849 1855 1860 1864 1866 1869 1872 1877 1882 1887 1893 1898 1903 1907 1910 1912 1912 1910 1907 1903 1899 1895 1892 1888 1883 1877 1873 1869 1868 1868 1869 1870 1871 1872 1871 1871 1869 1867 1864 1860 1856 1852 1849 1846 1844 1842 1841 1838 1836 1835 1833 1830 1827 1827 1827 1828 1828 1828 1829 1831 1832 1832 1831 1830 1828 1827 1825 1824 1823 1823 1823 1821 1819 1817 1816 1816 1816 1815 1814 1812 1812 1811 1809 1805 1800 1794 1788 1783 1779 1776 1773 1769 1766 1763 1760 1758 1755 1753 1751 1749 1747 1745 1744 1743 1743 1743 1743 1743 1743 1744 1745 1745 1746 1747 1748 1750 1753 1756 1761 1765 1770 1773 1777 1782 1787 1793 1799 1806 1812 1819 1825 1832 1839 1847 1856 1864 1874 1885 1898 1913 1926 1939 1950 1963 1981 1999 2019 2043 2072 2109 2140 2163 2178 2187 2196 2202 2208
2234 2224 2214 2205 2196 2185 2176 2166 2156 2148 2139 2131 2124 2118 2113 2106 2100 2091 2083 2076 2068 2062 2058 2053 2050 2046 2042 2038 2034 2029 2023 2016 2008 1997 1987 1978 1969 1962 1955 1949 1942 1935 1928 1921 1914 1908 1901 1893 1886 1879 1874 1870 1867 1865 1863 1861 1860 1860 1859 1858 1858 1857 1856 1854 1850 1846 1841 1836 1831 1826 1822 1818 1815 1812 1810 1807 1804 1801 1797 1793 1790 1787 1783 1778 1775 1773 1772 1773 1775 1778 1782 1788 1794 1802 1811 1819 1827 1833 1838 1843 1848 1853 1857 1860 1864 1868 1874 1879 1883 1888 1892 1896 1898 1899 1899 1898 1895 1891 1887 1884 1882 1880 1878 1875 1871 1868 1866 1865 1866 1867 1869 1870 1871 1872 1871 1870 1867 1864 1860 1856 1852 1847 1844 1841 1839 1838 1836 1834 1832 1831 1828 1826 1826 1827 1827 1828 1830 1832 1833 1834 1835 1835 1833 1832 1830 1828 1827 1826 1826 1825 1823 1821 1818 1816 1815 1816 1815 1814 1812 1811 1810 1809 1805 1800 1795 1789 1785 1781 1778 1776 1771 1767 1764 1761 1759 1756 1754 1752 1750 1748 1747 1746 1744 1744 1744 1744 1744 1744 1744 1744 1745 1745 1745 1746 1748 1750 1754 1759 1763 1767 1771 1774 1778 1783 1788 1794 1801 1808 1815 1821 1828 1834 1842 1850 1858 1867 1876 1888 1901 1914 1927 1937 1947 1963 1980 2000 2019 2043 2075 2106 2134 2156 2170 2182 2189 2194
2227 2219 2209 2201 2192 2182 2173 2162 2152 2143 2134 2127 2119 2113 2107 2100 2092 2084 2076 2070 2064 2058 2054 2051 2047 2043 2040 2036 2031 2027 2021 2014 2006 1996 1985 1975 1965 1957 1950 1942 1936 1930 1923 1916 1910 1904 1897 1889 1882 1875 1870 1865 1862 1860 1858 1857 1857 1856 1856 1855 1855 1853 1852 1849 1845 1840 1835 1830 1825 1820 1815 1812 1808 1805 1802 1800 1797 1794 1791 1788 1785 1782 1779 1775 1773 1772 1772 1774 1778 1782 1788 1795 1802 1809 1816 1822 1827 1831 1834 1838 1842 1847 1851 1855 1860 1866 1871 1875 1879 1882 1885 1886 1887 1887 1885 1883 1879 1875 1872 1871 1870 1870 1869 1868 1866 1864 1863 1863 1863 1865 1867 1869 1870 1871 1870 1869 1866 1863 1858 1854 1848 1843 1840 1837 1835 1834 1832 1831 1830 1828 1826 1825 1825 1826 1827 1828 1831 1833 1835 1836 1837 1838 1837 1835 1834 1832 1831 1830 1830 1829 1826 1823 1820 1817 1815 1814 1815 1814 1812 1810 1809 1807 1804 1800 1795 1790 1786 1783 1780 1777 1773 1768 1764 1761 1759 1757 1755 1753 1751 1749 1748 1747 1745 1745 1745 1745 1745 1745 1745 1745 1744 1744 1744 1745 1747 1750 1753 1757 1761 1765 1768 1771 1775 1778 1783 1789 1795 1802 1809 1816 1823 1829 1837 1844 1851 1860 1869 1879 1890 1903 1916 1926 1936 1949 1963 1980 1999 2020 2048 2076 2104 2130 2149 2165 2174 2181
2220 2213 2204 2196 2188 2178 2168 2157 2147 2138 2129 2122 2114 2108 2101 2093 2085 2077 2070 2064 2059 2055 2051 2047 2044 2040 2037 2033 2029 2025 2020 2013 2005 1994 1984 1973 1962 1953 1945 1937 1931 1924 1917 1911 1905 1899 1892 1884 1877 1870 1865 1860 1856 1854 1853 1853 1853 1852 1852 1851 1849 1847 1845 1841 1837 1832 1827 1822 1817 1813 1808 1804 1801 1798 1795 1792 1790 1788 1785 1783 1781 1778 1775 1774 1773 1773 1775 1777 1782 1787 1793 1801 1808 1815 1820 1824 1827 1829 1831 1834 1838 1843 1847 1852 1858 1863 1866 1869 1871 1872 1873 1873 1873 1872 1870 1867 1864 1861 1859 1859 1859 1860 1861 1861 1861 1860 1860 1860 1860 1862 1864 1866 1868 1868 1867 1866 1863 1859 1854 1848 1842 1837 1834 1831 1830 1829 1828 1827 1827 1825 1824 1824 1824 1825 1826 1828 1831 1833 1836 1837 1839 1840 1839 1839 1838 1837 1836 1835 1834 1833 1830 1827 1822 1818 1815 1813 1813 1813 1812 1809 1808 1806 1803 1799 1795 1791 1787 1783 1781 1778 1773 1769 1765 1762 1760 1758 1756 1753 1751 1750 1749 1748 1746 1746 1746 1746 1746 1746 1745 1745 1745 1744 1744 1745 1747 1750 1753 1756 1759 1762 1765 1768 1770 1773 1778 1783 1788 1794 1801 1809 1816 1823 1830 1837 1844 1853 1860 1869 1879 1891 1905 1916 1925 1936 1946 1961 1979 2000 2026 2050 2075 2100 2121 2141 2154 2163
2216 2208 2200 2192 2183 2173 2164 2153 2143 2134 2126 2118 2111 2103 2096 2087 2080 2072 2065 2060 2055 2052 2048 2045 2042 2038 2035 2032 2028 2024 2019 2012 2004 1994 1984 1973 1961 1951 1942 1934 1927 1920 1914 1907 1901 1895 1887 1879 1872 1865 1860 1855 1852 1851 1850 1850 1850 1849 1848 1846 1844 1841 1838 1834 1830 1825 1820 1815 1810 1806 1803 1799 1796 1793 1790 1788 1786 1784 1782 1780 1778 1776 1774 1775 1775 1776 1778 1781 1786 1792 1798 1806 1812 1818 1822 1824 1826 1827 1829 1832 1836 1841 1846 1851 1856 1860 1862 1862 1862 1862 1862 1861 1860 1859 1857 1855 1853 1851 1850 1851 1852 1854 1856 1857 1857 1857 1857 1857 1858 1859 1861 1863 1864 1864 1864 1861 1858 1853 1847 1842 1836 1831 1828 1826 1825 1825 1825 1824 1824 1823 1822 1822 1823 1824 1825 1827 1830 1833 1835 1837 1839 1840 1841 1840 1840 1840 1840 1839 1838 1837 1834 1829 1824 1819 1815 1812 1812 1812 1810 1808 1806 1804 1802 1798 1794 1789 1786 1783 1780 1777 1773 1769 1766 1763 1761 1758 1756 1754 1752 1751 1750 1748 1747 1747 1747 1747 1747 1747 1746 1746 1746 1746 1746 1747 1749 1750 1752 1754 1757 1760 1762 1764 1767 1769 1773 1778 1782 1788 1795 1802 1810 1817 1825 1832 1839 1847 1853 1861 1871 1881 1895 1908 1919 1928 1936 1949 1966 1987 2011 2032 2054 2077 2098 2119 2134 2144
2211 2204 2195 2187 2177 2168 2159 2149 2140 2132 2123 2116 2108 2100 2092 2083 2075 2067 2061 2056 2051 2048 2045 2042 2039 2036 2034 2031 2027 2023 2018 2011 2004 1995 1985 1974 1962 1950 1939 1931 1924 1917 1910 1903 1896 1889 1880 1872 1865 1858 1853 1850 1848 1847 1846 1846 1846 1844 1842 1840 1837 1834 1830 1826 1821 1817 1812 1808 1804 1800 1797 1794 1791 1788 1786 1784 1781 1779 1778 1777 1775 1773 1773 1775 1777 1779 1782 1785 1790 1795 1800 1807 1813 1818 1821 1822 1823 1823 1825 1829 1834 1839 1844 1848 1852 1854 1854 1853 1851 1850 1849 1848 1848 1847 1846 1845 1845 1844 1844 1846 1848 1850 1851 1853 1854 1855 1855 1855 1855 1856 1857 1859 1860 1860 1858 1855 1851 1846 1840 1835 1829 1825 1823 1822 1821 1821 1821 1821 1821 1821 1821 1822 1823 1824 1825 1826 1829 1832 1834 1837 1839 1841 1841 1841 1841 1842 1843 1843 1842 1840 1837 1832 1826 1821 1816 1813 1811 1810 1809 1808 1806 1803 1800 1796 1792 1787 1784 1782 1779 1777 1775 1771 1768 1765 1762 1759 1757 1755 1753 1752 1751 1750 1749 1748 1747 1747 1747 1748 1748 1748 1749 1749 1749 1749 1750 1751 1751 1753 1755 1757 1759 1761 1763 1765 1769 1774 1778 1783 1789 1796 1804 1812 1820 1827 1834 1840 1846 1854 1862 1872 1885 1898 1910 1922 1930 1942 1956 1974 1996 2017 2038 2058 2076 2094 2109 2121
2207 2200 2191 2182 2172 2163 2154 2146 2138 2130 2122 2115 2107 2098 2089 2080 2072 2064 2058 2053 2049 2046 2043 2040 2038 2035 2033 2030 2026 2022 2018 2011 2004 1995 1986 1976 1964 1952 1940 1931 1923 1914 1907 1899 1890 1882 1873 1864 1858 1852 1848 1845 1844 1844 1843 1843 1841 1839 1837 1833 1830 1826 1822 1818 1814 1810 1806 1802 1798 1795 1792 1790 1787 1784 1782 1780 1777 1775 1774 1773 1772 1772 1773 1776 1779 1781 1784 1787 1792 1796 1800 1806 1810 1814 1817 1817 1818 1819 1821 1825 1830 1835 1840 1844 1846 1845 1844 1842 1840 1838 1838 1838 1838 1839 1840 1840 1841 1842 1842 1844 1845 1847 1849 1850 1851 1852 1853 1853 1853 1853 1854 1855 1855 1855 1853 1849 1845 1840 1834 1829 1825 1821 1819 1818 1818 1818 1818 1819 1819 1820 1820 1821 1822 1823 1824 1826 1828 1831 1834 1836 1839 1840 1841 1842 1842 1843 1844 1845 1845 1843 1839 1834 1828 1823 1818 1813 1811 1809 1808 1808 1806 1803 1799 1795 1790 1786 1783 1781 1779 1778 1776 1774 1771 1767 1764 1761 1758 1756 1755 1754 1753 1751 1750 1749 1748 1747 1748 1748 1749 1750 1751 1752 1752 1752 1751 1751 1751 1752 1753 1755 1756 1757 1759 1762 1767 1772 1776 1781 1786 1792 1800 1808 1816 1823 1830 1836 1841 1848 1855 1864 1876 1889 1903 1917 1927 1939 1952 1967 1988 2008 2028 2046 2060 2076 2089 2102
2204 2196 2186 2177 2168 2158 2151 2143 2136 2129 2121 2114 2106 2097 2088 2078 2070 2062 2056 2051 2047 2044 2042 2039 2036 2034 2032 2029 2026 2022 2016 2010 2003 1995 1987 1978 1966 1955 1943 1932 1923 1913 1904 1894 1884 1875 1865 1857 1851 1846 1843 1841 1840 1840 1840 1838 1836 1834 1830 1827 1823 1819 1815 1811 1808 1804 1800 1797 1793 1790 1788 1786 1783 1780 1777 1774 1772 1770 1769 1768 1769 1771 1773 1776 1780 1782 1785 1788 1792 1795 1798 1802 1806 1809 1811 1811 1812 1812 1815 1819 1824 1829 1833 1835 1836 1834 1832 1830 1828 1827 1828 1829 1831 1833 1835 1837 1838 1840 1841 1842 1843 1844 1846 1847 1849 1850 1850 1851 1851 1851 1851 1851 1851 1849 1847 1843 1839 1835 1830 1825 1821 1818 1816 1816 1815 1815 1816 1817 1818 1819 1820 1821 1822 1822 1824 1826 1829 1831 1834 1837 1839 1841 1842 1842 1843 1845 1846 1847 1846 1844 1841 1836 1831 1826 1820 1815 1812 1810 1809 1809 1807 1804 1799 1794 1790 1785 1783 1782 1781 1780 1779 1777 1774 1770 1766 1763 1760 1758 1756 1755 1754 1753 1752 1750 1749 1748 1748 1749 1750 1751 1752 1753 1753 1753 1753 1752 1752 1752 1753 1753 1754 1754 1756 1759 1765 1770 1774 1779 1783 1789 1796 1804 1812 1820 1826 1832 1837 1842 1849 1857 1868 1881 1895 1910 1923 1935 1948 1962 1980 1999 2017 2034 2047 2061 2074 2086
2200 2192 2183 2174 2165 2156 2148 2141 2135 2129 2121 2114 2105 2096 2087 2077 2069 2061 2054 2050 2046 2043 2040 2037 2035 2033 2031 2029 2025 2021 2015 2008 2002 1994 1987 1979 1969 1958 1946 1934 1923 1911 1900 1890 1878 1868 1858 1850 1845 1841 1839 1837 1837 1836 1835 1833 1830 1827 1824 1820 1815 1812 1808 1804 1801 1798 1795 1791 1788 1785 1783 1782 1779 1775 1771 1769 1768 1766 1764 1764 1767 1770 1772 1775 1778 1781 1783 1786 1788 1791 1793 1796 1798 1800 1802 1803 1803 1804 1806 1810 1814 1818 1822 1823 1823 1821 1819 1818 1817 1817 1819 1821 1824 1828 1831 1834 1836 1839 1841 1842 1842 1842 1844 1845 1846 1848 1849 1849 1849 1849 1849 1849 1848 1845 1842 1838 1835 1831 1826 1822 1818 1815 1814 1813 1813 1813 1814 1815 1817 1818 1819 1820 1821 1823 1825 1827 1830 1833 1836 1838 1841 1842 1843 1844 1846 1847 1848 1848 1848 1846 1844 1840 1835 1830 1824 1819 1816 1814 1813 1812 1810 1806 1802 1796 1792 1788 1786 1785 1785 1784 1783 1781 1777 1773 1769 1765 1763 1761 1759 1757 1756 1755 1754 1752 1750 1749 1749 1749 1751 1752 1752 1753 1753 1753 1753 1753 1753 1753 1753 1752 1752 1752 1753 1757 1762 1768 1773 1778 1782 1787 1794 1801 1808 1816 1823 1829 1833 1838 1844 1851 1861 1872 1887 1902 1916 1929 1942 1955 1971 1987 2004 2021 2034 2048 2060 2073
2197 2190 2181 2173 2164 2155 2148 2141 2135 2129 2121 2113 2104 2095 2086 2077 2069 2061 2054 2049 2044 2041 2038 2036 2034 2032 2031 2029 2025 2020 2013 2006 2000 1993 1986 1979 1970 1960 1948 1935 1923 1910 1898 1886 1874 1863 1853 1846 1841 1838 1836 1834 1833 1832 1830 1827 1824 1821 1817 1813 1809 1805 1802 1799 1796 1792 1789 1786 1783 1780 1778 1776 1774 1770 1767 1765 1765 1764 1762 1763 1766 1769 1771 1773 1775 1777 1779 1780 1782 1784 1785 1787 1788 1789 1791 1791 1793 1795 1797 1800 1804 1807 1810 1810 1810 1809 1808 1808 1808 1809 1812 1816 1820 1824 1829 1833 1836 1839 1841 1842 1842 1842 1843 1843 1845 1846 1848 1848 1849 1849 1849 1848 1846 1842 1838 1835 1833 1828 1822 1816 1813 1811 1811 1811 1811 1811 1812 1814 1816 1818 1819 1820 1822 1824 1826 1829 1832 1835 1838 1841 1843 1845 1846 1847 1848 1849 1850 1850 1850 1849 1848 1845 1841 1836 1830 1825 1822 1819 1818 1816 1814 1811 1806 1801 1797 1793 1792 1791 1791 1790 1788 1785 1781 1776 1771 1767 1765 1764 1762 1760 1758 1757 1756 1754 1752 1750 1749 1750 1751 1751 1752 1752 1753 1753 1753 1754 1754 1754 1753 1751 1750 1750 1752 1755 1760 1766 1772 1777 1782 1787 1792 1799 1806 1813 1820 1826 1831 1835 1841 1847 1856 1867 1880 1895 1909 1922 1934 1946 1960 1974 1990 2007 2021 2036 2049 2062
2193 2187 2180 2172 2164 2155 2148 2141 2135 2129 2121 2113 2103 2094 2085 2076 2068 2060 2053 2048 2042 2038 2035 2033 2032 2031 2031 2030 2026 2020 2012 2004 1998 1991 1984 1977 1968 1959 1947 1934 1921 1907 1894 1882 1869 1859 1849 1842 1837 1834 1832 1830 1828 1826 1824 1821 1817 1814 1810 1805 1801 1798 1796 1792 1788 1785 1782 1779 1777 1775 1772 1770 1768 1765 1763 1763 1763 1763 1762 1763 1765 1767 1768 1769 1770 1771 1773 1774 1774 1775 1776 1776 1777 1778 1778 1779 1782 1785 1788 1790 1792 1795 1796 1797 1797 1797 1797 1798 1799 1802 1805 1809 1815 1820 1825 1830 1834 1837 1840 1841 1841 1842 1842 1842 1844 1845 1847 1848 1849 1849 1849 1847 1844 1839 1835 1832 1830 1825 1816 1809 1807 1807 1808 1808 1808 1809 1811 1813 1815 1817 1819 1821 1823 1826 1830 1833 1836 1838 1841 1844 1847 1849 1850 1852 1853 1853 1854 1854 1855 1855 1854 1852 1849 1844 1839 1835 1831 1828 1826 1823 1821 1818 1814 1809 1804 1802 1801 1800 1799 1798 1795 1791 1786 1780 1775 1770 1768 1767 1765 1763 1762 1760 1759 1757 1755 1752 1750 1750 1751 1751 1751 1751 1752 1752 1753 1754 1755 1755 1754 1751 1749 1749 1750 1753 1757 1763 1770 1776 1781 1785 1791 1797 1804 1811 1817 1824 1828 1832 1838 1843 1852 1862 1874 1887 1899 1911 1922 1932 1945 1959 1974 1989 2004 2019 2033 2047
2191 2186 2179 2173 2165 2157 2150 2142 2135 2128 2120 2112 2103 2094 2085 2075 2067 2060 2052 2046 2040 2036 2033 2031 2030 2030 2030 2030 2026 2020 2012 2003 1996 1989 1982 1975 1966 1956 1944 1931 1918 1904 1892 1879 1867 1856 1847 1840 1835 1831 1829 1826 1823 1821 1818 1815 1811 1807 1804 1800 1796 1792 1789 1785 1781 1777 1775 1773 1772 1770 1768 1766 1764 1763 1762 1763 1763 1763 1764 1764 1765 1765 1765 1766 1766 1767 1767 1768 1768 1768 1768 1768 1769 1769 1769 1770 1773 1776 1778 1780 1781 1782 1784 1785 1786 1787 1789 1791 1793 1796 1800 1805 1810 1816 1821 1827 1832 1836 1839 1841 1842 1842 1843 1843 1845 1846 1847 1849 1850 1850 1848 1846 1842 1837 1834 1830 1826 1819 1811 1806 1805 1805 1806 1806 1806 1807 1809 1812 1814 1817 1819 1822 1824 1828 1833 1837 1840 1842 1845 1848 1851 1853 1855 1856 1857 1858 1858 1859 1860 1861 1861 1860 1858 1854 1850 1845 1841 1838 1835 1832 1828 1825 1821 1816 1812 1810 1809 1808 1807 1805 1801 1797 1791 1784 1778 1774 1771 1770 1768 1767 1765 1763 1761 1759 1757 1754 1751 1750 1751 1750 1750 1750 1750 1752 1753 1754 1755 1756 1755 1752 1749 1748 1750 1752 1755 1761 1767 1774 1779 1785 1790 1795 1802 1808 1815 1821 1826 1831 1836 1842 1850 1859 1869 1881 1892 1902 1911 1920 1932 1945 1959 1974 1988 2004 2018 2032
2189 2184 2178 2172 2165 2157 2149 2141 2134 2127 2119 2111 2102 2092 2083 2073 2066 2058 2050 2044 2038 2034 2031 2029 2029 2029 2030 2030 2026 2020 2012 2003 1994 1986 1979 1971 1961 1951 1939 1927 1915 1901 1889 1877 1865 1854 1844 1837 1832 1827 1824 1821 1818 1815 1812 1809 1805 1800 1797 1794 1790 1786 1780 1776 1772 1769 1767 1767 1767 1765 1764 1763 1763 1763 1763 1763 1763 1763 1764 1764 1764 1764 1764 1764 1764 1764 1764 1764 1763 1763 1763 1763 1764 1764 1763 1764 1765 1768 1769 1770 1770 1770 1771 1774 1777 1779 1780 1783 1787 1791 1795 1800 1805 1811 1817 1823 1828 1833 1836 1839 1841 1842 1843 1844 1846 1847 1848 1848 1849 1848 1846 1843 1839 1834 1831 1826 1818 1811 1807 1805 1805 1805 1806 1806 1805 1806 1808 1811 1814 1816 1819 1823 1826 1831 1837 1841 1845 1848 1850 1853 1855 1857 1859 1861 1863 1864 1865 1866 1868 1869 1870 1870 1868 1865 1861 1857 1853 1849 1846 1842 1838 1834 1830 1825 1821 1817 1816 1816 1815 1812 1808 1803 1798 1791 1785 1780 1776 1774 1773 1771 1769 1767 1765 1763 1759 1756 1753 1751 1751 1750 1750 1749 1750 1751 1753 1755 1755 1756 1756 1755 1751 1748 1749 1751 1753 1758 1764 1771 1777 1783 1789 1794 1800 1806 1811 1818 1823 1829 1835 1841 1849 1857 1866 1876 1885 1894 1901 1909 1920 1931 1944 1959 1972 1987 2000 2014
2187 2183 2177 2171 2164 2156 2148 2139 2132 2125 2117 2109 2100 2090 2080 2071 2063 2056 2048 2042 2037 2032 2030 2028 2028 2028 2029 2029 2026 2021 2013 2003 1994 1985 1977 1968 1957 1946 1934 1922 1910 1898 1887 1876 1864 1853 1843 1835 1829 1823 1819 1816 1813 1810 1807 1803 1799 1795 1792 1789 1785 1779 1773 1768 1766 1764 1763 1763 1763 1763 1763 1763 1763 1763 1764 1764 1763 1763 1763 1763 1763 1763 1763 1763 1763 1762 1762 1762 1762 1762 1762 1762 1762 1762 1762 1762 1762 1763 1764 1764 1763 1763 1764 1767 1771 1773 1774 1778 1782 1787 1791 1796 1801 1806 1812 1818 1824 1828 1832 1835 1838 1839 1841 1844 1846 1846 1846 1846 1846 1845 1842 1838 1835 1831 1827 1820 1811 1805 1805 1806 1806 1806 1806 1806 1805 1806 1808 1811 1813 1816 1819 1823 1828 1833 1840 1845 1850 1852 1854 1857 1859 1861 1864 1866 1868 1870 1871 1873 1875 1877 1878 1878 1877 1875 1872 1868 1864 1860 1856 1852 1847 1842 1838 1833 1828 1824 1822 1822 1820 1818 1814 1810 1805 1799 1793 1787 1783 1780 1778 1776 1773 1771 1768 1765 1762 1758 1755 1753 1751 1751 1750 1749 1749 1751 1754 1755 1756 1756 1757 1758 1753 1749 1749 1750 1752 1756 1761 1769 1775 1781 1787 1792 1798 1804 1809 1814 1820 1827 1834 1841 1849 1856 1864 1873 1880 1888 1895 1902 1912 1922 1934 1947 1960 1974 1986 1998
2186 2182 2175 2168 2161 2152 2145 2136 2129 2122 2115 2107 2096 2086 2077 2067 2060 2053 2046 2040 2035 2032 2029 2027 2027 2028 2029 2028 2026 2021 2014 2004 1995 1984 1975 1965 1952 1941 1929 1917 1906 1895 1884 1874 1863 1852 1842 1833 1826 1819 1814 1811 1807 1804 1801 1797 1794 1790 1787 1783 1778 1772 1766 1764 1763 1762 1762 1762 1763 1763 1763 1763 1763 1764 1764 1764 1764 1763 1763 1763 1763 1763 1763 1763 1763 1763 1762 1762 1762 1762 1762 1762 1762 1762 1762 1762 1762 1762 1762 1762 1761 1761 1762 1764 1766 1768 1770 1775 1779 1784 1788 1792 1797 1802 1807 1813 1818 1823 1827 1830 1833 1835 1838 1841 1843 1844 1843 1842 1841 1840 1837 1833 1830 1828 1822 1812 1805 1803 1804 1806 1806 1806 1805 1805 1805 1805 1808 1811 1813 1816 1819 1824 1829 1836 1844 1850 1854 1856 1858 1861 1864 1866 1869 1871 1873 1875 1877 1879 1881 1883 1885 1885 1885 1883 1881 1877 1874 1870 1865 1861 1855 1850 1845 1840 1835 1830 1827 1826 1824 1823 1820 1817 1812 1807 1801 1796 1791 1788 1784 1781 1779 1775 1772 1768 1765 1761 1758 1755 1753 1751 1751 1750 1750 1751 1753 1755 1756 1756 1758 1760 1757 1752 1750 1750 1752 1754 1759 1766 1773 1779 1785 1791 1797 1802 1806 1812 1818 1825 1833 1841 1849 1856 1863 1870 1877 1885 1892 1898 1907 1916 1926 1938 1950 1962 1974 1985
2183 2179 2172 2164 2156 2147 2140 2132 2126 2119 2111 2103 2092 2081 2072 2063 2056 2050 2044 2039 2035 2031 2029 2027 2027 2027 2027 2027 2025 2021 2015 2005 1995 1984 1973 1962 1949 1936 1924 1911 1901 1890 1881 1872 1861 1850 1840 1830 1822 1814 1809 1805 1801 1799 1795 1792 1789 1786 1783 1777 1771 1766 1762 1762 1763 1763 1763 1763 1763 1763 1763 1763 1763 1763 1763 1763 1763 1763 1763 1763 1763 1763 1763 1763 1763 1763 1763 1763 1763 1763 1763 1763 1763 1763 1763 1763 1763 1763 1763 1763 1763 1763 1763 1763 1763 1765 1768 1773 1778 1783 1787 1790 1794 1798 1803 1808 1812 1816 1819 1823 1826 1828 1831 1834 1837 1838 1838 1837 1835 1833 1831 1828 1826 1824 1817 1807 1803 1804 1805 1805 1805 1805 1805 1805 1805 1807 1809 1812 1814 1816 1819 1824 1831 1839 1847 1853 1857 1859 1861 1864 1868 1871 1874 1876 1878 1880 1883 1885 1887 1889 1890 1890 1890 1890 1888 1885 1882 1879 1874 1870 1864 1859 1853 1847 1842 1837 1833 1830 1829 1828 1826 1824 1820 1815 1810 1806 1801 1797 1793 1789 1785 1780 1776 1771 1767 1764 1761 1758 1755 1753 1752 1751 1751 1751 1753 1754 1756 1756 1758 1760 1759 1756 1752 1751 1752 1754 1757 1764 1770 1777 1783 1789 1796 1800 1805 1810 1816 1823 1831 1839 1847 1855 1861 1868 1875 1882 1889 1896 1904 1912 1921 1931 1941 1953 1964 1974
2179 2175 2168 2159 2151 2143 2136 2129 2123 2117 2108 2099 2087 2076 2067 2059 2052 2047 2042 2039 2035 2032 2029 2027 2027 2026 2026 2025 2023 2020 2014 2005 1996 1984 1972 1960 1946 1933 1919 1906 1896 1887 1878 1869 1859 1849 1838 1827 1818 1810 1804 1800 1797 1794 1791 1787 1785 1782 1778 1771 1766 1763 1762 1762 1763 1764 1764 1764 1764 1764 1764 1764 1764 1763 1763 1763 1763 1763 1763 1763 1763 1763 1763 1764 1764 1764 1764 1764 1764 1764 1764 1764 1764 1764 1764 1764 1764 1764 1764 1764 1764 1764 1764 1763 1763 1765 1769 1774 1779 1783 1786 1789 1792 1795 1799 1803 1806 1810 1813 1815 1818 1821 1824 1827 1830 1831 1832 1831 1830 1828 1826 1824 1822 1821 1815 1807 1804 1806 1806 1806 1805 1805 1806 1806 1807 1809 1811 1813 1814 1816 1819 1825 1832 1841 1849 1855 1859 1861 1863 1867 1871 1875 1878 1880 1882 1884 1886 1889 1891 1893 1893 1893 1894 1893 1892 1891 1888 1885 1881 1877 1871 1866 1860 1854 1849 1844 1839 1835 1833 1833 1832 1830 1827 1822 1818 1814 1810 1806 1800 1795 1790 1785 1780 1774 1770 1767 1764 1760 1757 1754 1753 1752 1751 1752 1752 1754 1755 1756 1757 1760 1761 1759 1755 1752 1753 1754 1757 1762 1768 1775 1782 1789 1795 1800 1804 1809 1814 1821 1829 1837 1845 1852 1859 1866 1872 1880 1887 1894 1902 1909 1918 1927 1937 1948 1958 1967
2172 2168 2161 2154 2146 2138 2133 2127 2121 2114 2104 2094 2082 2072 2063 2055 2049 2045 2041 2038 2035 2032 2029 2027 2025 2024 2023 2022 2020 2017 2012 2004 1995 1983 1970 1957 1942 1928 1914 1900 1891 1882 1874 1865 1855 1845 1834 1823 1814 1805 1799 1794 1791 1789 1786 1783 1781 1777 1771 1765 1763 1763 1763 1763 1763 1764 1764 1763 1763 1763 1764 1763 1763 1763 1763 1763 1763 1763 1763 1763 1763 1763 1763 1763 1763 1764 1764 1764 1764 1764 1764 1764 1764 1764 1764 1764 1764 1764 1764 1764 1764 1764 1764 1763 1763 1766 1772 1776 1780 1783 1786 1789 1791 1793 1796 1799 1802 1804 1806 1809 1811 1814 1816 1819 1822 1824 1826 1826 1826 1825 1824 1822 1821 1820 1816 1810 1808 1808 1808 1808 1807 1807 1807 1809 1811 1813 1815 1815 1816 1817 1820 1826 1834 1843 1852 1858 1862 1864 1866 1870 1874 1879 1883 1885 1887 1888 1890 1892 1895 1897 1897 1896 1897 1897 1896 1896 1895 1892 1889 1885 1880 1875 1869 1864 1859 1853 1847 1842 1839 1839 1838 1837 1834 1831 1827 1824 1819 1814 1808 1803 1797 1790 1783 1777 1773 1770 1767 1763 1759 1756 1754 1753 1752 1752 1752 1753 1755 1756 1757 1758 1761 1761 1758 1754 1753 1754 1756 1760 1766 1773 1780 1788 1795 1800 1803 1808 1813 1819 1826 1833 1841 1848 1855 1862 1868 1875 1883 1889 1897 1905 1914 1923 1932 1942 1951 1959
2165 2161 2155 2149 2141 2135 2130 2125 2119 2111 2101 2090 2078 2068 2060 2053 2048 2044 2041 2038 2034 2031 2028 2025 2023 2021 2020 2019 2017 2014 2009 2002 1994 1982 1969 1954 1938 1924 1909 1896 1886 1877 1869 1860 1850 1840 1829 1819 1809 1801 1794 1790 1787 1785 1782 1780 1778 1773 1767 1762 1762 1763 1764 1764 1764 1763 1763 1763 1763 1763 1763 1763 1763 1763 1763 1763 1763 1763 1763 1763 1763 1763 1763 1763 1763 1763 1763 1763 1763 1763 1763 1763 1763 1763 1763 1763 1763 1763 1763 1763 1763 1763 1764 1763 1763 1767 1774 1778 1781 1784 1787 1789 1791 1792 1794 1796 1798 1801 1802 1804 1806 1808 1811 1814 1816 1819 1821 1823 1823 1823 1823 1822 1820 1819 1817 1814 1812 1811 1810 1810 1809 1809 1810 1811 1814 1816 1818 1818 1817 1818 1822 1829 1837 1845 1853 1859 1864 1867 1869 1873 1878 1883 1887 1889 1891 1892 1893 1895 1897 1899 1898 1897 1898 1899 1899 1899 1899 1897 1895 1892 1888 1884 1879 1874 1869 1862 1855 1850 1846 1844 1843 1842 1841 1838 1835 1831 1826 1821 1815 1808 1801 1793 1786 1779 1774 1772 1769 1765 1761 1758 1755 1753 1752 1752 1752 1753 1754 1756 1756 1757 1760 1761 1760 1757 1755 1755 1756 1759 1764 1771 1779 1787 1794 1800 1804 1808 1812 1817 1823 1829 1837 1844 1850 1857 1863 1871 1877 1884 1892 1901 1910 1919 1928 1937 1945 1953
2156 2152 2148 2142 2137 2131 2127 2122 2115 2107 2096 2085 2074 2065 2058 2052 2047 2043 2040 2037 2033 2029 2025 2022 2019 2017 2015 2014 2013 2010 2006 1999 1991 1979 1966 1951 1934 1919 1904 1890 1881 1872 1863 1854 1844 1834 1823 1813 1804 1796 1790 1786 1783 1781 1778 1777 1774 1769 1765 1762 1762 1764 1764 1764 1763 1763 1763 1763 1763 1763 1763 1763 1763 1763 1763 1763 1763 1763 1763 1763 1763 1763 1763 1763 1763 1763 1763 1763 1763 1763 1763 1763 1763 1763 1763 1763 1763 1763 1763 1763 1763 1763 1764 1763 1763 1768 1775 1779 1782 1785 1787 1789 1791 1792 1793 1795 1797 1798 1800 1802 1804 1806 1808 1811 1814 1817 1819 1821 1822 1823 1823 1822 1821 1819 1818 1817 1815 1815 1814 1814 1813 1813 1813 1814 1817 1820 1822 1821 1821 1822 1826 1833 1841 1849 1856 1862 1867 1871 1874 1879 1883 1888 1892 1895 1897 1897 1898 1899 1900 1900 1900 1900 1901 1902 1903 1904 1904 1903 1902 1901 1898 1894 1890 1885 1880 1873 1865 1859 1854 1851 1850 1849 1848 1846 1843 1839 1833 1828 1821 1814 1806 1797 1789 1781 1776 1773 1770 1767 1764 1760 1757 1755 1753 1752 1752 1752 1754 1755 1756 1757 1759 1761 1761 1759 1756 1755 1756 1757 1761 1768 1777 1785 1793 1799 1803 1807 1810 1815 1820 1825 1832 1839 1846 1852 1858 1864 1871 1878 1886 1895 1904 1914 1923 1931 1939 1945
2148 2144 2141 2137 2133 2129 2124 2118 2111 2102 2091 2081 2071 2063 2056 2051 2047 2043 2039 2035 2030 2025 2021 2017 2015 2012 2010 2009 2008 2005 2001 1995 1987 1975 1962 1946 1929 1913 1899 1885 1876 1866 1857 1847 1837 1827 1816 1807 1798 1790 1785 1781 1778 1777 1775 1773 1771 1767 1764 1763 1763 1764 1763 1763 1763 1763 1763 1763 1763 1763 1763 1763 1763 1763 1763 1763 1763 1763 1763 1763 1763 1763 1763 1763 1763 1763 1763 1763 1763 1763 1763 1763 1763 1763 1763 1763 1763 1763 1763 1763 1763 1763 1764 1763 1763 1768 1775 1779 1782 1785 1788 1790 1791 1792 1794 1795 1796 1798 1800 1801 1804 1806 1808 1811 1813 1817 1820 1822 1823 1823 1824 1823 1822 1821 1820 1819 1819 1818 1818 1818 1818 1818 1818 1818 1820 1823 1825 1825 1825 1828 1832 1838 1845 1852 1860 1865 1871 1876 1880 1886 1890 1895 1898 1901 1902 1903 1903 1904 1903 1902 1902 1903 1904 1905 1906 1907 1908 1908 1909 1908 1906 1903 1900 1896 1890 1882 1874 1867 1862 1859 1856 1855 1854 1852 1849 1845 1839 1834 1826 1818 1809 1800 1790 1782 1776 1773 1771 1768 1766 1762 1759 1757 1755 1753 1753 1753 1754 1755 1757 1758 1759 1761 1762 1761 1757 1755 1755 1756 1760 1766 1774 1782 1791 1797 1802 1806 1809 1813 1817 1822 1829 1835 1841 1848 1853 1859 1865 1872 1880 1889 1898 1908 1917 1925 1932 1938
2139 2137 2134 2133 2130 2126 2121 2114 2106 2097 2086 2077 2068 2060 2055 2050 2046 2041 2037 2032 2027 2022 2017 2013 2010 2007 2005 2004 2002 2000 1996 1990 1982 1970 1956 1941 1923 1908 1893 1881 1871 1860 1850 1840 1829 1820 1810 1802 1793 1785 1779 1776 1773 1772 1771 1770 1767 1765 1763 1764 1764 1764 1763 1763 1763 1763 1763 1763 1763 1763 1763 1763 1763 1763 1763 1763 1763 1763 1763 1763 1763 1763 1763 1763 1763 1763 1763 1763 1763 1763 1763 1763 1763 1763 1763 1763 1763 1763 1763 1763 1763 1763 1763 1763 1764 1769 1775 1779 1782 1785 1789 1791 1792 1793 1794 1796 1797 1799 1800 1802 1805 1808 1810 1813 1815 1818 1821 1823 1824 1825 1825 1825 1824 1823 1823 1822 1822 1822 1823 1823 1823 1823 1823 1823 1824 1827 1829 1830 1831 1834 1838 1844 1850 1857 1864 1869 1875 1881 1887 1893 1897 1902 1905 1907 1908 1909 1909 1909 1907 1906 1906 1907 1908 1909 1910 1911 1912 1913 1914 1914 1913 1911 1908 1904 1898 1890 1882 1875 1870 1867 1864 1862 1860 1858 1855 1850 1845 1839 1830 1821 1811 1801 1792 1784 1777 1774 1772 1770 1768 1765 1762 1759 1757 1755 1754 1753 1754 1755 1757 1758 1759 1761 1763 1762 1758 1755 1754 1755 1758 1763 1770 1778 1787 1794 1800 1804 1807 1811 1815 1820 1826 1832 1838 1844 1849 1854 1860 1867 1876 1884 1893 1903 1911 1919 1925 1930
2128 2127 2127 2126 2125 2122 2117 2110 2101 2091 2081 2072 2063 2057 2052 2047 2043 2038 2033 2028 2022 2017 2012 2007 2003 2001 1999 1998 1996 1993 1989 1983 1975 1963 1949 1934 1916 1901 1887 1875 1865 1854 1843 1833 1821 1812 1803 1795 1787 1778 1773 1770 1768 1768 1767 1766 1765 1764 1763 1763 1763 1763 1763 1763 1763 1763 1763 1763 1763 1763 1763 1763 1763 1763 1763 1763 1763 1763 1763 1763 1763 1763 1763 1763 1763 1763 1763 1763 1763 1763 1763 1763 1763 1763 1763 1763 1763 1763 1763 1763 1763 1763 1763 1763 1765 1770 1775 1779 1782 1786 1790 1792 1794 1795 1797 1798 1800 1801 1803 1805 1807 1811 1814 1816 1818 1820 1823 1826 1826 1827 1827 1827 1827 1828 1828 1828 1828 1828 1828 1829 1830 1830 1830 1830 1831 1833 1835 1837 1838 1842 1846 1851 1856 1863 1869 1875 1881 1888 1894 1900 1905 1909 1912 1914 1915 1916 1916 1915 1914 1913 1913 1913 1914 1914 1915 1916 1918 1919 1920 1920 1919 1918 1915 1911 1905 1898 1889 1882 1878 1875 1872 1869 1865 1863 1859 1855 1850 1844 1834 1824 1815 1804 1795 1787 1780 1776 1774 1772 1770 1767 1764 1761 1759 1757 1756 1755 1755 1756 1758 1759 1760 1761 1763 1762 1759 1755 1753 1755 1757 1760 1766 1773 1782 1789 1796 1801 1805 1809 1814 1819 1825 1830 1836 1841 1846 1851 1857 1864 1872 1879 1888 1896 1904 1911 1917 1923
2118 2118 2118 2119 2119 2117 2113 2105 2096 2086 2076 2068 2060 2053 2048 2043 2039 2034 2029 2024 2017 2012 2006 2001 1998 1995 1993 1992 1989 1986 1982 1976 1968 1956 1943 1928 1910 1895 1882 1870 1860 1848 1837 1827 1817 1808 1798 1787 1777 1771 1768 1765 1765 1765 1765 1764 1763 1763 1763 1763 1763 1763 1763 1763 1763 1763 1763 1763 1763 1763 1763 1763 1763 1763 1763 1763 1763 1763 1763 1763 1763 1763 1763 1763 1763 1763 1763 1763 1763 1763 1763 1763 1763 1763 1763 1763 1763 1763 1764 1764 1764 1764 1763 1763 1766 1771 1776 1780 1783 1787 1791 1794 1797 1798 1800 1802 1804 1805 1806 1808 1811 1815 1818 1820 1822 1824 1827 1828 1829 1829 1830 1830 1831 1832 1833 1834 1834 1834 1835 1836 1838 1839 1839 1839 1839 1840 1842 1844 1846 1849 1853 1858 1863 1869 1876 1881 1887 1893 1899 1905 1910 1915 1918 1920 1920 1921 1921 1920 1920 1920 1920 1920 1920 1920 1920 1921 1922 1923 1924 1924 1923 1922 1920 1916 1911 1903 1895 1888 1884 1882 1879 1874 1870 1866 1863 1858 1853 1847 1838 1828 1819 1809 1800 1791 1784 1779 1776 1774 1772 1769 1767 1764 1761 1759 1758 1756 1756 1757 1758 1760 1761 1762 1763 1763 1760 1756 1754 1755 1756 1758 1762 1768 1776 1784 1792 1798 1803 1808 1813 1819 1824 1829 1834 1840 1844 1850 1855 1862 1869 1876 1884 1891 1897 1904 1910 1916
2106 2106 2106 2108 2110 2109 2106 2099 2090 2080 2070 2062 2054 2048 2043 2038 2033 2028 2023 2017 2011 2005 1999 1994 1990 1988 1985 1983 1980 1977 1973 1967 1960 1949 1936 1921 1903 1888 1875 1863 1853 1842 1831 1821 1813 1804 1790 1776 1767 1765 1764 1763 1763 1763 1763 1763 1763 1763 1763 1763 1763 1763 1763 1763 1763 1763 1763 1763 1763 1763 1763 1763 1763 1763 1763 1763 1763 1763 1763 1763 1763 1763 1763 1763 1763 1763 1763 1763 1763 1763 1764 1764 1764 1764 1764 1764 1763 1764 1764 1765 1765 1765 1764 1764 1767 1773 1778 1782 1785 1789 1793 1797 1801 1803 1805 1808 1809 1810 1811 1812 1815 1819 1822 1825 1827 1829 1830 1832 1833 1834 1835 1836 1838 1839 1841 1842 1843 1844 1845 1847 1849 1851 1851 1850 1849 1850 1853 1855 1858 1860 1863 1867 1872 1878 1885 1890 1895 1900 1905 1910 1915 1921 1924 1926 1927 1927 1928 1927 1927 1928 1928 1928 1927 1927 1927 1928 1929 1929 1930 1930 1929 1928 1926 1922 1917 1910 1902 1896 1891 1888 1884 1880 1876 1870 1866 1862 1857 1851 1843 1835 1826 1816 1808 1798 1790 1784 1780 1777 1775 1772 1770 1767 1764 1762 1760 1759 1758 1758 1759 1760 1761 1763 1764 1764 1762 1758 1755 1756 1756 1756 1759 1764 1771 1779 1787 1795 1801 1806 1812 1817 1823 1827 1832 1838 1842 1848 1854 1860 1867 1873 1879 1885 1890 1897 1903 1909
2095 2094 2094 2097 2099 2099 2097 2092 2083 2074 2064 2056 2049 2043 2037 2032 2027 2022 2016 2011 2005 1998 1993 1987 1984 1980 1978 1975 1972 1969 1965 1959 1952 1941 1929 1914 1897 1882 1868 1856 1847 1836 1826 1817 1810 1798 1782 1767 1761 1762 1763 1762 1763 1763 1763 1763 1763 1763 1763 1763 1763 1763 1763 1763 1763 1763 1763 1763 1763 1763 1763 1763 1763 1763 1763 1763 1763 1763 1763 1763 1763 1763 1763 1763 1763 1764 1764 1764 1763 1763 1763 1763 1763 1763 1763 1763 1763 1763 1763 1763 1764 1764 1762 1762 1767 1775 1782 1786 1789 1793 1797 1802 1806 1809 1812 1813 1814 1815 1815 1817 1820 1823 1826 1829 1831 1833 1834 1835 1837 1838 1840 1842 1844 1847 1849 1851 1853 1854 1855 1858 1861 1863 1863 1861 1860 1861 1864 1867 1869 1871 1873 1877 1882 1888 1894 1898 1902 1907 1911 1915 1920 1925 1929 1931 1932 1933 1933 1934 1934 1935 1935 1934 1934 1934 1934 1934 1935 1935 1936 1936 1935 1934 1932 1928 1923 1916 1908 1901 1895 1892 1888 1884 1880 1874 1869 1864 1859 1854 1847 1841 1834 1825 1816 1806 1797 1790 1784 1780 1777 1775 1772 1769 1767 1765 1763 1761 1760 1759 1760 1761 1762 1763 1764 1765 1764 1761 1758 1757 1756 1756 1757 1761 1768 1776 1784 1792 1798 1804 1810 1815 1821 1826 1831 1836 1841 1847 1852 1858 1864 1870 1875 1880 1885 1891 1896 1902
2084 2082 2082 2083 2086 2087 2086 2081 2074 2065 2056 2049 2042 2036 2031 2025 2020 2015 2009 2004 1998 1992 1986 1980 1976 1973 1969 1966 1963 1960 1956 1950 1944 1934 1922 1908 1890 1875 1862 1850 1840 1830 1822 1814 1805 1789 1771 1762 1761 1762 1763 1763 1763 1763 1763 1763 1763 1763 1763 1763 1763 1763 1763 1763 1763 1763 1763 1763 1763 1763 1763 1763 1763 1763 1763 1763 1763 1763 1763 1764 1764 1764 1763 1764 1764 1765 1765 1765 1764 1764 1764 1764 1764 1764 1764 1764 1764 1764 1762 1761 1761 1761 1758 1759 1767 1778 1787 1791 1794 1799 1804 1808 1812 1815 1818 1820 1820 1820 1820 1822 1825 1828 1831 1834 1836 1837 1839 1840 1842 1843 1846 1849 1853 1857 1860 1862 1864 1865 1868 1870 1874 1876 1875 1873 1872 1874 1877 1880 1883 1884 1886 1889 1893 1899 1904 1908 1912 1915 1918 1922 1926 1931 1935 1937 1939 1939 1940 1941 1942 1942 1942 1941 1941 1941 1941 1942 1942 1943 1944 1945 1944 1942 1939 1935 1929 1922 1915 1907 1900 1896 1892 1888 1884 1878 1872 1867 1862 1857 1852 1848 1842 1835 1827 1816 1806 1797 1790 1785 1781 1778 1775 1772 1770 1768 1765 1764 1762 1761 1761 1761 1762 1764 1765 1766 1766 1764 1761 1759 1757 1756 1757 1760 1766 1773 1781 1789 1796 1801 1807 1813 1819 1824 1829 1834 1839 1844 1850 1856 1861 1866 1871 1875 1879 1884 1889 1895
2076 2072 2070 2070 2072 2074 2073 2069 2063 2056 2048 2041 2035 2029 2024 2018 2014 2009 2003 1998 1992 1986 1980 1974 1970 1966 1962 1958 1955 1951 1947 1942 1937 1928 1916 1901 1883 1868 1855 1844 1835 1825 1818 1810 1797 1779 1763 1760 1764 1764 1764 1764 1763 1763 1763 1763 1763 1763 1763 1763 1763 1763 1763 1763 1763 1763 1763 1763 1763 1763 1763 1763 1763 1763 1763 1763 1763 1763 1763 1763 1763 1764 1763 1763 1764 1764 1764 1764 1764 1763 1763 1763 1763 1763 1763 1763 1763 1763 1762 1761 1760 1760 1759 1761 1772 1784 1793 1798 1801 1807 1811 1814 1818 1821 1824 1824 1824 1824 1825 1827 1829 1832 1835 1837 1839 1841 1842 1845 1847 1849 1853 1857 1862 1867 1870 1873 1875 1877 1879 1882 1885 1887 1887 1885 1884 1886 1890 1893 1896 1897 1899 1901 1905 1910 1915 1918 1922 1925 1928 1931 1935 1939 1942 1945 1946 1947 1948 1948 1949 1949 1949 1948 1948 1948 1949 1949 1951 1952 1954 1954 1953 1951 1948 1942 1936 1928 1920 1912 1905 1899 1895 1891 1888 1882 1876 1871 1866 1861 1857 1854 1850 1844 1836 1826 1816 1806 1797 1791 1786 1782 1778 1775 1773 1770 1768 1766 1764 1762 1762 1762 1763 1764 1765 1767 1767 1766 1764 1761 1759 1757 1757 1760 1765 1772 1779 1787 1792 1798 1804 1809 1816 1821 1826 1831 1836 1841 1847 1852 1858 1862 1866 1870 1874 1879 1884 1889
2068 2064 2061 2060 2061 2061 2061 2057 2053 2047 2040 2034 2028 2023 2018 2013 2008 2003 1998 1993 1987 1981 1975 1969 1965 1960 1956 1952 1948 1944 1940 1936 1931 1923 1911 1895 1878 1862 1849 1838 1830 1820 1814 1805 1789 1771 1760 1761 1765 1764 1764 1764 1764 1764 1764 1764 1763 1763 1763 1763 1763 1763 1763 1763 1763 1763 1763 1763 1763 1763 1763 1763 1763 1763 1764 1764 1764 1764 1764 1764 1764 1764 1764 1764 1763 1762 1761 1761 1761 1761 1761 1761 1760 1760 1760 1760 1759 1760 1762 1765 1765 1764 1765 1772 1783 1794 1800 1804 1808 1813 1817 1820 1822 1825 1827 1827 1827 1827 1828 1830 1833 1835 1838 1840 1842 1844 1846 1849 1851 1855 1861 1866 1871 1876 1880 1883 1886 1888 1890 1893 1895 1897 1896 1894 1895 1898 1901 1905 1907 1909 1910 1913 1916 1921 1925 1929 1932 1935 1938 1942 1945 1948 1951 1953 1955 1956 1956 1956 1956 1956 1956 1955 1955 1955 1956 1957 1959 1961 1963 1963 1962 1960 1955 1949 1942 1933 1924 1916 1909 1903 1898 1894 1890 1885 1881 1876 1871 1867 1863 1860 1856 1851 1845 1836 1826 1816 1806 1798 1792 1786 1782 1779 1776 1773 1770 1768 1766 1764 1763 1762 1762 1764 1765 1766 1767 1766 1765 1763 1761 1759 1759 1761 1765 1771 1777 1784 1789 1794 1800 1806 1812 1818 1823 1829 1833 1838 1843 1848 1854 1858 1862 1866 1869 1874 1879 1884
2060 2056 2052 2050 2050 2049 2048 2045 2042 2037 2031 2026 2022 2017 2012 2007 2003 1998 1993 1988 1983 1977 1971 1966 1961 1956 1951 1947 1942 1938 1934 1930 1926 1917 1905 1889 1872 1857 1844 1833 1825 1815 1809 1798 1779 1765 1761 1762 1764 1764 1763 1763 1763 1763 1763 1763 1763 1763 1763 1763 1763 1763 1763 1763 1763 1763 1763 1763 1763 1763 1763 1763 1763 1763 1764 1764 1765 1765 1764 1764 1764 1764 1764 1764 1762 1760 1760 1760 1761 1762 1762 1762 1761 1761 1762 1761 1760 1763 1769 1775 1776 1775 1779 1789 1799 1804 1807 1811 1815 1819 1822 1825 1826 1827 1829 1830 1830 1830 1832 1834 1837 1839 1842 1843 1845 1848 1850 1853 1857 1863 1870 1875 1880 1885 1890 1894 1896 1898 1900 1902 1903 1905 1905 1905 1906 1909 1913 1916 1918 1920 1922 1924 1927 1931 1936 1940 1944 1947 1950 1954 1957 1960 1963 1965 1966 1966 1966 1966 1965 1964 1964 1964 1964 1963 1964 1966 1968 1971 1973 1973 1972 1969 1963 1956 1948 1938 1929 1921 1914 1908 1902 1898 1894 1890 1887 1883 1878 1874 1870 1867 1863 1858 1852 1845 1836 1827 1817 1808 1799 1792 1787 1783 1779 1776 1773 1770 1768 1766 1764 1763 1763 1763 1764 1765 1765 1765 1765 1764 1763 1762 1761 1762 1766 1771 1776 1781 1786 1790 1796 1801 1808 1815 1820 1825 1830 1834 1839 1844 1849 1853 1857 1861 1865 1870 1875 1880
2054 2050 2046 2043 2042 2041 2039 2037 2033 2029 2024 2020 2016 2011 2007 2002 1998 1994 1990 1985 1980 1975 1970 1964 1959 1953 1948 1944 1938 1934 1930 1926 1921 1912 1900 1885 1868 1853 1840 1829 1821 1812 1804 1791 1772 1762 1763 1764 1764 1763 1763 1763 1763 1763 1763 1763 1763 1763 1763 1763 1763 1763 1763 1763 1763 1763 1763 1763 1763 1764 1764 1764 1764 1764 1763 1763 1763 1762 1762 1761 1761 1761 1761 1761 1762 1762 1762 1762 1765 1769 1771 1771 1771 1771 1772 1772 1771 1774 1782 1789 1791 1791 1796 1804 1811 1813 1813 1816 1819 1822 1825 1827 1827 1828 1829 1830 1832 1833 1835 1838 1841 1843 1845 1846 1848 1851 1854 1858 1863 1870 1877 1883 1887 1893 1898 1902 1905 1906 1907 1907 1909 1910 1912 1914 1916 1919 1922 1925 1927 1929 1931 1933 1936 1940 1944 1949 1954 1958 1962 1965 1968 1971 1974 1975 1976 1976 1976 1975 1974 1973 1972 1972 1972 1972 1972 1974 1977 1980 1981 1981 1979 1976 1970 1962 1953 1943 1934 1925 1918 1912 1907 1902 1898 1895 1893 1890 1886 1882 1877 1873 1868 1863 1858 1852 1845 1836 1826 1817 1807 1798 1791 1786 1782 1779 1775 1772 1770 1767 1765 1764 1763 1764 1764 1764 1764 1764 1764 1765 1765 1765 1764 1764 1767 1770 1775 1779 1783 1787 1792 1798 1805 1811 1817 1823 1827 1831 1835 1840 1844 1849 1853 1858 1862 1867 1872 1877
2046 2042 2038 2035 2033 2032 2031 2028 2025 2021 2017 2013 2009 2005 2000 1996 1993 1990 1986 1982 1978 1973 1968 1963 1958 1952 1947 1942 1936 1931 1926 1921 1916 1907 1894 1880 1864 1849 1836 1825 1817 1807 1798 1785 1768 1761 1763 1764 1764 1763 1763 1763 1763 1763 1763 1763 1763 1763 1763 1763 1763 1763 1763 1763 1763 1763 1763 1763 1764 1764 1765 1765 1765 1765 1764 1762 1760 1759 1760 1761 1760 1760 1759 1759 1765 1770 1770 1771 1776 1782 1786 1787 1788 1790 1791 1792 1792 1794 1799 1805 1807 1809 1812 1816 1818 1819 1819 1821 1823 1824 1826 1828 1828 1829 1831 1833 1835 1837 1840 1843 1846 1848 1850 1851 1852 1856 1859 1864 1870 1877 1885 1890 1895 1900 1905 1909 1912 1913 1913 1913 1914 1917 1920 1924 1927 1929 1932 1935 1937 1938 1940 1942 1945 1949 1954 1959 1964 1969 1973 1977 1980 1983 1985 1986 1987 1987 1986 1985 1984 1983 1982 1981 1981 1981 1982 1984 1987 1989 1990 1989 1987 1983 1977 1969 1960 1950 1941 1932 1925 1919 1913 1909 1906 1904 1901 1899 1895 1891 1885 1880 1875 1870 1865 1860 1853 1846 1836 1827 1817 1806 1797 1791 1786 1782 1778 1775 1772 1770 1768 1766 1765 1765 1765 1764 1763 1764 1765 1767 1768 1767 1766 1766 1768 1770 1773 1776 1780 1784 1789 1794 1801 1808 1814 1820 1824 1828 1832 1836 1840 1845 1849 1854 1858 1863 1869 1874
2039 2036 2032 2030 2028 2026 2025 2023 2019 2015 2011 2007 2003 1998 1995 1991 1989 1986 1984 1981 1977 1972 1968 1963 1958 1953 1947 1941 1935 1929 1924 1918 1912 1902 1890 1876 1860 1846 1833 1822 1813 1803 1793 1781 1767 1762 1763 1764 1763 1763 1763 1763 1763 1763 1763 1763 1763 1763 1763 1763 1763 1763 1763 1763 1763 1763 1763 1763 1763 1763 1764 1763 1763 1762 1762 1761 1760 1761 1765 1767 1767 1767 1766 1767 1775 1783 1783 1784 1790 1796 1800 1802 1804 1807 1809 1810 1810 1812 1814 1816 1819 1821 1822 1822 1822 1822 1823 1823 1824 1825 1826 1827 1829 1831 1833 1835 1838 1842 1846 1849 1852 1853 1855 1856 1857 1861 1864 1869 1875 1882 1890 1895 1900 1906 1910 1914 1916 1917 1917 1917 1919 1923 1928 1932 1935 1937 1940 1942 1944 1945 1946 1949 1952 1955 1961 1966 1972 1977 1982 1986 1989 1991 1993 1995 1995 1994 1993 1992 1992 1991 1989 1988 1988 1989 1990 1992 1994 1995 1996 1995 1993 1989 1983 1974 1965 1956 1947 1939 1932 1926 1920 1917 1914 1912 1910 1907 1904 1900 1893 1887 1881 1875 1870 1865 1859 1852 1844 1835 1825 1814 1804 1797 1791 1786 1781 1778 1775 1772 1770 1768 1767 1766 1765 1764 1763 1764 1766 1768 1770 1769 1769 1768 1769 1770 1772 1774 1777 1781 1787 1792 1799 1806 1812 1818 1822 1826 1830 1833 1838 1842 1846 1850 1855 1860 1866 1871
2032 2029 2027 2024 2022 2020 2019 2016 2012 2008 2004 2000 1996 1992 1988 1986 1984 1983 1981 1979 1975 1972 1968 1963 1959 1954 1948 1941 1934 1928 1922 1915 1907 1897 1885 1872 1857 1843 1831 1820 1810 1799 1789 1778 1768 1763 1763 1764 1764 1763 1763 1763 1763 1763 1763 1763 1763 1763 1763 1763 1763 1763 1763 1764 1764 1764 1764 1764 1763 1762 1760 1760 1760 1759 1759 1762 1765 1770 1777 1781 1782 1783 1783 1785 1791 1798 1800 1800 1803 1806 1809 1811 1814 1818 1820 1821 1821 1822 1822 1823 1824 1825 1826 1826 1825 1825 1825 1825 1825 1825 1827 1828 1831 1833 1837 1840 1843 1848 1852 1855 1858 1859 1861 1862 1864 1866 1869 1873 1880 1887 1894 1900 1905 1911 1915 1918 1920 1921 1922 1924 1927 1931 1935 1939 1941 1944 1947 1949 1950 1951 1952 1954 1957 1961 1966 1972 1978 1984 1989 1993 1995 1997 1999 2000 2000 1999 1998 1997 1996 1996 1995 1995 1995 1995 1997 1998 1999 2000 2001 2000 1998 1995 1988 1980 1971 1962 1955 1948 1941 1935 1930 1927 1924 1922 1920 1917 1914 1909 1901 1894 1887 1881 1875 1870 1864 1858 1850 1843 1833 1823 1813 1804 1796 1790 1785 1781 1777 1775 1773 1771 1769 1767 1766 1764 1763 1764 1766 1769 1771 1771 1771 1771 1771 1771 1771 1773 1775 1780 1785 1791 1798 1804 1810 1816 1820 1824 1828 1831 1836 1840 1843 1847 1852 1857 1862 1868
2026 2024 2021 2019 2017 2015 2013 2009 2005 2001 1997 1993 1989 1985 1983 1981 1980 1979 1978 1977 1974 1971 1968 1964 1961 1955 1949 1942 1935 1928 1920 1912 1904 1893 1881 1868 1853 1840 1828 1817 1807 1796 1787 1777 1769 1764 1763 1763 1764 1763 1763 1763 1763 1763 1763 1763 1763 1763 1763 1763 1763 1763 1763 1764 1764 1764 1764 1763 1763 1761 1759 1760 1762 1762 1764 1770 1777 1785 1793 1798 1799 1800 1802 1803 1807 1811 1812 1812 1812 1812 1813 1816 1820 1823 1824 1825 1825 1825 1824 1824 1824 1825 1826 1826 1826 1826 1825 1825 1825 1826 1828 1830 1834 1838 1842 1846 1849 1854 1858 1862 1864 1865 1867 1869 1870 1871 1873 1876 1882 1889 1895 1902 1908 1914 1919 1922 1923 1924 1927 1930 1934 1938 1941 1944 1946 1948 1951 1952 1954 1954 1956 1958 1961 1965 1970 1975 1982 1988 1993 1997 1999 2000 2001 2001 2001 2000 1998 1997 1996 1997 1997 1997 1997 1998 1999 2001 2002 2003 2003 2003 2002 1998 1992 1984 1977 1969 1962 1956 1950 1946 1941 1938 1935 1933 1931 1927 1923 1917 1909 1901 1893 1886 1880 1874 1868 1862 1855 1848 1840 1831 1821 1811 1802 1795 1788 1784 1780 1777 1775 1772 1770 1768 1766 1765 1764 1765 1767 1770 1772 1773 1774 1774 1774 1773 1772 1773 1775 1780 1785 1791 1798 1804 1809 1814 1818 1822 1827 1831 1835 1838 1842 1845 1849 1854 1859 1865
2019 2018 2016 2014 2011 2009 2007 2003 1999 1995 1991 1986 1982 1979 1978 1976 1976 1976 1975 1974 1973 1971 1968 1965 1962 1957 1951 1944 1936 1928 1920 1911 1901 1890 1878 1865 1850 1837 1825 1814 1804 1794 1784 1777 1769 1765 1763 1763 1763 1763 1763 1763 1763 1763 1763 1763 1763 1763 1763 1763 1764 1764 1763 1763 1762 1762 1761 1761 1762 1763 1764 1767 1772 1777 1781 1787 1794 1801 1807 1809 1811 1812 1813 1814 1815 1816 1817 1817 1817 1816 1817 1820 1824 1826 1827 1827 1827 1826 1825 1825 1824 1824 1825 1825 1825 1825 1824 1824 1824 1826 1829 1833 1838 1843 1848 1852 1856 1860 1864 1868 1870 1871 1873 1875 1875 1875 1876 1879 1884 1889 1896 1903 1910 1917 1921 1924 1926 1927 1931 1935 1939 1942 1944 1946 1949 1951 1953 1953 1954 1955 1957 1960 1963 1967 1971 1977 1983 1989 1994 1998 1999 2000 2000 2000 1999 1997 1995 1994 1993 1994 1995 1995 1996 1997 1998 2000 2002 2003 2004 2004 2003 2000 1994 1988 1981 1975 1969 1965 1960 1956 1953 1949 1945 1943 1940 1936 1930 1924 1915 1906 1898 1890 1884 1877 1871 1865 1857 1852 1845 1837 1828 1817 1807 1799 1792 1786 1782 1779 1776 1773 1771 1768 1767 1765 1764 1765 1768 1771 1774 1775 1776 1777 1777 1775 1774 1774 1776 1781 1786 1792 1798 1804 1809 1814 1817 1822 1826 1830 1834 1837 1841 1844 1847 1852 1856 1862
2012 2011 2009 2007 2005 2003 2000 1997 1993 1989 1984 1980 1976 1974 1972 1971 1971 1972 1972 1972 1971 1970 1968 1966 1963 1959 1953 1946 1937 1928 1919 1909 1899 1887 1875 1861 1846 1833 1822 1812 1802 1792 1783 1775 1769 1765 1763 1763 1763 1763 1763 1763 1763 1763 1763 1763 1763 1763 1763 1764 1764 1764 1764 1762 1761 1761 1760 1760 1765 1770 1775 1781 1789 1797 1803 1806 1810 1814 1815 1815 1816 1816 1816 1816 1816 1816 1817 1818 1818 1819 1821 1823 1825 1827 1827 1827 1827 1826 1826 1825 1825 1824 1824 1825 1824 1824 1823 1824 1825 1828 1833 1838 1845 1850 1855 1859 1863 1868 1871 1874 1877 1878 1880 1880 1880 1879 1879 1881 1885 1890 1896 1903 1911 1918 1923 1927 1929 1931 1935 1939 1942 1944 1945 1948 1950 1952 1953 1952 1953 1955 1957 1960 1963 1966 1971 1976 1981 1987 1991 1995 1996 1997 1996 1994 1993 1991 1989 1988 1988 1988 1989 1990 1992 1993 1995 1997 1999 2001 2002 2003 2003 2000 1995 1990 1985 1980 1977 1973 1970 1967 1964 1960 1957 1953 1949 1944 1938 1931 1921 1912 1903 1894 1887 1880 1874 1867 1860 1855 1849 1841 1832 1822 1812 1803 1795 1790 1785 1781 1777 1774 1771 1769 1768 1766 1765 1766 1769 1773 1776 1778 1779 1780 1780 1779 1778 1778 1779 1783 1788 1793 1799 1804 1808 1813 1817 1821 1826 1829 1833 1837 1840 1843 1845 1849 1854 1859
2005 2004 2003 2002 2000 1998 1996 1992 1988 1984 1979 1975 1972 1969 1968 1967 1967 1968 1969 1969 1969 1969 1968 1966 1964 1960 1955 1947 1938 1929 1920 1909 1899 1886 1874 1860 1844 1831 1820 1810 1801 1791 1782 1775 1769 1766 1764 1764 1764 1763 1763 1763 1763 1763 1763 1763 1763 1763 1763 1763 1763 1763 1763 1763 1763 1763 1764 1768 1775 1783 1791 1797 1803 1811 1816 1816 1818 1819 1817 1816 1816 1816 1816 1815 1814 1814 1816 1817 1818 1820 1822 1823 1825 1825 1826 1826 1825 1825 1824 1824 1824 1823 1823 1823 1823 1823 1823 1824 1827 1831 1837 1844 1851 1857 1862 1866 1870 1874 1877 1881 1883 1885 1885 1884 1883 1882 1882 1884 1887 1891 1897 1904 1911 1919 1924 1929 1932 1934 1937 1941 1943 1945 1946 1949 1950 1951 1951 1951 1951 1953 1955 1958 1960 1964 1967 1972 1977 1981 1986 1989 1990 1990 1989 1987 1986 1984 1982 1981 1981 1982 1982 1984 1986 1988 1990 1993 1995 1998 1999 2000 2000 1998 1995 1991 1988 1985 1982 1980 1978 1976 1973 1970 1966 1962 1957 1952 1945 1937 1926 1917 1907 1897 1889 1882 1875 1869 1862 1857 1851 1843 1834 1823 1814 1806 1798 1792 1787 1782 1778 1774 1772 1770 1769 1768 1767 1767 1770 1774 1778 1781 1782 1783 1783 1783 1782 1782 1783 1786 1790 1795 1800 1804 1809 1813 1817 1821 1826 1829 1833 1836 1839 1841 1844 1847 1851 1856
1996 1996 1996 1995 1994 1993 1991 1987 1984 1979 1975 1971 1967 1965 1963 1963 1964 1965 1966 1967 1968 1968 1967 1966 1965 1961 1956 1948 1939 1929 1919 1908 1898 1885 1872 1858 1842 1830 1819 1809 1800 1790 1782 1776 1770 1767 1766 1765 1765 1764 1764 1763 1763 1763 1763 1763 1763 1764 1763 1763 1762 1762 1762 1765 1767 1769 1773 1782 1790 1797 1805 1809 1812 1815 1817 1816 1816 1816 1815 1815 1814 1814 1814 1814 1814 1815 1817 1818 1820 1821 1822 1823 1824 1824 1824 1824 1824 1824 1823 1823 1823 1823 1823 1823 1824 1824 1826 1828 1832 1837 1844 1851 1858 1864 1869 1873 1877 1881 1885 1889 1891 1892 1891 1889 1888 1888 1888 1889 1891 1894 1900 1907 1913 1920 1925 1931 1934 1936 1938 1941 1944 1946 1947 1949 1950 1950 1950 1950 1950 1952 1953 1955 1957 1960 1963 1966 1970 1974 1977 1981 1982 1981 1980 1979 1978 1976 1975 1974 1975 1975 1976 1978 1980 1982 1985 1988 1991 1993 1995 1995 1995 1995 1994 1992 1990 1988 1987 1986 1984 1983 1981 1979 1976 1971 1966 1960 1952 1943 1933 1922 1912 1900 1892 1885 1878 1872 1865 1860 1854 1845 1835 1824 1816 1809 1802 1796 1791 1785 1780 1776 1773 1773 1772 1770 1769 1769 1772 1776 1780 1783 1785 1786 1787 1787 1786 1787 1788 1790 1793 1796 1801 1805 1809 1813 1817 1821 1825 1828 1831 1834 1837 1840 1842 1845 1849 1853
1989 1989 1989 1989 1989 1988 1987 1984 1981 1976 1972 1968 1964 1962 1961 1960 1961 1963 1965 1966 1967 1966 1966 1966 1965 1962 1956 1949 1939 1930 1920 1908 1898 1885 1871 1856 1841 1829 1818 1808 1799 1790 1783 1776 1771 1769 1768 1767 1766 1766 1765 1764 1763 1763 1763 1763 1763 1763 1763 1763 1763 1763 1765 1769 1774 1776 1782 1793 1800 1805 1811 1813 1813 1812 1811 1810 1810 1809 1810 1810 1810 1811 1812 1813 1814 1816 1818 1819 1821 1822 1822 1822 1822 1822 1823 1823 1823 1822 1822 1823 1824 1824 1824 1825 1827 1829 1832 1835 1839 1845 1852 1859 1865 1870 1875 1880 1884 1888 1892 1895 1897 1897 1896 1894 1894 1894 1894 1895 1896 1899 1905 1910 1916 1921 1926 1932 1935 1937 1939 1940 1942 1945 1947 1948 1948 1948 1948 1948 1949 1949 1950 1951 1953 1955 1957 1959 1962 1965 1968 1971 1972 1971 1970 1970 1970 1969 1968 1968 1969 1969 1971 1972 1974 1977 1980 1983 1986 1988 1990 1990 1990 1991 1991 1991 1990 1990 1989 1989 1988 1988 1986 1984 1982 1977 1972 1966 1957 1948 1937 1927 1915 1903 1894 1887 1881 1875 1868 1863 1856 1846 1836 1825 1817 1811 1805 1799 1794 1788 1782 1778 1776 1775 1774 1772 1771 1771 1773 1777 1781 1784 1787 1789 1790 1790 1791 1791 1792 1793 1795 1798 1801 1805 1809 1813 1817 1821 1825 1828 1831 1833 1835 1838 1840 1843 1847 1851
1983 1983 1983 1983 1983 1983 1983 1981 1977 1973 1969 1966 1962 1960 1958 1958 1960 1961 1963 1965 1966 1965 1965 1965 1965 1962 1956 1949 1939 1929 1919 1908 1897 1883 1869 1854 1839 1827 1817 1807 1799 1790 1783 1777 1772 1770 1769 1768 1768 1767 1766 1765 1764 1763 1763 1763 1763 1763 1763 1763 1766 1768 1770 1775 1780 1783 1788 1796 1801 1804 1807 1808 1807 1806 1805 1804 1803 1804 1805 1806 1807 1808 1810 1812 1815 1817 1819 1820 1821 1822 1822 1821 1821 1821 1821 1822 1822 1822 1823 1824 1825 1826 1827 1830 1833 1837 1841 1845 1850 1855 1861 1867 1873 1877 1882 1886 1891 1896 1899 1902 1902 1901 1901 1901 1901 1901 1901 1902 1903 1906 1911 1915 1919 1924 1928 1933 1936 1938 1939 1940 1941 1943 1944 1946 1946 1946 1947 1947 1947 1947 1947 1948 1949 1950 1952 1953 1955 1958 1960 1962 1962 1962 1962 1963 1964 1964 1963 1964 1964 1965 1966 1968 1971 1973 1976 1979 1982 1984 1985 1985 1986 1986 1987 1989 1989 1990 1990 1991 1991 1990 1989 1988 1985 1981 1977 1970 1960 1952 1942 1931 1919 1907 1898 1891 1884 1879 1873 1867 1859 1849 1838 1828 1820 1814 1808 1803 1797 1791 1786 1781 1779 1778 1776 1774 1772 1771 1773 1776 1781 1784 1788 1791 1793 1794 1795 1796 1796 1797 1798 1800 1802 1805 1809 1813 1816 1820 1824 1827 1830 1832 1834 1837 1839 1842 1845 1849
1976 1977 1977 1978 1978 1979 1978 1977 1974 1971 1968 1964 1961 1958 1957 1957 1958 1960 1963 1964 1965 1965 1965 1966 1966 1963 1957 1949 1939 1929 1918 1906 1895 1880 1865 1851 1836 1825 1815 1806 1798 1790 1784 1778 1773 1771 1770 1769 1769 1768 1768 1766 1765 1763 1763 1763 1763 1763 1763 1765 1769 1773 1776 1779 1783 1787 1790 1793 1795 1797 1798 1799 1799 1799 1799 1799 1799 1800 1801 1803 1805 1808 1810 1813 1815 1817 1819 1820 1821 1821 1821 1820 1820 1821 1821 1822 1822 1823 1824 1826 1828 1830 1833 1836 1841 1846 1850 1855 1860 1865 1870 1875 1880 1884 1888 1892 1897 1902 1906 1907 1906 1906 1907 1909 1909 1910 1910 1911 1913 1915 1918 1921 1923 1927 1931 1934 1937 1938 1939 1939 1939 1940 1942 1943 1944 1945 1946 1945 1945 1945 1946 1947 1947 1948 1949 1950 1952 1953 1955 1955 1955 1955 1957 1959 1960 1961 1961 1961 1961 1962 1963 1965 1968 1971 1973 1976 1978 1980 1981 1981 1982 1983 1984 1986 1988 1989 1990 1990 1991 1991 1990 1989 1987 1983 1978 1971 1963 1955 1947 1936 1925 1913 1904 1896 1889 1883 1877 1872 1863 1852 1841 1831 1823 1817 1811 1805 1800 1795 1790 1785 1782 1780 1778 1776 1773 1771 1772 1775 1779 1783 1787 1792 1796 1799 1800 1800 1800 1800 1801 1802 1803 1805 1808 1812 1816 1819 1823 1826 1829 1831 1833 1836 1838 1841 1844 1848
1971 1972 1972 1973 1974 1974 1974 1973 1971 1968 1966 1964 1960 1957 1956 1956 1957 1959 1962 1965 1966 1967 1967 1967 1967 1964 1958 1949 1939 1929 1918 1905 1892 1877 1861 1846 1832 1822 1813 1805 1798 1790 1784 1778 1774 1772 1771 1770 1770 1769 1768 1767 1766 1764 1763 1763 1763 1763 1764 1768 1772 1776 1779 1781 1784 1787 1788 1789 1791 1792 1792 1792 1793 1793 1794 1794 1796 1797 1799 1802 1804 1808 1811 1814 1816 1817 1819 1819 1820 1820 1820 1820 1820 1821 1822 1823 1824 1825 1827 1830 1832 1835 1838 1842 1848 1853 1858 1863 1867 1872 1877 1881 1887 1891 1894 1898 1902 1907 1910 1911 1911 1911 1913 1916 1917 1918 1919 1920 1922 1924 1926 1926 1927 1929 1932 1935 1937 1938 1939 1938 1938 1938 1940 1942 1943 1944 1945 1944 1944 1944 1945 1945 1946 1947 1948 1949 1950 1951 1952 1953 1953 1954 1956 1958 1959 1960 1959 1959 1960 1961 1962 1964 1966 1968 1970 1973 1975 1976 1978 1979 1979 1980 1982 1984 1986 1987 1988 1989 1990 1990 1990 1989 1986 1983 1978 1971 1964 1958 1951 1942 1931 1920 1911 1902 1894 1888 1882 1875 1867 1855 1844 1834 1826 1819 1813 1807 1803 1799 1795 1790 1786 1783 1780 1776 1773 1772 1772 1774 1777 1780 1786 1792 1799 1803 1804 1805 1805 1805 1804 1804 1804 1805 1808 1811 1815 1819 1823 1826 1829 1831 1833 1835 1838 1841 1844 1847
1965 1965 1966 1967 1968 1969 1969 1969 1967 1965 1964 1962 1959 1956 1954 1955 1956 1958 1961 1966 1969 1969 1969 1969 1968 1965 1958 1949 1938 1927 1915 1902 1888 1871 1855 1841 1828 1818 1810 1803 1797 1790 1784 1778 1774 1773 1772 1771 1770 1769 1769 1768 1767 1765 1764 1763 1763 1763 1766 1771 1774 1777 1778 1780 1781 1784 1785 1787 1788 1789 1789 1789 1790 1791 1792 1793 1795 1797 1800 1802 1806 1809 1812 1815 1816 1817 1818 1818 1819 1819 1820 1820 1821 1822 1823 1825 1827 1829 1831 1834 1837 1842 1846 1850 1855 1860 1865 1869 1874 1879 1883 1887 1892 1897 1901 1904 1907 1911 1914 1916 1917 1918 1920 1923 1925 1926 1928 1929 1931 1933 1932 1932 1931 1932 1934 1936 1938 1939 1939 1938 1938 1938 1940 1942 1943 1944 1945 1945 1946 1946 1946 1947 1948 1950 1952 1953 1954 1954 1955 1956 1957 1958 1960 1962 1963 1963 1963 1962 1963 1964 1965 1965 1966 1967 1969 1971 1973 1974 1976 1977 1979 1980 1981 1983 1985 1986 1987 1988 1989 1990 1989 1989 1987 1983 1978 1973 1967 1963 1957 1949 1940 1929 1920 1910 1902 1895 1887 1880 1871 1859 1848 1837 1829 1822 1815 1810 1805 1802 1799 1795 1791 1786 1781 1777 1774 1772 1772 1773 1775 1778 1785 1793 1801 1807 1809 1810 1810 1810 1808 1807 1806 1805 1807 1810 1814 1818 1822 1825 1827 1829 1832 1834 1837 1840 1843 1846
1960 1960 1961 1963 1964 1965 1965 1964 1963 1963 1962 1960 1957 1954 1953 1954 1954 1957 1962 1968 1972 1973 1973 1972 1970 1965 1957 1948 1936 1925 1912 1897 1882 1865 1849 1836 1824 1816 1809 1802 1796 1789 1783 1778 1775 1773 1772 1771 1771 1770 1769 1768 1767 1766 1765 1764 1764 1765 1768 1772 1775 1776 1777 1778 1779 1781 1782 1784 1786 1787 1787 1788 1788 1790 1791 1794 1796 1799 1802 1804 1808 1810 1813 1815 1815 1816 1816 1817 1817 1818 1819 1820 1821 1823 1825 1827 1830 1832 1834 1838 1842 1847 1852 1857 1862 1866 1870 1874 1879 1884 1888 1892 1897 1901 1905 1907 1910 1913 1917 1920 1923 1924 1926 1929 1930 1932 1933 1934 1936 1936 1936 1934 1933 1933 1935 1937 1939 1939 1939 1939 1939 1940 1941 1942 1944 1945 1947 1947 1948 1949 1950 1952 1953 1956 1958 1960 1961 1961 1962 1963 1964 1966 1968 1970 1971 1971 1970 1969 1970 1970 1971 1970 1969 1969 1970 1971 1972 1974 1975 1976 1978 1979 1980 1981 1982 1984 1985 1986 1987 1988 1988 1988 1986 1983 1979 1975 1972 1968 1963 1956 1948 1938 1929 1919 1910 1902 1893 1884 1874 1863 1851 1840 1831 1824 1816 1811 1807 1804 1802 1798 1794 1789 1783 1778 1774 1773 1773 1772 1773 1777 1784 1793 1803 1810 1813 1815 1815 1814 1812 1809 1807 1805 1806 1808 1812 1817 1821 1824 1827 1829 1831 1834 1836 1839 1842 1845
1953 1954 1955 1957 1958 1959 1960 1959 1959 1960 1959 1958 1955 1953 1952 1952 1954 1958 1965 1971 1975 1977 1976 1974 1970 1964 1955 1944 1932 1919 1906 1890 1874 1858 1843 1831 1820 1814 1808 1801 1795 1788 1783 1778 1775 1774 1773 1772 1771 1770 1769 1768 1767 1767 1766 1766 1766 1767 1769 1772 1773 1775 1776 1777 1778 1780 1781 1783 1784 1785 1785 1786 1788 1789 1792 1795 1798 1801 1804 1807 1810 1812 1813 1814 1814 1815 1816 1816 1817 1818 1820 1821 1822 1823 1826 1830 1832 1835 1839 1844 1848 1853 1859 1865 1870 1873 1877 1881 1885 1890 1894 1897 1901 1904 1907 1910 1912 1916 1921 1925 1928 1931 1933 1934 1935 1935 1936 1936 1937 1938 1937 1936 1935 1935 1937 1939 1941 1942 1942 1942 1943 1943 1944 1946 1948 1949 1951 1953 1954 1956 1958 1960 1963 1966 1969 1971 1972 1972 1973 1974 1975 1978 1980 1982 1984 1984 1983 1982 1983 1983 1983 1980 1978 1976 1976 1975 1975 1976 1976 1978 1980 1980 1980 1980 1981 1983 1985 1986 1987 1989 1989 1989 1988 1986 1984 1982 1980 1977 1973 1966 1958 1949 1939 1929 1919 1910 1900 1891 1879 1867 1855 1844 1834 1826 1818 1813 1809 1806 1803 1800 1796 1792 1786 1780 1776 1775 1774 1773 1773 1777 1784 1795 1806 1813 1817 1818 1818 1818 1816 1813 1809 1806 1805 1807 1811 1815 1820 1823 1825 1827 1829 1832 1834 1837 1841 1844
1946 1947 1949 1951 1952 1954 1955 1955 1956 1956 1956 1955 1952 1951 1951 1952 1954 1960 1968 1974 1977 1978 1977 1974 1968 1960 1950 1939 1926 1913 1898 1882 1867 1851 1838 1828 1818 1813 1807 1801 1794 1787 1782 1778 1776 1775 1773 1772 1771 1770 1769 1768 1767 1767 1767 1767 1768 1769 1770 1771 1772 1773 1775 1776 1777 1779 1781 1782 1783 1783 1784 1785 1788 1790 1793 1796 1800 1804 1807 1809 1811 1812 1813 1814 1814 1815 1815 1816 1817 1819 1820 1822 1823 1825 1829 1832 1836 1839 1843 1849 1854 1859 1866 1872 1878 1881 1884 1888 1891 1896 1899 1901 1903 1906 1909 1911 1914 1918 1923 1928 1932 1935 1937 1938 1938 1938 1937 1937 1937 1937 1937 1937 1937 1938 1939 1941 1943 1944 1946 1947 1948 1949 1950 1951 1953 1956 1958 1960 1962 1965 1968 1971 1975 1979 1982 1983 1985 1985 1986 1987 1988 1991 1994 1997 1999 1999 1998 1998 1998 1999 1997 1994 1990 1987 1985 1983 1982 1981 1981 1982 1983 1984 1983 1982 1982 1983 1985 1987 1989 1991 1992 1992 1992 1991 1991 1991 1989 1987 1982 1976 1968 1958 1949 1938 1927 1918 1907 1896 1884 1871 1859 1847 1836 1827 1820 1815 1810 1807 1804 1800 1797 1793 1788 1782 1778 1776 1775 1774 1774 1779 1786 1796 1807 1814 1818 1820 1821 1820 1819 1815 1811 1807 1805 1807 1810 1814 1818 1821 1824 1825 1827 1830 1832 1835 1838 1842
1939 1939 1941 1943 1945 1948 1949 1951 1952 1953 1953 1952 1950 1950 1950 1952 1957 1963 1970 1975 1978 1978 1976 1971 1964 1954 1943 1931 1918 1904 1890 1874 1860 1845 1834 1825 1817 1811 1806 1799 1793 1786 1781 1778 1776 1775 1774 1772 1771 1770 1769 1768 1767 1767 1768 1768 1769 1770 1771 1770 1771 1772 1773 1774 1776 1777 1779 1780 1780 1781 1783 1785 1789 1792 1795 1798 1802 1806 1809 1811 1812 1812 1813 1815 1816 1816 1816 1816 1818 1819 1821 1823 1825 1828 1832 1836 1840 1844 1850 1856 1861 1867 1873 1880 1886 1890 1892 1895 1898 1901 1904 1905 1906 1908 1910 1912 1915 1920 1925 1930 1935 1938 1941 1942 1941 1940 1939 1938 1938 1939 1939 1940 1941 1941 1942 1944 1946 1948 1951 1953 1955 1957 1958 1959 1962 1965 1968 1970 1974 1977 1981 1985 1989 1993 1996 1998 2000 2001 2001 2002 2004 2007 2010 2013 2015 2016 2015 2015 2016 2016 2014 2011 2006 2002 1998 1995 1992 1990 1990 1990 1991 1991 1989 1987 1986 1987 1989 1991 1994 1996 1998 1999 2000 2001 2002 2002 2000 1998 1993 1986 1978 1968 1958 1946 1935 1925 1914 1902 1890 1876 1863 1851 1839 1829 1821 1816 1811 1807 1803 1800 1797 1794 1790 1785 1780 1778 1777 1776 1777 1781 1789 1798 1807 1814 1818 1821 1822 1822 1821 1817 1813 1809 1806 1807 1810 1813 1816 1819 1822 1823 1825 1827 1829 1833 1836 1839
1931 1931 1932 1935 1938 1941 1944 1947 1948 1949 1950 1950 1949 1949 1950 1953 1959 1966 1971 1974 1976 1975 1971 1964 1956 1945 1934 1922 1909 1896 1881 1866 1853 1840 1830 1822 1815 1810 1804 1798 1792 1786 1781 1778 1776 1775 1773 1772 1771 1771 1769 1768 1767 1767 1768 1768 1769 1771 1771 1771 1771 1771 1772 1773 1775 1776 1777 1778 1779 1780 1783 1786 1789 1793 1796 1800 1804 1807 1810 1812 1812 1813 1815 1817 1819 1819 1819 1818 1820 1822 1824 1826 1829 1834 1838 1842 1846 1851 1857 1864 1869 1874 1880 1887 1894 1897 1899 1901 1903 1905 1907 1908 1908 1909 1911 1914 1917 1922 1927 1932 1937 1940 1943 1944 1944 1943 1942 1941 1941 1942 1943 1944 1945 1946 1947 1949 1951 1954 1957 1961 1964 1966 1968 1970 1973 1976 1980 1983 1987 1991 1995 2000 2004 2008 2011 2014 2016 2018 2018 2020 2022 2025 2028 2031 2033 2033 2034 2034 2034 2034 2032 2029 2024 2019 2015 2010 2007 2004 2002 2002 2003 2002 2000 1997 1995 1995 1996 1999 2002 2005 2007 2009 2012 2014 2015 2015 2012 2009 2003 1996 1988 1977 1967 1955 1943 1933 1921 1909 1895 1881 1868 1854 1842 1832 1823 1817 1811 1807 1803 1800 1797 1795 1792 1788 1782 1779 1778 1779 1781 1785 1792 1800 1807 1813 1817 1820 1822 1822 1821 1819 1815 1811 1809 1809 1810 1813 1815 1817 1819 1820 1822 1824 1827 1830 1833 1837
